case,Bond 1,Bond 2,Bond 3,Bond 4,Bond 5,Bond 6,Bond 7,Bond 8,Bond 9,Bond 10
1,-0.3892051166,1.1578214056,0.0944038272,0.3471900423,1.1101905063,0.6584774459,1.0467667121,-0.4733484647,-0.6524181286,-0.1115044923
2,-0.7436718243,1.2128351497,-0.5211070200,0.8651845912,0.4934808788,0.5408064806,0.1146112131,0.8047089106,0.6539569576,0.2191428500
3,1.0929463384,-1.0385714473,0.3896504228,-0.4916591895,-0.7036016355,-0.1808303825,-0.7909946893,0.1224405758,-0.2193138276,-0.4709478327
4,-0.4341958730,1.9155000488,-0.9390707998,-0.4053383896,-0.0503258291,1.3117308720,-0.8812355974,-1.6061502492,-0.9102971258,-1.0652617545
5,-1.8599870992,0.7506175653,0.2224587978,-0.7834189695,-1.5263177255,-0.7853115376,-0.8346346479,-0.0797037065,-0.8323770156,0.2858457571
6,-0.9889992589,0.8400443275,-0.0123990400,-0.2250749868,-0.5272639951,1.5757521991,2.1505610878,-1.1115641920,-0.2886551424,-1.1891091475
7,0.1824141983,2.5256253986,2.4366611898,0.0658155914,0.0436393305,-0.9794986621,-1.1656839946,0.2774159293,0.5721707542,0.6314609753
8,0.0012540824,0.5461611327,-1.2245455356,-0.8799938392,-0.6068161960,1.4799410765,-0.3668776615,-0.4092330414,0.8334471571,-0.5100694259
9,-0.1745178065,-0.9252291974,1.0322113182,-0.2431783074,0.6429619230,-0.0843168591,-0.4738306980,-0.1611430881,-1.2560319991,1.5574842524
10,1.2427490978,-1.2554048115,1.0855786429,-0.9128999954,0.0267842907,1.6927249478,1.8710602363,0.2054102096,1.0689602184,0.6314684759
11,-0.3663651652,0.6378089665,0.8268661955,-0.2772360453,1.0565534573,2.2067925119,-0.6308556672,0.3058337724,-0.9010499940,0.1716398007
12,0.9913378591,0.5243261274,-0.5758987549,-0.2099966761,1.5505879593,1.2715390587,0.0307325812,-1.0144090210,-0.4934313430,-2.0888189525
13,-0.3296879635,0.9477765832,0.1813150458,1.3266592998,0.0864841210,-0.0126017823,2.7417321543,-0.9663384673,-0.2356418466,-1.2411650546
14,0.6501935687,-0.7731330207,-0.8823732776,-1.7008274470,0.7855504757,0.6418582857,-0.4570627944,0.8239134788,0.5292879320,0.6803007994
15,1.0594472000,0.3142543022,0.5076241518,0.3469237576,0.8501737380,0.6235668632,-1.1731554388,-0.8826505344,-0.8788222217,0.2458937920
16,0.0935792822,0.0435793352,-0.5376958141,-0.9437207836,-0.4212156485,-0.7135462959,1.0166489975,0.8630386049,-1.0840397238,1.0243782861
17,-0.5787198846,0.8107378295,-0.9410973138,0.2623601314,-0.6585495894,-0.0734647167,-0.5871198164,-0.5874606252,0.5131634327,0.6775780780
18,-1.0862176140,0.2058815667,-0.4490093263,0.1783528216,-0.3311188621,1.3793391114,-1.1521682558,1.1132440819,1.5416746997,0.4609731227
19,-0.6682707456,-0.1127123484,-0.6137894618,1.8244777923,-0.0656535324,-1.0512152276,0.7250360330,-0.3169416288,1.1615180714,-0.0149544651
20,0.3458892349,-1.0098475954,-2.0979122616,0.2364314764,0.4042187764,0.1069688491,0.6464750597,-1.0293463422,0.6900770084,-0.1142377783
21,0.3197285862,0.1275611025,0.3731071050,-0.7031580006,-0.4077726350,1.2663873946,1.4810012526,-0.2459426773,-1.2037185903,0.4702709385
22,0.2756799341,-0.1869921436,-0.0687292084,0.0354298608,0.6550571395,1.1559192174,-0.7297988811,-0.7850986160,0.4463897589,-0.0066381669
23,0.1534167837,1.2832422220,-0.6189718088,-0.9568382026,1.0276072348,-1.2069124562,1.3570483320,1.5073239962,-0.6635045434,-2.6217418930
24,0.5908278219,0.8351774651,0.6715287656,0.1794548588,1.2792815045,0.8483054703,0.4418808833,0.7979256451,-0.6133253237,1.6829318708
25,1.7314733703,2.2727215480,0.1787090142,-1.4855448288,1.0575844924,0.7977402130,0.0028034230,1.5770271454,-0.9090948702,1.7080946039
26,-1.4693367814,0.0551967217,-0.8588442660,-0.4101547983,0.3060065503,-1.5494009288,-0.5417465872,-0.0201432398,-0.4305742758,0.2575891692
27,0.5876073023,1.2260794173,-0.0551338877,-0.5678465160,-0.6945179531,1.1849686805,0.5591752103,-1.5817057864,-0.0605690392,1.4954600144
28,0.8586192258,0.0810398333,0.1889865458,0.0604912047,-1.9306240178,-1.0267203297,2.1764099015,0.9708369882,-0.2532191300,-0.7772202905
29,-0.2186983695,-0.1243166943,1.3686565872,-0.0674552588,-0.2729735096,0.2762177663,1.5559737165,-0.9842446898,-1.4184010041,-0.3402419536
30,0.4522863183,0.1277906589,0.9036462407,0.4806618807,0.3322879801,-0.8906759988,0.3235869414,-0.3295939818,-1.4022464103,0.2746892590
31,2.2967705318,-0.3166344876,-1.4866526086,-0.5725097051,-1.4756892797,1.1571614422,0.9307873752,0.3878193592,-1.7479510829,0.5019282803
32,0.7937543494,-0.1926103324,-2.1346843542,1.1309375884,0.9992152417,-0.3579959060,0.0977754483,-1.1016354822,1.0596400960,1.4009523248
33,0.0444068336,-1.3138022170,-0.4447679254,0.7028332206,1.5907431344,-1.2726815392,1.1144825971,0.8121092360,-0.8503661940,0.7775950101
34,0.0044241784,0.9777564631,0.0104541501,0.3466710040,1.3523697917,0.9953667955,0.7662101935,1.2456963553,0.4858335812,1.3900891260
35,-0.7301149914,0.9208507641,-0.5619484763,1.7783160235,1.7810602343,-0.0917573801,0.8764181514,0.9683470616,1.5101431205,-0.7514371365
36,-0.0046462232,-1.1814793350,-0.1250352747,-0.0550351874,0.4081587500,-0.9025306534,0.2261414427,0.9504897373,0.2732144231,-1.2368234753
37,-0.6470440058,-0.8110670331,0.8756106288,0.5460879734,-0.4223269920,-0.0111681874,0.9328040084,0.2099306306,0.7767013968,0.0853103484
38,0.2371171565,0.4084205150,-0.5930589249,-0.4801173913,1.2406548473,1.1255145180,1.8956629091,-1.5482337274,-2.1805772154,1.7162112494
39,-1.0433267807,0.0848152857,-0.8614513858,-0.6355140411,0.7131816535,0.6905295778,-0.3970151357,-0.1836482141,0.5169622727,-1.0585895550
40,-0.0538045618,0.9544728074,-0.6982204464,1.2958104499,-1.5690389143,-0.5291823562,0.1179940054,-1.1101717059,0.5886197020,-1.1379620074
41,1.7781501338,-0.0886901987,0.1702937796,0.3205275937,1.0746740710,-0.9314062931,0.7669291860,-0.8750868694,-1.0608665316,1.5009284406
42,-0.8522748601,-0.5432252502,-0.2012067332,-0.1869134384,0.0555714278,1.3095484948,0.0552168017,-0.6694777423,-0.2146903828,-0.3493149975
43,-1.1180647420,-0.7434404182,0.4686607257,0.1081865992,0.9544958472,0.1616810999,2.0714081110,1.0439207775,-0.9677907692,-2.1531792918
44,-0.1944245146,0.0979151502,-1.2828137078,-0.9827055274,0.4217666665,-1.9426990288,1.4587099903,-0.5564353723,0.3025799511,0.3172618677
45,0.1952375179,0.3277449624,-0.9741410727,0.0566591789,-0.1591082540,1.6832907166,1.7575699680,-0.4808651625,-0.8128784471,1.5495467371
46,-0.7814503168,-0.0081000166,0.2348268266,0.4085443595,-0.2493801609,0.4302072577,-1.0025529375,-1.2883705748,-0.6775393075,1.1130601058
47,0.4700261355,1.8278989139,-0.4950576525,0.4608145227,-0.5440523651,0.8972322587,-2.4807968342,-2.3903591199,-0.7054179400,-1.9304669313
48,1.5444409096,0.0711409828,0.7172718707,0.9595143245,0.8027419121,0.0448973168,0.3451554000,0.2625147139,2.2142209566,-1.0331626338
49,-0.1491237024,-1.4553596068,0.5398715718,0.5293717972,-0.9604412158,-0.8314878036,0.4298723373,-0.1671924777,0.8774646664,-1.0020889601
50,0.4913847751,0.0148346138,-1.0795303866,0.8925405437,-0.7129474531,-0.8302904951,0.5519801960,-0.0728186195,1.2079354520,-1.8398699135
51,0.9353157500,-0.9053476465,0.2906885643,0.1092080091,0.7775668163,-0.5710513188,-0.5790304769,0.1473737092,0.5873270880,-1.4515213069
52,0.8743882076,1.6890992638,-0.5514051929,0.2649819682,-0.2724043374,0.9118042135,-0.3967353635,1.9465907750,-1.0589799034,1.1967395435
53,1.4452441953,-0.6874972944,-1.8360015037,0.3326240227,0.7346769565,0.7713349453,0.0238677982,1.1337674441,-2.1175908375,0.2563344400
54,-0.9788860852,1.2945606945,1.6284417910,0.1221196705,-2.5123911230,0.5524785214,0.0949241515,0.8156330336,-0.3952836914,1.2978586557
55,-0.3429465545,0.2434899751,-0.6694883730,2.3146074285,0.5344564878,-0.9374944957,-0.6700853772,-1.1026293037,-1.9981877153,-1.4927271159
56,-0.9654626887,-0.7534086473,-1.9647684302,-0.8111210589,0.8250481988,0.3546181255,0.4274067753,0.5129199233,-1.7109401837,-1.4148288211
57,0.2528636762,-0.2957022183,-1.9802274268,-0.0139430475,2.2182475052,-0.9458531388,-2.3522222089,0.3859453606,-1.4727790408,0.2959725886
58,-0.2961811638,2.0628825162,-1.8686996762,0.2720080409,0.0116584153,0.2998743325,0.5547630516,0.1587004563,-2.1938755004,-0.1371507029
59,0.5355972441,-1.5228305406,-2.9530754466,-0.8214665699,-0.1092289183,-1.2333560352,2.0113826553,1.0241989412,-0.2952234068,0.3498501786
60,-0.1015600582,1.0548440248,1.9903005800,-1.7477747003,-0.8351089166,-0.2454121353,-1.3315811362,0.6168079762,0.2389858609,1.1936720087
61,-0.1833358757,2.4136567692,1.1930780963,1.4228309720,0.9382989778,-0.8393941045,-0.3838421452,-0.4555492915,0.1599317239,0.7014386798
62,-0.3335035100,0.0981722450,0.4338380800,-0.1580468282,1.1430669024,1.2020436721,-0.1803068793,-0.0534140682,-0.1288092904,1.3331901455
63,0.9348951070,-0.1286705897,0.3004747011,0.4943389141,-0.9661672698,0.1534270131,-0.5456140210,1.0235640422,-0.2560998633,-0.4846603250
64,1.1696603025,-1.3683969098,0.9357194966,-0.5150180170,0.9915933464,-2.6554339415,1.3435892002,-1.3933642123,0.1591099651,0.9301401693
65,1.2540059862,-1.8436737170,-1.1175273309,-0.5415474500,-0.5756169496,-1.4876468412,-1.2119857946,-0.6592777827,-0.4532582870,-1.1415643711
66,0.4088600426,-0.1480559467,0.6878418664,0.2478979442,1.6861914875,0.4033461570,1.4377839633,-0.9159796774,-0.7483032373,-0.4422843549
67,1.2515215594,-0.3421104103,0.4345360214,-2.0256571474,-1.2076837525,0.6857948858,-0.3919175797,0.5905179263,1.7134788261,-1.4243382366
68,-0.4855266334,-0.7183853604,-0.1658738727,-0.2214359399,0.1836202944,-0.2528567014,-1.4047706609,1.4546150707,0.9404482638,0.3387397563
69,1.7251029433,-0.9286720105,-0.3762677225,0.9338266753,-1.9731738772,-0.7965683149,-2.1974403131,0.1728838713,0.3196880829,-0.4735073599
70,0.2066351393,-1.1185026557,-1.1453013653,0.9297818766,-0.3473803936,1.4926555929,-0.4810704409,-0.3678987442,-0.1670018935,-0.5899642173
71,-1.1394479682,-0.1798470876,2.7966192112,0.9565375464,0.3029949096,-0.0025385654,0.3380155383,-0.8222039786,1.9149375987,-0.4313692575
72,1.3343317433,-0.0691258800,-0.8824558780,-1.4209267057,0.9239953199,-0.9262516082,0.7648642348,0.0109568466,-0.2732093723,0.6310121918
73,-0.4506943186,0.7616151439,0.6536455149,-0.8493074131,0.2993895056,1.5006926734,-2.2556769660,-0.4016815627,0.2067423868,0.2713769834
74,-0.7166165230,-1.1500204245,-1.4286507726,1.2530748547,-1.2503589226,-2.7529834868,-0.1562004599,-0.2704950100,-0.2595213040,-1.3719532199
75,1.3757350153,0.0491149791,1.0864279018,1.5891786116,0.7806891429,-1.2156636049,0.3779009890,0.2768594234,0.2325978560,-0.9051840330
76,0.2076559724,-0.6663729502,-0.8272846845,-0.5282755032,-0.3830278461,1.1578928952,0.0784778600,1.9737532417,-1.7826593861,0.1149767992
77,-0.2991652400,0.3028450027,-0.1528883587,0.5593022802,-1.0182484400,0.8629146230,-0.6334910533,0.8734107491,-1.4188911966,1.6280245940
78,1.2411387931,-1.7661965419,-0.6744253116,-1.7157618087,0.6750744532,-0.4669074760,0.0612782846,0.6268190286,0.8922237574,0.8879133427
79,-1.3433385367,-1.1380357381,0.3867550633,-0.1080540730,0.9014320059,1.2350063730,0.6220594186,-0.2431339163,0.1730148606,-0.6860525861
80,-0.1130490459,0.6600606343,-0.4600496039,1.3647737663,-0.6182957739,1.4606482021,0.1438400297,-1.1500108574,0.1814034912,0.5180847916
81,-0.4122388712,1.3111854452,-0.4492569900,0.3946633407,0.4985135428,0.2693521526,-1.6358310248,-0.8722047245,0.3909649211,-0.2219363539
82,1.5239919774,0.6462944419,0.4046892196,0.1927397751,1.0657018991,-0.2648519439,0.2461599014,0.0268287450,0.2323304494,-0.0884158942
83,-1.9781378191,-0.5272216883,-0.8233595477,0.8228830193,0.9463216786,-1.2538104266,0.6151609342,1.9447756994,-1.0606670561,-0.3500911771
84,-0.8341224321,0.3784573626,0.7998111785,-0.9308406379,1.5591028684,0.5920159525,0.5134451813,1.8466958988,0.7144914254,2.6602567796
85,0.6182102254,-0.9073843218,0.1621398077,0.9684983212,-0.0740290673,-0.5849562701,-0.2048362503,0.8673304541,2.7532834180,1.2291052390
86,1.6211141195,-1.0768094830,0.5400216916,-0.4677772766,-1.1382492998,-1.3067581228,1.3201458344,1.1922387250,0.5084722010,-0.9590133386
87,-0.4856910262,-1.2871719962,0.2843912719,0.8429166926,-0.8604686312,-1.9636241948,1.4206709226,0.7764055885,-0.0236280296,-0.4482484705
88,-0.0347639176,0.0352888949,-1.6169870046,1.0771374248,-0.6475688836,-0.3134135374,-0.9929143979,0.3722965514,-0.8241155625,-2.4870560044
89,0.9352359778,-0.1657469277,-0.1863597882,-1.1330533098,-0.4625630288,0.1974618878,1.5876401689,0.7825317778,0.0480934845,-0.5255457970
90,1.2637488283,1.2829299961,0.0085569836,-0.2085826215,0.6931296809,0.1052803662,1.2618931284,0.2371506648,0.8662762657,-0.6216381439
91,1.2430808527,-0.1069751310,-0.2614947406,0.8498012163,-1.0631493774,0.5373412977,-0.6457839108,-1.1991483864,-1.9395993684,1.4203147176
92,-0.2392586478,0.9984835013,-0.0636067117,1.2183102459,0.9664584781,0.4328345652,-2.1543797192,2.0221002409,-2.2751520193,-0.7860726984
93,0.3414898454,-1.5278126985,0.0407082991,0.3716635644,-1.1601283838,-1.2745391596,0.6528175544,0.4881575890,-1.5855979859,1.7494017999
94,2.2613643351,-2.3709241507,-2.9974578595,-0.0946136024,1.0568871375,0.9157320407,-0.7919459917,-0.8181593270,-1.4960711529,0.5494544361
95,-1.2062332740,-0.9241354074,2.1425003310,0.7832628462,-0.8184574908,1.1968952271,-0.4805492895,0.8304851585,-0.5698818291,0.2601465512
96,-0.3049014699,-0.1886146921,0.1242075006,-0.3483121695,-0.5556666437,-2.6390679454,-0.5233126614,0.2281045996,-0.8972701120,-0.7212803820
97,-0.4745786754,0.7457711676,1.1575345481,-0.5539905531,1.7344959746,-0.8635874072,1.1470534801,-0.4861838300,0.8409349535,0.4893027740
98,0.0919482021,1.3913801626,0.2269014564,0.3202902177,0.9751020191,0.1139124585,-2.8126938734,-1.7028191189,1.1673643949,1.1700961303
99,1.7066571845,-1.7869591382,0.4137222380,-0.2552780032,0.2311661738,0.3640495818,-0.1148643837,-0.5328829043,-0.8333741909,-0.3833777212
100,0.0429550597,0.0304237075,0.2813318664,0.6130509613,-1.0204382260,-0.8884588877,0.5394274550,-0.6104619832,-1.9089511910,-0.1995356635
101,0.5106831632,-0.9891986741,-0.2261858507,-1.3314949669,2.2915920985,0.5612521688,0.6832028639,0.2393396781,-0.8816129635,-0.2964113995
102,1.9563690821,1.7957544334,0.4102008768,0.4888095361,0.2325869745,-0.4241782345,-0.2392611818,-2.0097770999,0.8438243197,1.3274750272
103,-2.0800931711,2.2981589356,-0.1447472346,0.4670227954,-0.3254250108,0.9467840012,-1.2136159334,-1.4279962819,-0.6198577283,-1.5375859499
104,0.7132661873,-1.4149733445,1.5886137644,2.2223098252,0.5899944609,0.7960731774,0.3107622613,0.8568362924,-0.4495600283,-0.5896025810
105,0.8835782717,1.0959305915,1.6585894451,-0.0751026247,-0.5771319286,-0.6388908337,1.8830474324,1.0772897838,1.7071612680,-0.8102674229
106,-1.0619134847,-0.0139480116,0.7044649564,0.8118716865,0.6703685845,0.2869603479,-0.7481892987,1.2078172302,2.1759975340,0.8761028692
107,-0.0784837309,-0.0028434352,-0.3286782641,-0.3557766759,1.0768776071,0.5017451413,-0.5871504161,1.3851755225,-1.2776548439,0.5600028922
108,-1.1561794545,0.9436229195,0.2601473360,-0.9303366145,-1.4759126281,-0.7158308932,-1.4228469295,0.8140651412,1.1222912746,1.6076686229
109,-0.4524651254,0.9895943744,0.6176287526,0.7697688242,-0.1479114513,-0.2574415208,-0.3088571535,-0.0560071176,0.8667332929,-0.2094288863
110,-0.4901221082,0.5178797977,1.3797998184,-1.9133699437,-1.6179142815,1.7805468599,0.3429979999,0.3503500159,1.1052913686,0.4416488001
111,-0.7780930658,0.4717322087,-0.1696806243,-1.2738104355,1.1871964064,0.1680484942,-0.0916906944,-1.3412950175,0.4651270633,-0.6848250105
112,0.7945332237,0.3000317244,-0.3283764066,-1.5199185610,0.2105078904,1.2710971747,-0.0277677293,-1.1138528548,1.3162702575,-0.2353866219
113,-1.1502098125,-0.0997212673,0.2437631101,-0.5750786167,0.1767500532,0.9640651970,0.0119075006,-0.4558154336,-0.0542610430,-0.4482140414
114,-1.2835082311,-1.8545385699,1.4210159396,-1.3178850955,0.1151703557,0.3951212415,1.4909359857,-1.4460117091,-0.0103613626,-1.8747731840
115,-1.0686825631,1.4300383397,0.7778592059,1.2034326661,0.7286371939,0.2120342941,-0.2568248519,1.2369344066,-0.7600803824,-1.1704239445
116,-0.3579580294,0.4102070084,1.9378177661,-2.0082796918,-0.1399253650,2.1319165237,-1.1561422693,-0.3219354042,-0.6011511185,-0.9799911557
117,-0.7149884989,0.8983051461,-0.2307665439,0.8408686816,-0.1340732278,1.3259735769,0.5586951424,0.8587417504,0.4081889424,-1.5888377479
118,-1.3294015584,-0.9698240955,-1.3894870232,1.8152435347,0.2785162161,-0.3137726667,0.1300203651,-0.7309147052,0.2959443405,-0.5548227818
119,-1.0417952132,-1.6277668398,1.1831281209,0.0645549238,-0.5201910510,-1.1465300941,1.5538552036,-0.8938610141,1.5985320527,0.1314667048
120,1.0701697760,-0.5357649887,0.8433297371,0.6071691356,0.5610667472,-0.4297262943,1.0769809174,-1.8816421860,-1.4690695029,-1.6619810932
121,-0.1328751056,1.4480921307,-1.5776071508,-0.5632969616,0.1132441571,0.5221726526,0.9875255592,1.8498634600,-1.6629060873,-0.0238141256
122,-0.0194305653,0.2000719345,2.1945827137,-0.9368016106,0.9415412360,0.2376363065,-0.4384422748,-0.9206930764,0.1889926824,-0.5950201880
123,1.6375879766,0.5938105090,1.1399384920,-0.6955672778,0.3059062744,-0.2952311794,-0.5221766924,0.6801198598,0.3249194736,1.0308079626
124,-1.2664579598,-1.1263416867,-0.9603704808,0.3876248226,-0.0304626928,1.1277520079,1.0205150186,-1.4140469456,-0.1770030824,-0.7583122902
125,-0.4218543706,0.5702621865,0.6182735184,1.0715584800,-0.1442635628,-0.2145230403,0.4524089465,0.2164909423,-1.0304393877,-0.0133272855
126,0.3238249760,1.9785463350,-1.6830677192,-1.2187045206,-1.0639058406,-1.5090970431,-1.2443726931,-0.7308909654,0.0897316286,-0.6259589501
127,-0.3058302798,-0.0952998937,0.2761573189,-0.3898632057,0.1313287921,-1.9591652147,-2.1548823267,0.3166721690,-0.6023629022,0.1261920202
128,-1.1432001544,-0.3613052774,-0.7238936589,0.2942233438,0.8867693262,0.9279323769,-0.8890886132,-0.1910774878,0.3748492701,-0.1470376353
129,-0.3186959862,-0.1868646996,-0.6369608766,0.2923223482,0.7636748947,1.8420197966,1.0409351027,-1.6398051099,0.7145243613,0.1874246379
130,0.8340660888,-2.3681341581,0.6122818947,0.0057589907,-0.2256379231,-0.9089920531,-0.4032116530,0.4361210980,0.6118162259,-1.6509059179
131,-0.2794626262,0.0861447128,0.6524972591,0.3930045903,-0.8671191891,0.8406086077,-0.1246910700,-1.1924578836,1.2598153490,0.4152203735
132,-0.0949860377,-0.9057707715,1.1899867974,-0.6001243709,-2.3426340583,-0.9832966677,1.0188807319,-0.6206878110,-0.0417745598,-0.9835137643
133,-1.5224269984,0.7141546762,-0.1218303970,1.3015625642,1.2662454948,-2.2560209979,1.1149204798,-0.3624102533,0.9567072118,-0.3466640559
134,0.1122344917,-0.5428900935,0.8976606846,0.8007502893,0.6890948263,0.9177700824,-0.0280565780,2.2607171527,0.4229911678,-0.6570268769
135,1.8883328128,0.2777663501,0.3424952845,0.3608252068,1.5574695482,-0.0552642532,-0.4635888615,-0.0753910912,0.5997910442,-0.7556499205
136,0.3402576251,1.4149992985,1.0695401303,-0.0265741833,-0.4886091916,1.1279260310,-1.3559447436,-0.2124212654,-0.2018453722,1.1860178162
137,-0.1064583085,-1.3438642424,-0.1659665399,0.5780716334,0.2184201781,-0.2522987888,-1.0217572962,-0.1958389138,-0.0977297216,0.2342621358
138,1.2774399653,-0.0742013355,0.0956099821,0.5812279839,-0.0536552366,1.1868638277,-0.5378317398,-0.2956968279,-0.9253180563,0.6459701500
139,-0.9971954466,1.5827682498,0.4771398642,0.6503590510,-0.6995260045,0.3059763430,0.9109921048,-1.0189279686,0.2764867213,0.3549317185
140,-2.4452083334,-1.7259023428,-0.5057756653,-0.6679009036,-0.0553035371,-1.1702358180,-1.8849339165,0.4101558712,1.4436752129,-0.7695755208
141,0.6665305891,0.8432012658,-0.2609940476,-0.9889275722,-2.0071374785,-0.8600115312,2.2268500727,0.3456049651,1.0511496761,-0.2708338043
142,1.4771987929,0.2348194383,-0.3045089859,-0.2654370670,-1.5534130938,0.5201392858,0.0408692725,0.0365380427,0.1106425435,0.8822943360
143,0.3858944820,0.3947695173,-0.0157785848,-0.3419538466,0.1718870508,-0.6610943799,0.3600061517,0.2514826273,-0.2587254274,-0.0438348066
144,-2.8007342917,-0.3606415291,-0.5066660424,-0.1434510482,-0.1701125321,-0.9414630041,0.2309844655,-0.5196684634,0.1015779175,0.5013755692
145,0.2999836636,0.3745994413,0.2495900801,0.5558144590,-0.7692530878,0.6688710392,0.7562803338,0.1598430576,0.1149532820,-0.2067209796
146,-0.8350811293,0.6921323899,-0.3767487408,-0.0044225932,0.1367600403,-0.6300111831,0.2764087710,-0.5204577265,1.3358167841,0.0940546903
147,0.1698867753,0.0393959821,-0.1160442527,-0.7125540721,-1.1610408581,0.6911714218,-0.4577254793,2.0071932368,0.2043776371,0.3009349617
148,-1.1130508553,2.6320181272,-2.6686130740,0.2298384256,-1.3089298620,2.5011441589,-0.8010133433,0.0807112391,-0.0933208158,1.2730923288
149,1.1474085367,-0.4724785236,0.4338187355,-0.4033466572,-0.8768922274,-1.2602069603,-0.5798329797,-0.9353580778,0.4535879068,0.5010426647
150,0.3086990212,0.2143874479,-0.9733748042,-1.0166904719,0.7569074097,0.8219488943,-2.1110600970,-0.6263523476,-0.4869131470,-0.0106802979
151,-1.5390611874,0.3642929986,-0.4842220289,1.1365638346,-0.5492702552,2.5680108692,0.8734243990,-0.0436360274,0.1064210563,-0.2202429862
152,-1.0820439574,-0.1325331873,1.3517178699,-1.4107626609,-1.4939255034,0.3013804338,1.6823206514,1.7919846661,0.8916818838,0.1862898371
153,-0.3516905112,-0.8449229223,1.0405321570,-0.4161220471,-2.4666450423,-0.2389870463,-0.4523434820,-0.8596581714,-1.3663832237,-0.8752530183
154,-0.5185202950,0.7742164746,-0.4826919691,-0.4761509721,-0.0794455689,-0.4755988036,-0.5873648101,-0.0518720989,-0.4921589061,1.3357174740
155,-0.8885774854,-1.2474577118,-0.7423654506,0.7778258913,0.6101506566,-1.0679616904,0.9029872564,2.4907592180,-1.0170917050,1.6677983524
156,-0.1933271495,0.2292987360,-0.2671956436,0.1457239365,0.1722135905,0.0330928817,0.1165513119,-0.9645087898,0.2944825456,0.3660483680
157,0.8065690959,-0.0677174722,-0.0620253293,-0.8957602501,0.3453221660,0.9484912761,-0.2596413345,1.4269561538,0.0936067358,-0.8481509666
158,1.1196294539,0.8561327486,0.3736879308,-0.6100622737,-0.6049757162,1.8388294379,-0.1979982844,-0.2417167107,0.1102754540,1.2251795156
159,-0.4102896137,-0.2828193236,-1.4578326946,-0.9691468429,0.5671367320,0.7384679748,-0.5334061400,0.8624432239,-0.0738746853,-1.1249923293
160,0.3788285041,-0.6786274539,2.2259328954,-0.7414781597,-1.3298416084,-1.1596557574,-0.2976164611,0.0498684682,0.4046763496,-0.1054413299
161,-0.1308823438,0.0236921237,0.3714477103,0.5738043313,-0.3802531344,-1.4636711190,-0.7065739844,-0.4241729717,-1.0333881698,-0.5776145861
162,0.7064264256,1.1133739972,0.4231932719,-0.2305825400,0.8981672876,-0.7867465518,0.0225005302,-0.2812219748,0.3208366837,-0.2760728311
163,-0.8025956262,0.1942197778,0.1955199147,-1.0577197850,-1.1744212542,-1.1978827888,-1.0450771180,-0.4033129184,0.1735360921,0.3990738674
164,1.4253357199,-1.2855179656,0.0295352674,0.2759028626,-0.0533674509,-0.6072634301,-0.7919338988,-0.5785137709,0.3081087103,-1.0821993853
165,-0.3793113214,0.3398231187,0.2484550605,0.3661358901,0.7677075357,-1.4621019613,-0.6186222254,0.4990668420,-0.9695006103,0.9960657799
166,-1.6617228186,1.8112608189,2.3715797522,0.0147637250,1.2966542062,-1.6933661540,1.2597405430,-0.5738403388,-0.7605215078,1.5807604094
167,0.2320259413,1.4434329195,-0.8002714746,-0.6282876381,0.7669289756,0.6761251241,1.2764025901,-1.1646511059,0.3403245412,0.8037766516
168,1.6374056687,-0.0354404298,0.4370670312,-0.0805696210,-1.2615048434,-0.5578610978,-0.9807855329,0.2199612333,0.0673023537,-1.7626044750
169,0.9402509798,-0.0887001886,2.9308215644,-0.7665014395,0.6782102395,0.0454814537,1.2490667142,-2.0368499432,-0.2375961125,-0.2687814090
170,-0.2234403545,1.2567505348,0.2088952638,0.0821942149,-0.7187992791,-0.9016034095,0.8080891381,-1.2770598208,0.0631086948,-0.3157866445
171,0.4694428653,-0.5007655957,-0.3293314337,-1.6496089813,-1.6241122038,-0.1428376348,-0.0176291743,-1.3124265138,0.9932798004,0.7114279031
172,0.0781075408,-0.4974145114,1.1045058367,0.5861130799,1.1116305272,1.1417608161,0.5019302338,-0.9240721945,1.2860431008,-1.0236500390
173,-0.0244572999,4.2046807829,0.6292267108,0.7366908373,0.0529682329,-0.0919993438,0.4631487078,-0.0855734835,0.1684430175,1.7477615309
174,-0.1013500774,-1.0463445458,-1.2703832059,-1.3694505480,-1.1507300802,1.1373987177,-0.1576621091,-1.1647386560,-0.4966872246,0.5906683874
175,-0.7013250484,-0.0284828628,-0.5534394947,1.4218168515,1.2040970380,1.4114656826,-0.0348797509,-1.2180658256,-1.2472615480,-0.4510305058
176,0.4537011146,0.3233516720,0.8385451111,-0.1300406859,-1.2771808122,-0.6827880675,0.2146709477,0.4428398008,-1.1020243002,-1.7654787975
177,-0.1496957237,-0.3930029596,0.3732337344,0.7975859071,-0.3549732542,0.6345538279,1.4332976074,1.7212733569,-0.5253904223,0.0498559994
178,1.3996980678,-0.0751985527,0.2953661386,0.0381712632,2.0826821380,1.2773604670,0.1168071920,-0.4610221812,1.2437731110,-1.7856295023
179,0.4812939592,-1.6262512458,-1.3555279913,0.2003700947,-0.0999735666,-0.4402704139,-1.0698674727,0.9017733118,-0.6764754682,-0.4195495355
180,1.0163407050,-0.1413554865,1.5020804487,0.2872967198,-1.2751599563,-0.3502218894,-0.5026847524,0.6783128102,1.0114086504,-1.9838034990
181,0.2177348080,0.3098073887,-0.5716807308,-0.3274189931,0.4000887850,-1.6658703521,-0.2561806227,-0.5096158517,0.6064144777,-0.3139694463
182,0.8516260161,-1.9528781854,-0.7339309200,-0.8745162656,0.2547244263,0.0799215597,-1.0284329504,-1.9569722079,0.8118091731,0.0915721698
183,-1.1393710601,-0.6542036003,-1.0442637998,-0.3246531546,-0.0460880731,-0.5273188714,-0.1470346664,0.0417766816,-0.1877939184,-0.4435647615
184,1.6707729619,-2.0950348362,0.2461304229,-0.7020447568,-0.2263606520,0.1000708946,-0.4370887379,0.1048586566,-0.2902438286,1.1259369490
185,-1.5706945718,0.9839562851,-0.0310389259,1.4594099053,0.1580353299,-0.5179181638,-0.5508918463,-1.7122072917,-0.5367098504,-0.3712135916
186,-0.2619475808,0.3441191981,0.8089148190,0.3235030252,-0.2543581587,-0.9412326879,-0.0408456705,0.2208920015,-0.4329604089,0.4639379909
187,1.9883237760,-0.4765801815,-0.6714234015,-1.6715293773,1.1351834720,0.3297618028,1.1419381044,-0.2914526438,-1.4014158049,-0.6370991115
188,0.0927741723,-2.0429736477,0.8581508069,1.0283814315,0.1516700282,0.3996003274,0.3346203208,-1.3727234333,-0.3026513115,-0.5212874431
189,0.7067163983,0.9034282514,-0.4038659046,2.1021653900,0.1393310271,-1.1365243455,-0.8547745126,-0.0519423837,0.0695176158,0.0976603338
190,0.3919745393,-0.2054450178,-0.3968268576,0.6427582525,1.3702675039,-0.5273189435,0.7849854008,1.0031920279,0.7075046077,0.1351148869
191,-0.0054361939,1.4846916605,0.0423672124,-1.3018066861,0.4802669910,-1.1902969339,0.1646329942,-0.2698933792,-0.0436788156,-0.0143187121
192,-1.0142341992,0.7436282177,-0.3449660973,0.5196282562,0.2969110680,-0.0357120810,-0.5686047557,-0.3073176909,-0.4662338918,-1.6425745490
193,-0.8723451451,-1.7138051164,1.0658617063,-0.1587034658,0.9275579630,-0.5110325143,0.2672843399,0.3527723735,-0.4916817795,-0.9761519700
194,0.8390014587,-0.0648586631,-0.4942865124,-0.0488372533,1.4006594391,1.6530459340,3.6095692568,-0.1400505839,0.1117441336,0.1682124864
195,-0.8030131746,1.2845017717,-1.1018854184,-0.4657114689,-0.1769524662,1.6205507413,-0.1321753319,0.3042479849,-0.7217169553,-0.3595408231
196,-1.0315785265,0.3420864065,0.6671627805,-0.5873840337,0.9080811707,-1.7332811529,0.3729005075,-1.1444486441,-0.5002618248,0.0093395111
197,0.1488244713,-0.5052916157,1.9069256823,0.7813440001,2.2057324109,-0.7895534760,0.9058437480,2.2519169517,0.2005386018,0.2466060119
198,-0.9025672385,0.9767061207,0.9608807223,-0.1100750500,1.8087301820,-0.3260106708,-2.0760018728,-1.4399203349,-0.1732770916,0.5932293183
199,-0.1798718008,-1.3512585123,0.5387261127,-2.1235566018,-0.3846722909,-0.4666896070,-1.8487142891,0.1481704689,0.9622577397,-0.4299001742
200,0.0584431292,0.0260477941,0.3829715318,2.0338271740,1.1456620197,-2.3766146676,-1.0585661429,-0.7692833123,1.5186227578,1.9268231555
201,-0.0595140935,0.2463628451,-1.2528203813,-0.1215258936,-1.9905120031,0.8842142454,0.5443078399,-0.1619545185,0.1756225252,-0.7991054416
202,1.3137205383,-0.2298504763,-2.8344151175,-0.9515687059,0.9168927158,-0.4353310949,0.1643302010,-0.5177731212,0.0111212757,1.6682420661
203,-0.4115747811,-0.5028947881,0.7969349568,2.0720173648,0.8117466680,-0.5789789518,1.8396850249,-0.0446173021,0.2254572031,-1.1451422197
204,-0.1795405027,-0.3386013467,-0.1455095116,0.1241597571,0.5041934162,-1.6584098333,-1.4297427214,1.5717921627,-0.9099764233,-1.1573888216
205,-1.1990661429,-0.8350640166,0.5227612761,-1.0279970325,-0.7247074311,-0.1673455124,1.0182101925,2.7037609383,-1.0594157546,0.7043207984
206,1.2950457272,0.9067960967,-0.9917882570,1.4337480415,-0.0979448107,1.6616625890,-0.6551604567,0.4168519191,1.8701256342,0.3831702269
207,-0.2045603499,-1.9114941296,0.5566890126,1.8333607533,-1.4281585699,0.6118011177,0.3760665303,1.2393775674,0.9255531549,0.2489986954
208,2.0334865757,-0.5844942029,-0.1260079124,-0.4813383520,-0.9690731555,0.1875368768,0.3415325341,0.8226939832,-0.6783207920,-0.1389171795
209,0.2965418653,0.1183318384,1.1900252057,-0.6993100160,0.8621500275,1.4230038142,0.2850647600,-1.1398745638,-1.2225324261,-0.6162700795
210,-0.6030592770,0.6747068901,-1.0293208914,-2.7883455516,-1.4067544672,-1.5627605682,-0.3212786643,0.4684532860,-3.2066442029,0.2647966027
211,1.1067175838,1.3411458793,-0.8973093606,-1.8169184737,0.3031150499,1.4605533188,-1.6926480953,-0.1594069030,-0.4998472633,0.1119783753
212,0.0615190709,0.4309051806,0.9155315514,0.2272249165,-2.5833681817,-1.0657367172,0.9186977151,1.1143526637,-0.9001512577,-0.2731247892
213,-1.0966082280,-1.0857383351,0.3313444474,-1.4003906512,-1.1523599633,0.0478590504,-1.1715284559,-1.5374601597,-0.6464831647,0.3732169926
214,-1.4307613942,-1.0637002199,0.6149476472,1.0250497474,-0.9378165217,-1.1048990314,0.5703867012,1.7589772589,1.3561172362,0.3065763641
215,-1.6728884495,-1.4461310985,-0.7545801633,0.8558682427,-0.3357786794,0.7868687722,0.8509218621,0.6143652474,-1.1245793958,0.7167933870
216,-1.4884614288,-0.0928454563,-0.9723349825,-0.4820153236,-1.1169808453,-1.2869574977,-1.0854022158,-0.9095360611,0.5783172559,-1.4867704913
217,1.3412647396,0.7282009607,-0.1451154601,0.6339938375,-0.1628533824,-0.6816108039,0.4793039287,1.4086021030,0.9750409445,0.6280150906
218,0.5092885476,-1.1866495640,1.2883046374,0.0614261099,-0.4300221975,-0.3497263283,0.3027110624,-1.3106943208,-2.0364561440,-1.1611267432
219,-1.2593317002,-0.2272951657,-1.1210793431,0.7469470451,-2.0811848350,-0.1384713348,1.3433467426,1.9555867720,-0.3644965560,0.6991431385
220,0.0934532925,-0.6118448117,0.1152405529,-0.8939208969,-0.7092147550,0.6974509185,1.7932116253,0.7355440696,0.0415130993,-1.4038393914
221,-0.9541911332,0.0933518774,0.1134825287,-0.7934788767,-1.4607231822,1.2206230807,-0.5378869416,0.7228835085,-0.8286843984,0.6413788732
222,-0.9033846754,0.7566148600,-1.0852844145,-0.8852487584,-1.1883051455,-0.7315500199,-0.4811356757,0.0859527587,-0.0441523858,0.4735676384
223,-2.0966528464,-2.7771441021,-1.1671055531,0.8981080921,-1.0594774768,-1.9470285998,-0.4544594712,-0.9887001912,0.9973633676,1.0094417328
224,-0.9238560495,-0.7612035934,-0.3991500782,0.2910267090,-1.6128006611,-0.1087077485,0.7716481530,0.1566234157,-1.2623112013,-0.6319517355
225,-0.3922780547,1.2549952323,-1.6438055604,1.2974738449,0.0010983962,0.9043470499,-0.2300447303,0.8023470520,1.2492275429,1.3336727739
226,-0.9290353728,0.4297707985,1.1643159137,0.1283090039,-0.7724199729,0.6496248551,1.2476065878,0.0182778062,0.8362518431,-0.5081024516
227,0.2966390830,-0.8052705000,-0.0918417588,0.2690105281,1.0332269669,-0.3397272560,0.6405305127,0.2210072892,-0.4051159774,-0.5218041216
228,0.9498790973,-1.4365436508,-1.0446798870,-0.0257699360,1.0296584381,1.6217383828,-0.2503462738,-0.4173877863,-0.6083280044,0.7103724136
229,-0.3088174164,0.7447300528,1.4855048917,-2.5652008843,0.7775083486,0.7299045079,1.0512492320,-1.3134087521,-0.4021851999,0.4615654700
230,-0.0530657137,0.5390718222,0.0019697761,0.7843048241,1.3073917087,-0.8450726049,-0.6579240212,1.7375909311,0.1498502257,-1.0662655601
231,-0.3107802287,0.6088997607,0.1217228758,-0.7329601063,1.5748036490,-0.2224334475,1.4052381974,1.2112078819,1.0004089061,0.2139457833
232,-0.5239749889,-3.2937160384,0.1573844605,0.4789030275,-1.6318056401,1.3202666816,1.2727693910,0.2297549608,-0.3682187893,-0.6574180238
233,1.2337840755,1.9425892301,-0.7209229363,-1.5911071024,-0.9678771020,-0.1899196861,-0.8574112125,-0.6643920206,-0.2740222728,-1.3106545366
234,-0.9494611239,-1.3324164541,-0.0420410091,-0.1134508534,0.4042598227,-0.3300548205,0.3440052393,-0.3609927841,0.3824143877,2.4638610394
235,0.4986773262,-0.7181973185,0.9369131216,-1.4411025860,-0.3045672688,-0.0405538910,0.6890227622,-0.9536820023,-0.3940029069,0.6428413451
236,1.4062027053,-0.7932179217,-0.0574059580,0.2191632423,-0.5653493534,-1.0121863396,0.8883422658,0.5283447856,0.3865303505,-0.0665883056
237,0.7062988171,-2.3120360409,0.8071014581,-0.1513147273,1.4019382332,0.3547443641,0.8401689935,0.0467780902,0.0163559685,-0.9031548606
238,0.7032707143,0.3486252332,0.0080026206,1.2715125928,0.5180694007,0.3594347083,0.2617341180,0.5934916017,1.7767065937,-1.3570587212
239,-0.3394652991,0.8503481285,0.3426277599,-1.3118048016,0.2190013305,-0.8686317795,0.7486600897,-0.4246985127,0.9642062400,1.2573190644
240,-1.4926492593,0.5158708648,0.6657491638,0.2060084294,-0.8074179916,0.5087570202,-1.6518342973,-0.2895590128,-0.2724864363,-0.5847680550
241,-0.0828980345,-0.2266861045,-0.2559132828,0.4999247768,-0.0329317717,-0.1131066547,-2.5335270692,-0.1130287661,-0.9274081350,0.2213362414
242,-0.1281631192,-1.6321895328,-2.0553193840,-1.2766123288,0.4828294021,-0.7676375109,0.6034692432,-1.4152447504,-1.1240317226,-0.1214095399
243,0.9858840803,0.7994606237,-0.4436324622,-1.2650834922,0.4679774234,-0.2460216995,-1.3707776179,0.8300502982,0.0112283073,-1.6227749138
244,-0.8749793171,1.9444939831,-0.2107200934,0.3202733941,0.5132862235,-0.3849993805,0.1558699582,1.3524684720,-0.6491420893,0.1401755877
245,0.0725577812,-0.7894253397,0.2213836809,-1.8506515771,-0.1363593526,0.2267430121,0.2966190383,-0.4871462421,1.0421023747,-1.1758364452
246,-0.6918062298,1.6687281000,-0.7283224566,-0.2179293993,-0.8626537326,2.8089598411,0.6747325259,-0.3194823697,-1.1978104885,-1.1363992124
247,-1.0680206910,-0.8531903377,-0.0949520859,-1.7593433178,-2.4221529087,-2.2871557903,1.1371420756,-0.1416744046,0.8140283276,-1.3170225781
248,0.8057879592,0.1062698549,-0.2352300558,-1.2643116681,-0.6479062535,-2.0455395747,0.2733026554,-0.1663971543,0.5888892289,-0.5837592827
249,0.5296003055,-0.5729098792,0.7595726628,-1.3395867213,0.3322747173,-0.9937085748,-0.6256721138,1.0246519867,-1.2142390564,1.4942118956
250,0.8086041345,0.3563325045,-0.8301339895,0.3530278363,-0.8604259319,-0.1963515331,-0.8027130131,-0.1481199564,1.4485226419,-0.4873474461
251,1.3056745416,0.5209827976,0.3555925492,1.5828267356,2.5736947327,0.5470190798,1.4684223302,0.8146936107,-0.8598735241,-0.3183797135
252,-1.0841607783,-0.0477494247,-0.5013535856,-0.6993494332,-2.1764072058,0.0019118225,0.3158160583,0.1105593224,-1.2118047095,-0.8992950347
253,-2.0748417349,-1.3653782022,0.9172224359,0.0225713276,1.2206223948,-1.2038987302,0.5528331498,1.1351308997,-0.3219538716,0.2864259284
254,0.6738910338,1.7935936502,-1.1115443791,0.0272261921,-0.0628509745,1.1453176058,-0.2090963887,-0.2426876407,1.2270702612,0.6703584332
255,0.3447342223,1.2492929535,0.3122185311,-0.8880746250,-1.6456763514,-0.3343176880,-0.0954821551,-0.5021639583,0.9148790858,0.0437973775
256,-0.5513073736,-0.9662748490,0.7655282867,-1.6010344870,0.0548441087,0.6993239412,0.0172011851,-0.6043751607,0.0904587691,1.8162848484
257,-1.1217017296,3.1723100159,0.0625883218,1.6193551768,2.0020373978,0.7668675807,0.5073462678,0.4306777617,0.3368002275,-0.4224913173
258,1.5604052210,-0.8565392800,0.3816223640,2.2573839402,-0.2661658539,1.5136698112,0.8236083980,1.6743832350,1.2407467267,-1.8562998183
259,-0.9048000684,0.7755054405,-0.8613867944,-0.4644352005,0.1443590038,0.6742723188,-1.8867576246,1.6146224175,0.3293945226,0.5260892862
260,1.6232025867,-0.0716703306,-0.1666527634,1.3022243312,-2.2668701507,-1.0684712371,0.0931145227,0.9652469050,0.0521476302,-1.1800535237
261,0.9414037735,1.3296107317,0.5769208677,0.3321353239,0.9509028593,-1.1617675186,0.4564294707,-0.4155355599,0.3472905707,-1.5181880010
262,0.4310810777,0.2576475831,0.9192685030,0.4010167731,1.0149750326,0.3418944693,-1.2553416734,0.0503607968,-0.8171299817,0.5510518846
263,2.4808604105,0.2696864940,0.2706497869,-0.3710011800,0.1130286713,-0.8210393494,0.5215554763,-3.1489504894,0.5245268551,-0.4712998040
264,0.2449849225,0.3254584352,-0.1551073576,0.7083393701,2.2221539481,0.3631783271,-0.2113450566,0.3448085020,-0.7440427715,0.8617276898
265,-0.4515389631,-0.4815771476,-0.4264455822,0.7876934758,1.4768307670,-0.4044324664,-0.2049123132,0.0474186407,-1.3106037232,-1.8722532667
266,-1.3515234758,-1.7496866515,-0.8175120469,-1.0240255393,0.9323663180,0.6356762668,-0.3184912847,0.7647739555,1.2911003878,-0.2130822285
267,0.2137283478,0.3889161019,-2.2739199829,0.6223118570,0.3240419843,-0.6473885403,-1.0362588150,-0.0087156135,-0.0093807253,0.1370042787
268,-0.9579981332,0.8793596045,-0.2574588211,-0.0227088840,-1.3645031106,-1.4069459936,2.7528320160,-0.8179528188,0.1832172886,-1.2090047771
269,-0.3717981774,1.3492413240,0.4977490693,-0.5475722681,1.3181454106,0.4128233541,-1.8191583100,0.1863282488,1.0276016748,-2.7781391548
270,-2.0161296354,-0.1157824817,-0.1171785611,-0.0069554447,-0.1606772458,0.4326919020,1.8734098718,-0.7057797962,1.2271020175,1.1335455733
271,0.0492322631,-0.8702362347,0.5328782878,0.9553688109,-0.2783415846,-1.1769994736,0.0192675592,1.3257498160,-0.0657233528,-0.9143287930
272,-1.1387198822,1.3150001210,-1.4044071655,1.1027476129,0.7605182730,-1.0497841956,-1.5087582875,-1.1843015990,-0.8396071374,-1.4759955778
273,-0.2426071549,0.4134311284,1.2982847126,0.6036393393,0.6535073959,0.9955467828,-0.3711538600,-0.2943288901,-0.5744448239,-0.4572703423
274,0.3626898940,1.0259455916,-0.7274053525,0.0205662365,-0.5045592607,-1.8073253749,-1.1894137177,-0.8363425684,-0.0313155387,-0.2727100780
275,-0.6657543210,-0.9106207906,-0.0696029607,-0.0290422608,1.2628055839,0.7088045634,-0.3980568877,0.2929903667,0.3252385894,-0.3680142548
276,-1.0099359969,0.2769648843,-0.1168379383,0.7008668792,-1.7732798295,1.4245156000,-0.2171922912,0.2762874377,0.2793243876,0.5679028231
277,0.6367237869,1.1992789197,-1.3172805626,1.1716807965,0.7192584690,-0.3611260624,-0.9558596936,1.6953531203,-0.7504058849,-1.2577260802
278,-0.8232479528,-0.3905435454,-2.1150121103,-0.7858180431,0.0662516935,0.7503599826,0.0104768975,-2.4077488698,-1.2894152776,-0.3197755236
279,-0.7687124691,0.1472114183,-0.4748675861,-0.0187880195,-0.5571036850,-0.1564190769,-0.5439614833,-0.0304342315,2.0335556615,-0.9064567214
280,0.4243138308,-0.1076069061,0.4290482501,-0.5059603394,0.3807164924,0.6054681406,-0.6616784646,-1.3880122769,0.4725112143,-0.0643903189
281,0.2326584638,0.0517627410,1.9019330163,-0.8003514017,1.0704053028,0.9128874854,-0.4407461012,0.6696228453,-0.6205909653,0.2592413381
282,0.3457814405,-2.0418193829,0.6922928775,2.6108876136,-0.1580656840,-0.3738046403,0.5956775736,0.0416063539,1.2592699268,1.3306462097
283,-0.6105123711,-0.4561934827,-0.8654281534,0.9705321487,0.3049730911,1.0489555570,0.1457292875,1.3963226448,-0.7849278231,-0.1626000603
284,-0.4116149353,-0.0136932149,-0.4276535690,-0.0013368622,1.0566401009,1.1887161731,-0.1980835873,0.3264711868,1.4600519876,-0.7532973221
285,1.5462786814,-0.4388541494,1.2346239101,-0.5879034946,0.9748503363,-0.1067081740,0.1210712860,0.1973935755,0.5905478386,-0.8940496861
286,-1.7507486857,-0.0963896583,-0.4316118576,-0.1060345278,2.2806471853,0.2929072484,1.1367753107,1.8109781831,0.8203613248,-0.2813816792
287,-1.1516985760,-0.6241690589,-0.7166316245,2.0100849201,-0.7260348587,0.6419032827,-0.0941693661,0.6832127491,-0.2626636484,0.5007160619
288,-0.5678669704,1.1542574964,-2.7452624974,1.7369371544,-0.4784004656,-1.1318528692,0.5828274951,-1.8670530530,-0.1323840243,1.1043315810
289,0.9693249415,0.0019510989,-0.3348596755,1.0191025471,-1.3196215615,0.1932322496,-0.3437138978,-0.5081577445,-0.2274636234,1.3452903232
290,0.5580241165,-0.7074006582,1.5018309732,0.4204985560,-1.0445485637,1.1578816129,0.1865190398,-0.6271649790,-0.9600109537,-0.5232852429
291,0.4077611801,-0.6301611090,0.0277511483,-0.2689401580,-1.1831610835,-0.6961222497,-1.4593139853,-1.3846256227,0.7643847853,1.2556677912
292,0.4213388395,1.3285255533,-0.8581397884,1.6978258114,1.0916307594,-0.5427758237,0.3493115301,-0.7239885564,-1.1127284209,1.3402421380
293,0.9518024938,0.0436602638,1.4193511238,-2.0178465135,0.1517046026,0.3445443633,1.2210886949,-0.2287540480,-0.5766802934,-0.0482874355
294,-0.7446442338,0.1929714359,0.0265641995,0.8562195240,0.1885944426,0.1375855688,0.0085213177,1.9335697332,-1.3343369868,-0.5417558420
295,0.2377741008,-1.1255316647,0.9090562454,0.3158208373,-0.2783504828,0.5503260755,2.3961519530,0.6408680086,-0.7327708410,2.2156456289
296,-0.6803311402,-1.5499148029,-0.0205667660,-0.9027189059,1.3507297938,0.9362746292,-2.0219488730,0.9702769077,-1.4028570474,-2.0918375081
297,-0.5206807802,-1.3819775731,-0.5376692539,-0.4770831708,0.0157008404,0.7034685148,-0.2279625048,-0.3158717418,-1.4041516603,-0.4445703654
298,2.0034827897,-0.4966485591,0.5940129964,-0.1854393674,1.3093947720,0.4145949826,-1.3869857777,-0.3565357126,-2.5039406790,0.9587004495
299,0.1207185403,-0.1931945149,-0.2212268893,0.6216031240,-0.7728100841,0.3162787439,-1.0344102130,-0.2819097062,0.4534698159,-0.7587991908
300,2.2575667318,-1.8532735217,-0.8896693310,0.2798144638,1.2632614694,-1.0990351234,1.3532471216,-0.4745996146,-0.3684331263,1.3366764878
301,0.9966771811,1.8348182943,-0.5900232398,1.1959744070,-0.6326438424,1.7985550110,0.0643813358,1.9555312962,0.2353408686,-0.7545667225
302,-0.2692963624,0.3467795745,0.0660296007,-0.5042915749,-0.7821037823,1.2745895860,-1.8637763894,-0.9211341949,-0.2813301087,0.0087988099
303,0.7067253374,-0.4684686374,0.9435659719,1.1671955506,-1.5393448396,-0.8414664454,1.3186568505,-0.2984004931,0.9985798551,-0.0529363625
304,0.3975276692,-0.6783363350,1.3327889212,-0.9765073343,1.1680456674,1.3858702346,0.9808945148,1.6713416377,1.0295897250,1.1310543505
305,1.0460705273,-0.5339585094,1.8200799408,1.6435124553,0.4168317290,0.1236934548,-1.8421000973,1.9485279934,-0.4030763986,0.8719150882
306,-0.0233653404,0.1491515339,0.5365230718,-0.1986547851,0.0144267398,0.4026540550,-0.5554695314,-0.2890948298,0.6497124172,-1.0340681258
307,-0.6925630769,-0.1716833045,0.7352741397,-0.4662883926,0.8641764200,0.2801561720,0.0749775978,-0.2670153919,0.2105457307,-1.1824529114
308,-0.2278675888,0.2096247358,1.4814650844,0.8318350034,-1.8054202572,0.3296360307,-0.0990091764,0.6756343763,0.0034538868,-0.1825108166
309,0.7294620648,-0.8265551369,1.7677583374,-0.1176466251,1.0735777493,0.9840364916,1.7381135199,-1.4861002305,0.3656432321,-0.2751761529
310,0.3886951878,1.3999051412,0.2393355193,-2.3720826445,-2.5079031733,-1.0941050037,-1.3997808700,-0.0962386820,-1.3778647243,0.9458834676
311,0.1773292878,-1.0320130017,-0.8891431852,-1.4681667093,-1.0499255227,-0.8729925622,-0.1371984935,0.0851973793,-0.2492084725,-0.1434259587
312,1.9347678873,0.8954861237,1.1666477550,0.3418726317,-0.2536331411,-0.7059803582,-0.8699156818,0.6030453911,0.7674853793,0.4428344938
313,0.2680441127,0.3739259529,0.4830291371,0.6999796282,0.0605205808,0.8856000958,-0.1710083832,-0.4243201251,1.1281674370,0.0459295002
314,-0.4901184066,1.5275677575,-1.9770746525,0.1876125092,2.6603492444,0.0340674763,1.3061328607,1.8531493187,1.0788483291,-0.0244330301
315,-0.2460060148,-1.3236960058,-0.6287831988,0.5737181285,0.8360282021,-1.8013989767,-0.0999993559,-0.5951442256,0.5514044470,-0.5866051634
316,-0.4934493262,-0.6664565400,0.1771237253,-0.2427340919,0.3564961244,-0.8944961449,-0.0760105392,-0.7433767803,0.7512483394,0.4556848137
317,0.6413993752,-0.8998279694,-0.9664930895,-0.4892804043,0.4597994208,0.0457798189,0.4891493758,-0.7167822927,1.2089859617,-0.1243675368
318,2.4317714805,1.1455592710,2.5202185167,2.0795269634,2.0898288445,-1.2262622247,-1.9371040830,-0.2848592027,-0.3726272482,2.1971639267
319,-0.4276604845,0.2091092005,0.0852953573,0.3950432051,-0.1696329213,-0.2477463316,1.0515456496,-0.5386803701,0.8500927027,-0.1285348489
320,0.0154033495,1.8425542486,0.2357487100,0.4949701830,-1.4637866739,-1.6396835566,-0.7425376970,0.7254043401,1.2541602228,0.4770496401
321,-1.7237467314,-0.7656745667,-0.6654128950,-1.0148400698,-0.7422888007,-0.2955582624,1.2490852088,-2.1803856781,-0.7050144590,0.3875345427
322,-0.7322101452,-0.4640241374,-1.5774797569,2.0832198285,1.0303170577,-0.1328442227,1.7999139585,0.9033367607,0.3470436914,-0.5311540542
323,-0.4371830415,-1.5036358190,0.7090656592,0.6653296745,0.7009447467,1.7631424411,1.2589688431,-0.1046727175,-0.1063619377,-0.7736609172
324,0.0045658579,-0.0566690568,0.4776896023,-0.4437236375,-0.7736172104,-0.7413267024,-0.2995897204,0.7103062652,0.0391238082,1.2140422295
325,0.2134203452,2.1721472444,-0.5492542938,1.3767800153,-1.2908700215,-0.9570686111,-1.2869197280,1.3425854443,-1.1892850787,-0.4231640024
326,1.0978118267,1.2373508845,0.4101279934,0.1096724844,0.2050102952,-0.0940149313,0.5078920780,0.6784325661,-2.4424936704,1.7642924579
327,-0.4054802646,0.3700202161,0.7535181441,-0.1982263061,-0.0011658785,-0.0161584872,-0.2671511678,-0.1100479673,0.2024262738,-1.4515565506
328,-0.6230016676,1.0937607260,0.5531768188,0.1426373605,2.1181946898,-0.4560527714,0.4766086829,0.4626500246,-0.9983244421,-0.1553635001
329,-2.2161728863,0.5738423892,0.0905088221,0.0589370266,-2.2821844371,-0.8421287937,-0.2729898292,0.3880987616,-1.9202638036,-0.5954078145
330,-0.0689856840,1.4122080304,0.8610277015,-0.1187596341,0.6547175174,0.3645414538,0.6549960729,0.1593718978,-1.7767177978,0.6672948934
331,-0.2023938353,0.3984407294,-1.6305894383,0.6669833783,1.2337282238,-0.1776186992,0.2699720137,-0.4088582341,-1.0588641410,1.8678363005
332,0.6660089057,-0.6535996461,0.3720346467,0.6166933249,1.2962025650,0.7510060998,-0.2412704102,0.0534401282,-0.7470115080,0.5963013255
333,-1.2897174080,0.1313170672,2.0075173740,-1.4962702145,-1.0997417157,-0.7271874851,1.7081994195,0.8542705377,-0.5469251001,-0.4726342305
334,2.9311215812,-1.4029308086,0.7304902927,-0.9514669523,0.3282287270,-0.0977544007,0.9190959293,-0.7857313410,0.5143831479,1.1092340695
335,0.4082412405,1.3766483109,0.6113107168,2.0465744732,-0.2984207726,0.2582115959,-2.1689648078,1.0872809140,0.5542866633,-1.1655513730
336,-0.0018450890,-0.6726885360,0.4691340011,-0.4275342780,-1.7276420550,1.1024889826,0.2215887085,-1.9658541972,0.1999239614,0.0637108723
337,1.7008993970,-0.9844189526,1.1100775346,0.4655008396,-0.9268898882,1.8352084087,0.0226430465,-0.5594571209,-0.9625291304,0.4348910420
338,-0.2441064842,0.8652327462,0.1636944370,-0.8291364092,0.7416172068,0.1623244972,-1.8736541979,-0.2826817857,-0.7959809543,-0.3945178005
339,0.1914856743,1.6601808393,-0.1981181933,0.0675235342,-1.1912089625,0.9505841748,-0.4987229382,0.8604077177,0.0333827076,-0.2354299477
340,-0.1231815929,0.8603358214,1.6800114591,0.0231402427,0.4527138804,1.6455615690,-0.5278929841,0.8098469065,0.6630767464,-0.6224648367
341,-0.0554850750,-0.0927186766,-0.2582213553,2.3302440752,0.2517665690,0.9054402775,0.7697566956,-1.2782513884,1.7333727692,0.2844741705
342,1.6084927560,-0.0135849178,-0.4753621555,-1.0302122114,0.2036903458,0.0532649635,0.1306501834,-0.5137299248,0.2395804673,-0.7479987712
343,-0.8701146610,-1.0290680872,0.0403550112,1.3023372802,0.5005624479,-0.4782671395,1.2460059739,-0.0988683001,-0.2659677622,0.5075741645
344,1.1997681706,-0.5021971227,-0.3239594079,1.1472297386,1.2596275255,-0.4526935645,0.9049600222,0.4759471599,-2.8298986389,-0.3475201008
345,-0.3612497162,0.5398603553,0.1523910315,-0.4724549096,-0.4322472568,-0.8563617405,-1.3589057455,-0.2040368427,-0.8676910170,0.3135637499
346,-0.5451485720,0.8377912092,1.0457405951,-0.4727461444,-0.5105303275,-0.2790408505,-0.7444036961,1.0868310810,-1.1543746964,1.1760419121
347,-0.5347498885,0.3058819852,0.7604500431,0.2261720827,1.3514145441,0.5494181670,-1.2462293438,-0.2145999411,-0.1342756869,0.3769511077
348,-0.1035802509,-0.0474869928,-0.8999393762,-0.8043755500,1.1935878956,-0.1095534412,-0.7873591965,0.6215739069,-0.7381839084,-0.0958764611
349,-0.4899334163,-0.0386469982,0.3453534703,-0.7374958754,0.7195651825,1.0744566371,0.5550114981,-0.4822853881,0.7439324023,0.2709768288
350,-0.4108159644,-0.0013299161,-0.3144161782,1.4683803187,-0.1884559457,-1.5091935726,-0.8598272871,0.7004310904,-0.5895401831,-0.6309981900
351,0.0079117406,-1.8650489341,-1.3524670528,0.9074991861,-0.8431911134,-0.1888530127,0.8811670747,-0.6718520488,-0.1673813061,-1.9948115911
352,-1.5805298484,-0.4756754202,0.2765391429,1.3239320990,0.6733520947,-1.9841690185,-0.3879082270,0.6255946481,1.1675053652,0.4891180563
353,-1.3260093206,-0.3091113755,0.8140340300,0.7619908071,0.5251996042,0.1548235666,-1.8114400067,-1.7791965973,-1.8529522207,0.6938321825
354,0.1301717042,0.3291636137,-0.7168346185,0.6634716470,0.2963467247,0.4298265807,0.7214933089,0.9076747147,-0.1833719066,0.4265794372
355,0.3568783973,1.1886665498,0.7867952571,-0.7845291889,0.5270859725,-0.2584761582,-1.5529430345,0.5010926273,0.6958299927,-0.6048580895
356,-0.2270356464,0.4878156918,1.8942476461,-0.9035910435,-0.8543478927,-0.3719594394,-0.9296697695,0.0296991874,-0.9898320115,0.0044609340
357,0.7678340826,0.3777528648,-1.2414257059,0.6390205125,-1.4104035405,-0.2875764659,0.1685098261,0.0007418565,0.2457882810,-0.1260854683
358,-0.3091486900,-1.0712008334,0.9856843800,-0.7603082799,-2.1237774907,-0.3769363621,0.3517937890,-1.5927799717,-0.9296950961,-0.9135480097
359,-0.8762838598,-0.5510289678,-0.0214852188,1.1492204081,-0.1370578092,-1.2844741946,0.4863190113,0.7767912336,0.1035476769,0.4983064556
360,0.7853433295,1.2426569756,0.2450326904,-1.2138864374,0.7008624170,0.5602801988,1.3989104954,0.2134596208,0.6894783450,0.4457942574
361,-0.8310674332,0.4378579540,-0.5000904651,0.4045137913,0.2953220414,-1.1483866309,-0.4542045546,-0.8989694955,0.6363157046,-0.2661289477
362,-1.1238853352,-0.1023153170,-0.9863787423,-0.7364199493,-0.0680545427,-2.1250170591,0.5037503095,-1.7734588076,1.0306587755,0.0111690959
363,0.9600937329,-0.9364688785,-0.8218899257,0.1024479602,0.7620229279,0.2048010493,-0.5693543572,-0.1771680632,0.1098509551,-0.1290936112
364,0.2959883235,-0.0794917628,2.1790967006,-0.3209138747,-0.9586289962,0.4810910943,0.7182964596,-0.0790735478,0.9593813339,-1.7694491043
365,1.0043013728,0.9855808222,0.9288715704,0.1900169914,0.8263354968,0.0923262726,-0.0846453877,1.1913898173,-1.1214144087,-0.5634483501
366,0.3541688512,-0.7250828683,1.0294016702,-1.1299068467,0.3065433952,-0.9437228962,-1.1127942719,-0.1948469483,2.1642311427,2.3781672342
367,0.0505189021,1.1968055940,0.0776617133,-1.3522553544,-0.1010811113,-0.0042562795,0.9411042054,-1.3787880342,0.4233880103,-0.9609212941
368,-0.2889402362,-0.7703363083,0.1737999987,-1.1302457844,0.5860773439,1.1992173364,0.1128376286,-0.4874946847,-0.4937688422,0.8409337604
369,-1.4202667240,-1.3441673055,-0.3220934852,-1.1812327958,-0.3519444247,1.1414646927,1.3514085421,2.6403679547,0.2095187695,0.0325241711
370,-1.0569253889,0.3822802065,0.1924334027,-0.3049708893,0.0167181825,0.5467313475,-1.0867893175,1.7876731542,0.9399752300,-0.4778979855
371,0.9185273047,-0.4728952462,0.4508718410,0.6820280774,0.7464031980,-0.6058766022,0.3422697641,-0.7492096791,-0.5138581057,-0.3636514319
372,-0.4913945761,-1.1339882412,0.0144802209,1.4138288447,-1.0462098816,-0.6884138422,0.3891109117,-0.3216809589,0.4222796183,-1.0791663414
373,0.7591327750,0.4851767157,0.8403942220,0.6669930062,-1.8653926300,-0.6238492847,-0.3461747386,1.3239162194,-0.2677886916,-0.4855441200
374,-0.6954158706,0.6961604468,-0.4405259324,0.7088018967,-0.2314434484,-1.0458314329,0.3526209823,1.5932135473,-2.2570197892,-0.1560644808
375,-2.0151230156,1.5958076857,0.3057846106,-2.4428907247,-0.8216685326,-0.7874861506,-0.4963525733,-0.4917334285,-0.3006208495,-0.0795613616
376,0.7070063038,-1.9794613801,0.8166121618,-1.3962962563,1.5233138143,-2.3671253689,-0.2502356060,-0.6649624578,-1.0293040224,1.4866956520
377,0.0238056648,2.2716511233,-0.6838925549,0.0547568931,-0.0494260800,-0.7945956769,0.8801460418,1.4719384345,-0.1933901929,-0.1294481531
378,0.5051574630,-0.9859828826,-1.8568813243,0.1471333226,0.4249359726,-0.7459895911,0.7961917531,-0.7407953194,1.3195717375,1.7374136365
379,-0.8844009851,1.8127721842,-0.8346560945,1.0980689042,-0.9251207124,-0.8629348104,0.0258950789,-0.6432581765,1.9679208738,-1.0833848580
380,-0.2316122548,-0.5071355986,-1.1190150458,-0.1157553736,0.3832178101,0.8008793477,0.0918035217,-1.7064319848,-0.8072511949,0.1490980811
381,1.3411112234,2.0591551389,-0.1535602573,1.0785698054,-1.4178507813,-0.1664457634,0.6071001209,-1.1978406405,-1.1379587779,-1.3370021920
382,-1.6866418433,-1.0477329924,2.1693288309,-1.6547309457,0.3789315941,0.3398511727,0.2128712971,-0.1666731728,0.9266730528,0.8710163700
383,1.1904983954,-0.9684088555,0.4491691348,0.9480755766,-1.6153850479,2.0367979926,-0.5797944634,0.7626843512,0.6690766651,0.7337134794
384,0.2209260285,-1.5093455751,0.8790967066,0.3823239392,0.1504094042,0.4030928493,2.2527896043,-0.2539087206,-1.2402024976,0.0667867030
385,-1.2262828132,-0.2560042183,2.8789156158,1.0690551728,-2.9105974567,-0.6458095766,0.5048900102,-0.6408901895,1.1015714971,0.3117189389
386,-0.0716655397,-1.1810014447,-0.9720066074,-1.3772552952,2.4099040888,-1.4334784809,0.0366006887,-1.0093133768,0.0694601693,0.9226132422
387,0.4297166607,-0.0400809319,-0.3527084313,-0.6937787660,1.2601508617,-0.6890919690,0.6167451996,-0.6038922683,0.3443165922,-0.9404632583
388,-1.1014403455,-0.7965082966,0.0355371081,-0.2814003914,1.0435096922,-1.9808148377,-1.2058828956,-1.3885377251,0.4448644360,0.2341582300
389,-0.8633160545,-0.3931352612,-0.2867606715,0.7739321351,0.1889432596,-0.9645018702,-1.2664628400,-1.0042151402,0.4569502763,0.5413609442
390,-2.4013403358,1.1862732833,-0.3201809928,-0.9656201912,-1.4257322916,0.1187747767,-0.5227035340,0.1776421416,-0.1475771931,-0.7729155416
391,-0.5250806495,-2.3366059918,0.6281721812,-0.8225914762,0.9661214314,-1.6596713753,0.4284196885,0.4400130508,1.2403561007,0.3661315282
392,-1.3910020026,0.6821222975,0.7131722249,0.3495775747,-1.3278137786,-1.1765539856,0.3355171552,0.4877924848,0.1084933608,-1.5037658563
393,-0.1737719766,1.7716150699,-0.8240601724,-1.5555592903,-1.5460168387,0.3838218770,1.6989797287,0.6418411305,0.5285769171,0.0116276816
394,0.8223604343,-0.0528081180,-1.1596021703,0.4806929286,0.0993494153,0.8279402704,0.3615630391,1.5975953136,0.5594558803,0.4814766300
395,-0.3192528963,-0.8838818265,0.7177659360,-0.6825119067,-0.4361112472,-1.2897043177,-1.2042630570,0.1632238851,-0.8505672091,0.8958245857
396,-0.0555117172,0.2224695387,-0.7395641322,-0.9478054838,1.0520634810,-0.9097958557,-0.1631097175,-0.2572155233,0.9669571087,-0.2611578236
397,-0.9875625285,-1.4404501354,1.3194827196,-0.3496701787,-0.8952646895,-0.4916614785,0.8660144429,1.1963333451,-0.6993815924,-0.5268555372
398,1.2726694492,0.6080653494,-0.1882800278,-1.9499078743,0.6171690346,0.7652095249,-0.9518096435,1.2706896590,0.7965626034,-0.4773364512
399,-0.4202303712,0.3272839131,0.4204165750,0.3656945112,-0.9672567338,-0.2549299665,1.3136129798,-0.9740006085,-0.8754702248,-0.8791361785
400,1.1528500762,1.1928144865,-2.0249756640,-1.5972581260,-1.1672027420,-0.7268543908,0.0531422268,-1.0672728859,0.7416560557,-0.4041296668
401,1.3670463139,0.8855856697,-0.2062349058,-0.4515578270,-0.4612522885,0.4235864565,0.5623932231,-0.0411340545,-0.9322981831,-1.6694404963
402,0.0138423170,0.4371702366,1.0991640616,-0.5717780743,-1.3233667826,2.5511703681,-0.0847635402,0.7392801218,0.0404336016,-0.7086799063
403,0.8249588471,1.3653557417,1.0412082821,-1.2396991487,-1.9640984847,0.7043383497,-0.3837595426,-0.3802766825,-0.0144841693,-2.5186876400
404,-0.0268301456,-0.1802022784,-0.0033348747,1.0107075877,1.1424673829,0.6063161232,-0.5816561641,0.4455071505,1.3031635703,0.2733170498
405,-1.9654435512,-0.8119210142,-0.5573930837,1.0869131973,0.5735153243,-0.4305753830,0.9426778724,2.4286991067,0.5115861705,0.1209412139
406,2.0489844423,0.0382612367,1.1103107553,0.8150119748,0.3239616952,1.3326411062,-0.8515841560,-1.5318812412,1.5131013178,-1.3226148764
407,0.7840966961,-0.8359024504,-1.2927262432,-2.8349685162,-1.5655869757,-0.3429155856,-2.3026464597,-0.9656874748,0.8834771156,1.6012412948
408,0.2606014712,-1.5146205633,-1.4888757468,-1.1727639710,-0.3880415446,1.5385018612,-0.1856398903,-1.4448686070,1.6318885034,-0.6645765736
409,-1.8308803056,1.0146220966,0.4409117648,0.2953051842,-0.6874121620,-0.0400769137,0.2329434329,-0.2911648750,1.9600371057,-0.8732730687
410,-0.3646577437,-1.3379136713,-1.2799864241,-0.9748940831,1.9067353102,0.1517601616,-0.7792883077,-0.6970685945,2.2858388904,-0.2353305625
411,-1.2339618458,-0.5235213652,-0.2406521256,-0.9409503480,0.8083198307,1.1909199936,-1.0604086427,-0.2254979547,-1.5562405436,0.7087035694
412,0.5605012698,0.6092333631,0.2292122743,-0.8062130586,0.0134259859,-0.9391584459,-0.8452446761,2.2277616905,-0.1277288901,0.1933283274
413,0.7807803474,-0.7659902497,0.3105343299,-0.5031794576,-0.8926410203,0.9748645750,1.8976523677,0.2631209487,0.2625177438,-0.4597806806
414,1.0709649161,0.3911855416,-0.3251875994,-1.3745358791,-2.1470295068,1.0137951872,-0.0710465383,-1.7922914383,0.4927967027,1.0618311661
415,1.9062859490,-0.4852435314,-1.1613464623,-0.5093603857,-0.6966541533,-0.4148518438,1.7981245321,0.7071669277,-0.3280389552,-0.2644832934
416,-0.0418647931,0.6439833106,-0.4747222718,-1.0231392926,0.2771570561,-2.0217681605,-1.4982068152,0.9418746308,-1.9136005844,-0.8326299250
417,-1.3285631106,0.6123139935,-0.2441298217,1.3691231324,-1.4411010218,0.1112859001,-0.6249518663,1.4602853688,0.0882812072,1.0625758957
418,-0.1392514567,1.5954860990,0.0339761626,-1.1729685777,1.7856673423,0.7100848845,0.2613031051,1.0029977049,2.2563413369,-0.5560998890
419,-1.8751357944,0.8955195517,0.2920972660,0.9789052000,-0.7524511228,1.0670880653,0.7880610171,0.9873792172,-0.1103257698,-1.7272738565
420,-0.1615445967,0.0208613879,0.2574089475,0.1095212967,-2.1784813777,-0.8419471585,1.6814467070,0.3168540791,1.1501415064,0.7164474437
421,-0.7202062741,-0.4208112604,-1.2348666757,-1.0265782067,0.8769770289,-0.0824467643,-1.3232830575,1.4653191980,0.8325766095,1.1056234857
422,1.1736105838,1.3066222643,1.4701679773,1.2605840247,2.0697910464,-1.5820611830,-0.2187275519,1.1168558696,0.9821309704,-0.8057786135
423,0.5729415345,-0.5126623308,1.1853011948,-0.4181412745,2.2257918736,-1.6590696824,-0.9676884983,-1.5363989388,0.2154937708,0.0773820238
424,-1.6279805240,0.6298642891,-2.6223708851,-0.4531587914,1.6286957514,1.8640032597,-0.9997174643,-1.8012146663,-0.3427652576,1.2976785615
425,-1.4613910093,-0.4098729002,-0.7252723955,-0.2342309479,-0.0705054253,-0.4642061710,-1.5157629343,0.7612697666,1.8083467740,0.8255380429
426,1.1227365279,-0.7604489640,-0.9167823176,0.2272691148,-2.5670704535,0.1030665766,-0.2704068980,-1.0053657676,-0.3240660291,-0.5974018052
427,0.2745212194,-1.6455023205,-0.7078952843,-1.9791063274,-0.8537502301,-0.4326295616,-0.5695128570,1.7750831190,-1.3143743719,0.2383959300
428,-0.7909429276,-0.0979453139,-0.5224133786,1.1422486138,-1.3647260693,1.3004650449,0.6554496599,1.5282703620,1.5334952854,0.1427858021
429,1.0581206905,0.5181439977,-0.1622964433,1.0313004854,1.1963438053,-0.8269972772,1.8611391407,-0.5768692191,1.3733272302,-0.7582539001
430,-2.4104997746,-0.3501460841,-0.0037902226,0.3839534033,0.6146118431,0.7853305365,0.0517984198,-0.6109309211,0.5364596911,-0.2099201645
431,0.4106697526,1.6879327290,-0.6048512488,0.5128086572,0.4117365380,0.2931104540,1.0631949966,0.2425561476,-2.9159584984,1.9726558227
432,0.3876638247,-0.0690182492,-0.4618800797,-0.8628919379,0.8641329036,0.0657260292,-1.7992189098,-2.7581998773,0.0063449802,0.1068490377
433,0.5190964260,-0.0308346577,1.5058079355,-1.3849163073,1.3489240150,1.5464250696,2.0828613569,1.3932015558,-1.1623150583,2.3468142863
434,0.4923444564,1.4155410952,0.4162605264,-0.6195096870,-0.8307386797,-0.1809764214,-0.2297604867,1.1328737969,-1.6924172044,-2.5257207942
435,-1.1405424425,0.3926060985,0.1177568868,0.5798794533,0.2530460281,1.7067263875,0.0210410427,-1.0166126932,-1.5791802199,-0.3294833441
436,-0.6450808202,1.4091726172,-0.0818953134,-1.3627284688,0.7738992287,-1.0863959213,1.4337330065,0.2771852550,-0.3363902568,0.4542481718
437,0.3633371775,0.8643604648,0.0639746791,-1.1263330405,-0.3111934309,-0.3315832044,-0.3320378469,-0.1029390506,-0.9336902565,-0.3862200551
438,-0.7874339028,0.6760173450,0.0594736028,-1.6455446584,-1.7579547205,0.6610382503,1.4451500238,-0.0335025841,1.8611092845,1.6193864921
439,-1.3945969122,-0.9571148006,-0.4436737043,0.9699297555,-0.8051120540,1.5759783920,-0.4312409468,0.6759568710,-1.6109962605,-0.5785931894
440,0.6276771672,0.1935774871,-0.7213490624,-1.1196256995,1.1122637868,-2.3890339086,-0.2490083189,1.6242574993,0.8369569579,1.8134378176
441,-1.3835448698,-0.0127601510,0.7291307220,0.9371891291,0.1881578773,0.1548041603,-0.7854645696,1.1657890909,0.3967143914,-0.5153742907
442,-0.7212646051,-0.9568672362,-1.4687613593,-1.0324845010,-0.9231384331,1.0260929885,-1.0080577320,1.2894182667,1.7434378502,-1.1376539296
443,1.0612612212,0.7574516638,0.0537352431,0.3845810234,1.4768334382,1.7523396714,1.0770295580,2.2977506938,-0.7022135189,0.9405497817
444,-0.7786548386,1.3456183784,1.6511169826,0.3362103608,0.9339455402,0.0373876950,-0.7035617486,0.9745823704,-0.0901541308,-0.1737205152
445,-0.7031038749,-0.7313024273,-0.6543324625,2.0011133623,-0.9001958991,1.2741334864,-0.6017094851,-1.2581461184,0.5696790596,0.5779848242
446,-0.1711750194,0.5979056667,0.3757697981,-0.7731236493,0.5630472342,-1.2832086852,1.1059089220,0.8298565141,-0.2453182567,0.5883517575
447,1.8287213862,-0.8620261201,-1.6878211309,-0.6805095984,-0.4781748399,0.9197366538,-1.8085445100,-0.8163361530,1.9689060559,-1.6563499246
448,-0.4562818992,0.6507995695,-0.0935630361,1.5422724713,0.6913845729,-0.7788245481,0.4288145649,0.1455400529,-1.0626450153,-0.6135293863
449,-0.6157386867,1.0772710939,-0.7805746529,-0.5928500436,0.2625451264,-1.2703285305,-0.1669709444,0.2372699348,-0.4951519482,-0.3909167710
450,2.0926522953,0.1597196692,0.6570707628,-0.3969369055,-0.2294407724,0.1406242918,-0.2792820233,0.7913123700,-0.2806254530,-0.8714855313
451,1.5037006464,-0.4135367766,-0.3900837753,-1.0512976957,-1.2125259533,-1.3725947462,-0.3615990558,-0.7476378858,-0.3801196233,-0.1736492392
452,-0.0163571245,1.3342077580,-0.0705266759,0.7980488419,1.1408831022,-0.4062684791,0.5514964776,0.0549436422,0.6686702183,0.6058378738
453,0.8746212814,0.5644440536,-1.8343240649,-1.7552271388,-0.8306134940,-0.1276947911,0.2640117864,-1.0653026189,-0.4990584685,1.2644349229
454,0.2623453259,-1.5935369693,-1.2887280175,-1.5048087622,-0.3074679199,0.0024306080,-1.2975756402,1.9532935046,0.6682404437,1.1771367117
455,-0.6984774679,0.3188308541,-0.2146307688,1.1650647547,0.5589640471,-1.2549659034,1.8928769586,-0.9419799628,0.8931045253,0.4194272437
456,-0.2223039272,0.9092791666,0.7934126178,0.6418944160,-0.3462022061,-0.1573689821,0.4832801648,-0.1184763882,1.0766717391,0.2342619120
457,-1.2557469750,-1.5607568822,0.0095073832,-0.4695525555,0.4758110508,-1.0390956431,1.0194522561,-1.0660713795,0.4124937007,0.1603489485
458,1.5789274327,-1.3042061773,1.1536898724,1.1433941640,-0.4893803502,0.5159519733,0.1370265746,1.5131841695,-0.2521630948,0.3959522649
459,0.5413594194,1.2305993114,0.2784676360,-0.5825219184,-0.6416163635,-0.1049443030,-0.6521908743,0.2548469951,0.6276663457,-0.6421294618
460,-1.8059995677,0.4281282574,0.5226814692,-0.1172208390,-1.1908575209,-1.2902601731,0.1276860079,0.0537504357,0.4186809887,1.1241549393
461,0.6133845615,1.1917338956,-1.1503853679,-1.0576645505,0.3355569637,-1.5303437373,0.0333951675,-2.0532843338,-1.2518889077,3.0030334404
462,0.2344845254,-2.1060963673,-1.5042964643,0.3086118253,-0.2807128461,-1.6811517316,0.8454111567,0.5244300642,0.1722430836,0.2319946302
463,-0.1464800442,-0.4104065635,0.7916607437,1.9021486520,1.4762077521,1.2845147069,-0.6794815713,0.1458192044,0.8970751968,1.7839994324
464,0.0534786354,-0.3988203569,-1.2211811705,0.9534208044,0.3134207009,-1.6409806065,0.3260380645,-0.5831441578,-1.2029839244,-0.5361137529
465,0.0596651421,0.7872251335,-2.4728857878,-0.7710472346,0.4949695409,0.9722679189,-1.1530628091,0.3564011891,1.9126484538,0.2985535817
466,-0.5641545312,0.1070347627,-0.8667671816,0.9115792363,1.3442048267,-1.0936155968,0.6661087177,-1.9650624432,0.1815924970,-0.5069719320
467,-0.6894983319,-0.2813343912,0.0891381489,-0.4869755999,0.6050569503,0.7551206277,-0.0693226012,1.5629211349,-0.0976115844,0.4905302445
468,1.5495196761,0.5726180136,-0.2778865924,-0.4402911199,2.8677787904,0.1237422110,0.9028061525,-2.5039675026,-0.3832064197,-1.4682360429
469,0.5709794624,-0.9694340326,1.2164707223,1.7463393341,-2.1478126097,-1.5119663088,1.2913924229,-0.1284671528,-0.4346261198,0.4064515485
470,-1.0264276056,0.3218341167,0.1016120645,-0.2877604692,-0.8814680209,-0.3824191941,-0.3870852305,-0.3223350511,0.9167409558,0.7579895540
471,-0.3327828532,0.1666730652,0.3834372028,0.5439485276,-1.2709337314,-1.1309583671,-0.1442871437,-1.3388592022,-1.9682760944,0.8116597759
472,1.6797710001,-0.0419471595,-0.4470335936,-1.5443953977,-1.1739050782,1.3327841172,0.5934479894,-0.2248763194,0.1253234338,0.2610763977
473,-1.3566385811,0.9382889719,-0.5593692123,-0.1968196150,0.5695301423,2.1204472466,0.2693386620,1.0382487521,-0.2162077632,-0.2997686644
474,-0.3439471038,-0.8562687185,-0.0994121629,0.5626092848,1.1420991768,1.1837026677,-1.2939532954,1.4204337795,-1.5727330159,0.1023236408
475,0.8336667248,-0.4052770800,2.0506439408,-0.9222941077,0.3140915719,1.1845094681,0.0825266373,-1.0995875216,-0.3475072796,1.7037139235
476,-0.8290910903,0.6192429737,0.5226212721,0.5057380432,0.8267077821,-1.2602559114,0.9802241092,-0.1131894768,-0.0145896649,1.0455525564
477,1.9914996394,-0.2735666491,1.6190096667,0.0101540613,-0.8784484179,-0.8735830259,-0.8824490278,-0.2458359118,1.0550639209,-0.7389929330
478,2.4055895113,-0.0952986083,-1.3606333006,0.8978854655,0.2880059993,-1.7843825266,-0.8264641121,1.5039607291,0.9929154521,-0.7684792719
479,-1.0979110802,-1.9476109909,1.3609498335,0.8016123648,-1.2485291743,-1.7160560031,-1.4435054527,0.0701199755,0.4038777828,-1.0074048991
480,1.2028406701,0.6159951783,1.5876010080,-0.2567929377,-0.5854502451,0.3356456127,0.4432373614,-0.3287896144,1.3810206484,3.0560489670
481,2.0408514584,0.7775066682,-0.7565953431,3.3354978118,0.6569158479,0.0348519407,1.5929217134,-2.0363334409,-1.9868160802,0.1602186586
482,1.2530726316,-0.3810023482,0.1797007914,2.2201562566,-0.1441423096,0.2338092491,0.1528822613,0.4177332948,0.8790707213,0.2187163360
483,0.0864451198,-1.3253542708,1.7889076966,0.0888780014,0.0486561407,1.0809881463,-1.6784643410,-0.2535193271,-0.1969767185,0.0801738379
484,-0.4558464496,0.0120629832,-0.3309144041,-0.1965676727,0.4307898164,-0.6430164442,0.7372950454,-2.1059736415,-1.0811936327,-1.2120010930
485,-0.3390736307,0.4029950014,1.3964755612,-0.4823496300,1.4217689941,0.0063851039,-0.4488407981,-0.2540320989,0.6601247571,1.2109655614
486,0.9723438167,-0.3149172536,-0.4423944528,-0.4024863062,0.5935712711,0.2138949917,-0.5861068072,0.8364548960,-0.5708778763,-2.1214371367
487,-1.4231379037,-1.0254166479,-0.0985586397,-0.2170508191,0.2176046689,-0.3732546840,-2.3913884035,0.8405780274,-1.3743417532,-0.1466490495
488,-0.5905267309,-0.9962996625,-0.7030332036,-0.1964882983,0.3321766493,-0.0236095078,1.4123493868,-1.4712903866,-0.0147766082,-0.2960842613
489,-0.6352944091,-0.6916165669,1.6931275634,0.5149999722,-0.7716418670,-0.2460499351,-1.8643051656,-0.1410089573,0.4249594123,-0.7969549757
490,-1.7885967876,0.6182632584,2.3538662799,0.4423020597,-0.2324560576,0.7564898631,0.9082287385,0.9122803130,0.4117990650,-0.0940836114
491,-1.1069450643,2.1783003216,-0.2325574544,-0.3798835434,1.4136581834,0.2757985741,0.0775486307,1.7728272719,0.9761693740,1.1426903069
492,1.3093150102,-0.2779270868,0.3543271876,0.1424831029,-1.1507664313,-1.7528999191,1.0265418731,0.5994501996,-0.5159230499,0.2450478130
493,0.9014671993,1.1800244110,-0.3402511185,-0.1875842903,0.1934298111,0.0949383858,-0.1815635354,-0.7892669920,1.0069776322,0.0013939907
494,0.8895312130,-0.7663208544,0.6256427132,1.9682926552,-2.3363101066,1.8935436370,0.3541794699,-1.6895242972,-0.3990282161,-0.3006964035
495,0.8430006757,0.5695382606,1.1070243074,-1.0226943999,0.1557945776,-0.6718005682,-0.2371978159,0.0745862070,-0.9210808238,-1.1800086378
496,-1.0110550717,0.2471379650,-0.6338628613,-0.6387523117,0.3380098731,0.2116310549,-0.8341042789,-1.2405396911,2.0670610514,-0.5830719567
497,-0.1876617693,0.5979961816,0.0690465324,-0.4649537383,-0.5155668321,-0.7672766984,-0.8479561267,-1.0866365977,-0.8448716064,-1.1684364362
498,-0.5692579263,-0.0239875226,1.9256936123,1.7825481514,-0.3447472604,-0.0937735636,-1.3000421153,-0.2182176931,-1.4773394347,2.2159461242
499,0.4698953211,-0.9044031499,-1.5568592576,-0.6152517358,-1.2571021639,0.8198197164,-0.2833769975,0.1562854037,-0.5319489506,0.2458759057
500,-1.6207263626,-1.3135125312,-0.0409528669,0.3639896398,0.0654875678,0.5836878994,-0.0588011226,0.1012960908,0.5445107347,0.7436375171
501,1.2800810665,-0.6937288972,-1.2111768327,0.9422844678,-1.9261629634,0.7081630472,-1.7417717606,1.3746047175,-1.1065329331,-0.7686348146
502,1.1099948730,-0.2480577908,0.4151356893,-0.3068175244,-0.1596598896,-0.8358189724,-0.2949573621,2.1434672977,2.0734278054,0.1148038956
503,1.0150420156,0.7602487927,-0.8069073447,1.1680192950,2.1237200838,2.9686176625,-0.0144380132,0.3663451303,0.4248924938,-0.6574498140
504,0.7634424616,-0.5918901338,-0.8587777445,0.4427626928,-0.7423772826,1.0843955175,0.4684591610,-2.0061832732,-0.4808591747,-1.1295298090
505,-1.6382971677,-1.2509018662,0.3193056642,-0.1721022789,0.7202804509,1.1032235793,1.6429011834,-1.3218175768,-0.0772301862,1.7704053263
506,-0.2763707120,-0.3847296484,1.3350159029,0.0555866720,-0.5378281243,0.0250477113,-1.2265897206,0.5502920042,-0.8607716353,-0.3686079132
507,-0.7032242891,-0.6138970562,0.5396868524,-0.7278316503,0.1911693495,-2.1260583257,-0.5126940593,0.7423412564,-1.5562650722,1.2327985447
508,-1.1939655572,0.6737558717,0.5639679791,0.7229798167,-0.2610252620,2.2633117119,-0.5956582507,-0.6509536909,-1.1482164686,-0.6564754272
509,0.1716778830,-0.0596867284,0.4300838169,-1.0998110011,0.1729295997,-1.0457868493,0.3335722651,-0.0013706166,-0.3753290433,-1.2888275851
510,-0.1314931166,-0.1465664010,1.0703027207,-1.5247697159,-0.2670092086,-1.7087645846,-1.5370065614,0.3660578033,0.3489608860,0.4827816846
511,-2.6633076484,-0.5293150207,1.0889474292,1.0055910994,-0.8812754443,0.6596039698,0.1797264826,-0.8458634528,1.2376561670,-0.4047160892
512,-0.5049187956,2.1551680743,0.1932583258,-2.1379072600,-0.9062144287,-0.1526780050,-0.9151968430,-1.0566925478,-0.6841278240,0.0893209786
513,0.0203995492,-1.0868424557,-0.6233499585,0.6801264311,-1.9087295403,-0.1470966567,1.0687113023,0.8751863582,0.2801302694,0.3208669560
514,0.2941865251,-0.0040931499,0.9725888658,-0.5123975828,0.7849681870,0.3742495434,-0.5599909566,-0.2125935742,-1.2156430608,0.8013230612
515,0.7177366741,-0.6087157234,0.1001785270,1.5747143374,-0.2378947060,0.4077523336,-0.5635593537,0.6238949170,-0.8093040342,0.8492272489
516,-0.2503972722,-1.2401589249,-0.2542733943,0.9768107684,-1.1412399576,0.4281622982,0.4388644233,0.5763678762,0.7351387269,1.4972210614
517,-0.4236974534,0.0214736984,-0.4528470375,0.4212311988,-0.5907937087,0.5602554689,0.5688784878,-0.0992992548,1.3699360956,0.9993179400
518,-0.0032249087,0.3973876641,0.2956392718,-1.8819552884,1.8787241859,0.1954786947,1.1140701751,-1.2116522418,-0.6123629305,0.5564145427
519,0.4977415185,-0.5140477764,-1.0033168735,-2.4845386965,-1.7653162822,-0.4499534784,1.3609860027,0.4898942751,0.9585533434,0.4844844013
520,-0.5829338336,0.2021381729,-0.3099329414,-0.3893782110,0.3781913295,0.5667307405,-0.5051437200,-0.1275905565,-0.5664366934,-0.6506226563
521,0.2696560344,-0.4034565761,-1.3335214879,-0.0689790212,0.4979214176,-0.3823317863,-0.1180231490,-0.6408582691,0.3094265371,0.5502097681
522,1.3199797491,1.5092380422,0.4460688141,0.3964347736,-2.1440268785,1.3600338659,0.7401435822,0.3500401629,0.0519858623,-0.7292887100
523,0.5978847317,-0.5074067067,-0.7846644108,0.2315710424,0.9662682701,-1.5853246007,-0.4470693754,0.5050031445,1.7529063891,0.9398722001
524,0.5034751895,-0.5189247415,1.2634540901,-2.9161341191,-0.0779888974,-1.3900776107,0.7792602758,0.0198203060,0.4797768530,-0.6079154281
525,0.3299692143,-0.5470022578,-0.1832807051,-0.2069157724,-0.0362637856,1.2772397562,0.6817607176,0.6979405719,-0.1851276513,0.3990441024
526,1.0496045329,-1.1672043005,1.7466369476,1.1066690939,2.1375355912,-0.1473488735,0.6469956924,0.3335657917,-0.5619062610,0.2309313275
527,0.6895674809,-0.2293358147,0.9823829127,0.7300297766,0.2736182352,-1.5598345701,0.7326925537,-0.7004140068,-0.4978443017,1.1605575465
528,0.4134363073,2.2626275282,0.1684437614,0.5769690989,-0.7342379802,-0.8080512828,0.1910157141,0.4511891632,-0.9797152057,-1.0582169240
529,-0.5078472614,-1.7664322817,-0.9318407152,1.0832941044,0.1658843735,0.8899482090,-0.3329887824,-0.4626439408,-0.6616477149,-0.9796897185
530,1.5355880599,-0.1538242257,0.4499702718,0.2951664423,-1.9622573730,-0.2367916518,-1.7740847963,-0.0442747477,0.1657110098,1.3445837436
531,-0.5526375873,-0.4848423660,-0.3841506446,0.2974175129,-0.4023964730,-1.1598798590,-0.0825720415,0.0302864267,-0.0056086567,-0.2421857254
532,0.1860975525,-0.4058065527,-1.7708424524,0.1453701646,-0.3424101206,-1.8060122428,-0.3428640188,0.3899888176,-0.1091347142,1.7867122172
533,-0.1909091899,0.0214077147,0.0759976698,-0.8204896477,-0.6633375088,-0.3112433728,1.4247666395,-0.5492503633,1.3127376559,0.4816826319
534,0.8493861181,0.2469162314,-0.0338461470,1.1302739685,-1.5766039655,1.7298912344,0.2378818669,0.4937188775,0.0875009704,0.9017624237
535,0.8773153915,-0.0236086570,1.0728638497,-0.3895736259,-0.7635887591,1.1162662772,-0.9597864774,0.1410091845,0.9691541594,-0.4210892452
536,0.4647768714,-0.6726947268,1.2175560934,-0.2543523959,1.6877881950,-0.9302766226,0.4104390251,0.0624176027,-3.4639288315,0.1209623128
537,0.9870689727,0.4494689190,-1.3182597830,-1.2407688572,-1.3102963538,-0.0459140919,-0.9858926909,-0.6648482329,-0.8258213566,0.7765955217
538,1.4577820621,0.3802451581,-0.2116176671,0.1366008459,-1.4385446971,-1.2810277971,-1.0336111517,-0.0267345927,-0.2772814705,-1.2357786089
539,-1.3962786628,-0.5714265616,-0.3490383705,-1.0638771752,1.8598198409,-1.2111192885,1.2975867529,-1.1383974770,0.5947912365,-0.1819493058
540,-0.1606724823,-0.0801145142,0.2391389628,-0.8215590226,-1.2009166576,-1.7383852542,1.4273480259,0.5150002758,1.0841794313,-0.1364571989
541,-0.1392394208,-0.4749117700,-0.1481631272,-1.1500528823,-0.2955583643,-0.1892688613,-1.3203010003,0.4756386406,1.1505484091,0.8606955683
542,0.4664024673,-1.2001634658,0.8906884800,0.7185940420,1.2334099235,0.2243875843,0.3423604394,0.5180866455,-0.6472839398,-0.3490347192
543,0.5374073806,1.2927469561,0.3338145140,-0.5772431438,0.5729208164,0.9575080569,0.8353868802,0.5807659610,0.4217519323,-0.7018331659
544,-0.7467002761,1.5193877579,0.4402626843,0.6509765108,1.8923474425,-1.8070935672,-0.2352341600,-0.0660620877,1.7130413786,-0.6211839307
545,1.0102419740,0.4381315278,-1.2473513325,-1.3819747059,-0.4427854153,-1.0409440868,-2.5568649197,0.2781339417,0.2350943723,1.5328792239
546,-0.4646523974,-0.9625312841,0.2685958082,-0.9501647998,0.6525160606,-0.8249708848,-1.2367814644,0.1628738453,0.5873922620,0.3572930314
547,0.0496927538,0.6075185452,-0.5493731280,-0.8257050212,-1.6087026090,-0.1084471040,0.8383500670,0.9806437058,0.0514068405,-0.4570300690
548,-0.1184802024,1.1523861517,-0.6453578526,0.1027325372,1.0048070243,0.2203225130,-0.6883287464,-0.7525651664,0.5338167419,-0.9057268082
549,0.9385618201,0.6224653312,-0.0472353571,0.6625481256,1.2332708020,0.6176401079,-1.0463216644,0.9464081719,-2.1938362168,1.0290348239
550,1.0727407691,-0.6819667975,0.5128747729,0.2764344838,1.3198337584,-0.3529081346,-0.5166635795,0.5392796758,0.1644954052,1.9519277549
551,0.9162124794,1.5130624752,1.3265120437,1.0464392797,0.4914969599,0.4125360877,0.6096218761,-0.9794940222,-0.5052762154,0.3534800933
552,-0.9815051916,0.9560300905,2.0775224018,1.0105864963,0.9066522707,1.3882115697,-0.9469371583,-0.2474139581,-0.2104467491,-0.0928194046
553,-0.6678423426,-0.1477005332,-0.0977071342,-1.3263309373,0.2752373943,-0.8219895372,-0.1056315762,-0.9508958163,0.4816092660,2.5123128672
554,1.3928375829,0.3433966600,1.2182159877,-1.1325897058,-0.0829373150,0.5892624494,1.0672449894,0.3611344939,0.5156311120,0.4563084657
555,-0.6779739199,-0.9793025570,0.7942461708,2.4923286262,-0.7381080666,-0.0301069493,0.8986139828,1.0756050954,-0.5629830581,2.0025005235
556,-0.0791183614,0.3226475806,-2.6409617076,0.3923205680,-0.1491502277,-1.3768584477,-0.5395328427,0.2873460163,-1.4074507474,-0.4194596088
557,-0.0757633526,-0.6332465825,-0.4419620625,-0.2405111187,2.8365097918,0.3589256758,-0.0496617541,0.6601453246,0.0951378625,-0.7436106889
558,-0.5585142965,0.5880021462,0.6261861642,0.0939566169,1.6159902863,-1.5343983477,-1.3114252254,-1.0723423131,0.7641597523,-0.6584743134
559,-0.5352789711,0.0227121603,0.7770488198,2.2086934055,-1.0870465694,-1.0941003493,-0.2005880861,-0.8246630818,0.2312907091,0.6779944808
560,0.2666713436,-1.2412261547,-4.0842675010,-0.3639011353,-0.0121301587,-1.8808009534,0.1010536903,-0.0316556284,0.3446583773,-1.2267755035
561,0.3065209267,0.9852355048,0.2370359647,1.4412260146,-2.3353997061,-1.0517428812,0.5191142509,1.0712152784,0.4905606744,-0.4951820929
562,-1.7666890773,-1.2179606027,-1.2656541630,1.9862104261,0.4024681987,-1.2963154527,-1.5709614279,-0.5941616153,-1.5919737519,-2.6405437230
563,0.7438151827,0.1696136915,-1.7054992306,-0.9417351338,-1.9493231530,1.8792238378,1.1462643600,-0.4838491917,-1.1281256417,-0.5070153371
564,-0.4253230607,0.2172206653,-0.3876146021,-0.6388031076,-0.8746225934,-1.2667021150,-0.0512133001,-0.0653839499,0.1085983399,-0.2574812197
565,-0.3844367603,1.0376607777,0.3970351829,-0.7121103587,1.2099711154,1.6707657677,1.2221049633,0.8731735111,0.8071210231,-0.3393630080
566,0.0064766914,0.1442870904,-0.1866690985,0.4344582133,0.8207683231,-1.2801624125,-0.3231799763,0.8982780025,0.5762657406,-1.8363925952
567,0.6476285705,-0.8238998939,-0.5798334979,0.3246049393,0.1579864883,-0.9693072054,-1.2673836490,-0.7047583036,-1.4521979535,0.3720485562
568,-0.1344938966,1.1963611661,-0.1975903715,1.2025748234,0.9190247039,-0.1549663243,0.6090401713,0.1308587527,0.5852075796,0.7315278109
569,0.5550662099,-1.2553054378,-0.5274537169,-0.5488434333,-1.7956837550,1.6879295045,0.1129423219,0.6580395479,0.7177531558,-1.6418620223
570,-0.5043940775,0.5972158814,0.6364728273,0.6569957821,0.0486043786,1.2277297304,-1.3093453739,2.2088913870,0.8937034796,0.4361500001
571,-0.4500362454,-1.3429420082,-0.1502244652,0.8969929696,1.9423379565,-0.7657071439,0.0497900654,-1.7873607408,-1.6400379806,-0.5263323763
572,-0.3924752121,-0.9995255783,-0.4911752002,-1.5179414206,0.5792113365,-0.9461184067,0.4759393381,-1.4961240341,-0.0412172174,-0.1373161921
573,0.2313157020,-2.0163056476,0.2182572321,0.3543933199,0.0094496149,-0.0545665909,0.3908034395,0.0011598639,1.1481084467,-0.5618367386
574,-2.2347462602,0.5987844318,0.2749117108,-1.0035942115,-0.0492556027,-0.9032487899,-2.2697545381,-0.1709720918,0.8151235773,0.4080564724
575,-0.4420009471,-0.7140156733,-0.4845882012,0.0645485585,0.0019303353,-1.1034675275,0.7434755869,-0.3898959199,0.8136667555,0.4644349518
576,-0.3464266312,1.1843388189,-0.0470428902,-1.1187423926,-1.3431836531,-1.5198378767,0.0300952057,0.1990883307,-1.1057755184,-0.5810682777
577,0.6347688689,-0.4862597111,-1.4215630852,-1.2775327911,-0.9652275393,-0.2985338808,-0.1197790038,-0.2806871899,-0.6102323830,1.6623688863
578,1.0845783068,0.1203588920,-0.8514873888,-0.4867006752,-0.7666600436,0.5359075607,1.5046034390,0.4807921369,1.2856960173,-0.3404941704
579,-0.9101462316,0.0679613312,0.2887080342,-1.0308279467,-0.8641583423,0.3325214832,0.3174260476,-1.3131332591,-1.1503454831,2.4891345305
580,1.4796343276,-2.2448617559,0.5385333224,-0.5012857231,0.7002296927,0.6762619688,-0.2564969134,2.5280141585,-0.9951004910,0.2236047491
581,1.4076910950,-0.8855148051,1.5321571373,-0.1752733026,1.1504200842,0.6872014898,-2.0737618600,-0.1929776461,0.7924742168,-0.7350631849
582,-1.4726039023,-0.6715057260,-1.3447197187,-1.0578006238,0.1701414926,-0.0427553953,-0.8768007307,-0.1683630055,0.9422172938,0.0274204525
583,1.0946787361,-1.6009739633,1.6559979483,-0.8779329116,0.5207283807,-0.3543919527,1.1225594198,0.6877897407,-1.2387244484,-1.8001288289
584,0.2498030088,-0.2418812113,1.1245238404,0.2565879736,0.0696391462,-0.4804822559,-0.2360474903,0.0814120202,0.6859881516,-0.0169521477
585,0.5034299633,-0.1517090280,1.1262349755,0.3464287839,-1.1770772679,0.1274555016,0.5873157574,0.8371611756,1.2853378641,-2.0804130965
586,0.8112576474,-0.0091226212,1.0503336681,0.2063869927,0.6804991905,0.3571725832,-1.5910259964,-0.8939371772,0.2996012006,1.9681271007
587,-0.4318555289,-0.8440978154,0.8965834454,0.4805470729,2.2044003771,0.9707660319,-1.1714870046,0.2676330744,1.3551799284,0.7808945340
588,-0.5691191420,-0.1074634363,-1.0478829203,1.5108334873,-1.5092600258,-0.1449565835,-0.9647683694,-1.3117727355,-1.5478772198,-0.4016319973
589,-0.9040950010,-2.0490528085,-1.2857394414,0.0775420567,-0.3723996373,0.8195957937,0.1448644484,-1.2461697355,0.4068611595,-0.0305585248
590,-0.8180214532,0.5832936895,0.0666383586,-0.0877230293,0.9936402747,-0.8305571359,-0.1790354895,0.8317633019,0.4805061656,0.4691987714
591,1.0471516166,0.1723808664,-0.2926811995,-0.2697780115,-2.3119027313,0.3836754246,-1.9968010035,0.2927891874,0.9304703231,-0.6680702514
592,2.3016021127,-0.1643831890,-0.7591038843,0.8946760957,0.3658105974,0.5562516546,1.4810475796,1.4862102792,-1.5557410031,0.5336190181
593,0.4546136308,0.8260983706,-0.3848131703,0.3949826907,-0.0087780210,-1.5821650473,-1.5303058695,-1.0452650125,0.2838590945,0.9236838659
594,0.0807232498,0.8548135503,-0.3039774002,-0.4170697959,-2.1012961929,-0.7455931458,0.6554233120,-1.6817856551,-0.5582456601,0.1618784445
595,-0.6777975952,-0.7888197638,-0.1516776200,1.4113883154,0.3034417719,-0.5531033249,-0.8971323724,-0.2663321186,0.3033480446,-0.5149482089
596,0.6927912542,0.2169212068,1.0190278529,0.5922724810,0.2475359061,-2.6354466551,1.6849494740,-0.0832266880,0.2315409822,0.5453048245
597,-0.3567512196,-1.3451956638,1.8833924961,0.6039558865,0.2693552209,1.3623665604,-0.5947057575,-1.0642771452,-1.3273907520,-1.0309930911
598,1.3751674460,0.7533134743,-0.6120354123,-0.2893022734,0.1978776391,0.6225588347,-0.0358650468,0.1250505464,0.5391495668,0.2184606858
599,-0.6753048055,-0.5751197452,-0.4135702516,-0.1337699805,-0.9562444590,0.3648587225,1.4915567963,0.7459745468,-0.2046484266,-0.0186719904
600,2.3216856798,0.0199271145,-0.0701399323,0.3694479947,0.9006264802,-0.7194463065,-1.0746833904,0.2155904849,0.1231344497,-0.2857718557
601,0.2770707786,-0.7245938772,-0.7447426862,-0.0238468802,0.4054246567,1.4001717072,0.9557373900,0.4409008910,0.3561185894,-1.0658789580
602,0.6576940177,0.1930605001,-1.2584562485,0.0262477686,0.7580920436,-0.8418716108,-0.7057693036,0.0224712211,-1.0551756931,-2.0778761211
603,-0.7897783782,-0.3805337928,0.2295865345,-0.6252136241,0.5555287674,-0.9809748213,0.2124416975,0.1652692933,0.8135587901,-0.6888752132
604,-0.0752987053,-0.4978715071,0.6578859781,0.2730906282,0.2238834957,2.8241420703,-0.1218515860,0.5174080057,-1.0397593768,1.2990934798
605,-0.1849791020,2.0629739400,0.7020907619,-0.4940976034,0.6276654915,-0.2904915014,0.3782101464,1.8088357820,-1.2225476458,0.7646343638
606,0.5435534212,-0.2822222844,0.6116587638,1.9108898574,-0.9072885881,-1.1444916307,0.4775948479,-0.8167705497,-0.2339109000,0.7970706974
607,-1.1850135708,0.0161975531,0.6151499726,-2.5660705093,0.6904316232,-1.3354482133,-0.0994396829,0.7441267958,-0.0985343986,1.1258873292
608,0.4702203684,1.3240275572,-0.5496987379,-2.1917436513,-0.3018463368,0.0773368263,0.0666937109,-0.4067427153,-0.1025612212,1.3051773945
609,0.4966939755,-0.6241621139,-0.4234470592,-0.9204180380,0.4350825366,0.0892416350,0.4456537934,-0.2226569959,0.1861384032,-0.4018917095
610,-0.4360258264,0.1890928011,1.5549651706,-0.0593682238,-0.2361309061,0.2685168912,-1.1891535113,1.5083726409,-0.4245541928,1.2029662091
611,0.4081543416,-0.8342865071,-0.1259729645,-0.7694265905,0.6763756607,1.6991465405,-0.1107814565,-0.3025247597,0.1596195146,0.4696587518
612,0.4895032712,-0.5840330536,-0.9334145179,0.6818621792,1.7796432556,0.4760689192,-1.2441049478,1.4088129960,-1.0112052996,1.2958318100
613,-0.8613769763,0.2550674686,-0.5035622452,0.9130440023,-0.3870418428,0.5747105570,-0.8033310015,0.3913473920,0.1110559086,0.2278883110
614,0.0137250449,-0.7732574681,-0.8351943063,0.4342119171,-0.7101802175,0.7966082252,0.9505165603,0.2622114227,0.7998412351,-0.2215120178
615,-2.8227274615,1.0759288119,0.7636853688,1.2179909929,-0.7627230540,0.6405959045,-0.7866105864,0.6449130703,2.0415058647,0.3897177524
616,-0.2088951192,-1.1458300525,0.0944540333,-1.5900766625,-0.6741780006,1.0094968885,-2.2918173909,1.7903715971,-0.0446817952,-2.1338963699
617,1.3937882140,-0.2736049455,0.8534683954,-0.2997536261,1.3444118312,-0.3615176506,-1.8026931715,0.5908858870,-0.7896880598,1.8676234559
618,-0.9349335243,-1.4231337427,-1.1687778466,-0.6022553047,-0.9533758138,-1.2076422846,-1.5353416992,0.1020300436,1.0046942644,-0.8539189032
619,-0.1987977693,-0.5516381752,-1.1320307035,0.2724729670,-1.3847999357,1.3023009919,-0.4611383560,0.5720214868,1.0669505790,1.0923515026
620,-0.1677467434,-0.7995781104,1.1020965436,1.2391268261,0.2915481879,0.7643533500,0.7040108389,0.6951513371,0.1714471759,-0.2285256327
621,-0.6484229095,1.3781027259,-0.3586121105,-0.6209654380,-0.9454925480,-0.0758395165,-0.0170251431,-0.0102267988,-0.2735812971,0.1187345304
622,0.1157775017,-0.4190245253,-0.6654926543,0.1271596103,0.9627327252,0.5033354336,-1.6208483758,-0.9808453568,-0.2866646578,2.4106110246
623,1.4941961518,-0.9003766600,0.9410868070,-0.9265692034,0.1043953871,-1.1472451657,-1.0351633534,0.4895811491,0.3964079459,1.1422657331
624,-0.2592322989,2.1002923873,0.1054653279,0.0659606096,0.5855911738,-0.0413812474,0.0470069237,0.0125055121,-1.4171002724,-1.0350669320
625,0.4886678098,1.5139801010,0.6874989232,-1.7434664491,-1.8561216367,0.7650652046,2.3697978172,0.3117671687,-1.0536696595,0.6721743524
626,0.0160236662,-0.8975920724,1.4131733154,-0.6479053690,-0.7371323407,2.7724885721,0.7439424481,1.4651211224,0.1619206165,-0.1362761755
627,1.2214989983,2.0326775930,-1.0269925618,-0.3130807566,0.7346664597,0.3765021393,-0.1108610248,0.8961395053,-0.3114969107,-0.9734870071
628,0.7641637908,-0.6847456289,0.4969553665,-0.5642875397,1.0489997584,0.2029031749,-0.0979998350,0.6572203354,-2.4134720058,0.0045529376
629,1.3144296871,-1.4106721322,-1.0394582786,-0.2401494947,0.1103342633,-0.7016280509,-1.3627359903,1.5014738800,1.4545271053,-0.9048413616
630,0.8041040541,-0.9456879705,-0.8432637421,-0.5296459490,-0.3491005155,1.6844885891,-0.3105938726,-0.5738934948,0.1415092865,0.3256629210
631,-0.8092232215,-1.2769421317,-1.3092833625,1.4587528004,-0.0080388481,0.2035212029,1.0810454043,0.5523130342,0.1461103235,-0.6912614360
632,0.6769699776,0.4499246022,-0.7432423474,-0.2919666830,0.6826514906,-0.2920465435,0.3445983098,0.0033792647,-0.0049229197,-0.2737754914
633,-0.5577790522,-0.5805333828,1.3928677981,1.2274150024,1.4096470047,-0.8036655704,0.5503380531,0.6762351619,-0.6952873248,0.2928619265
634,1.6726131397,0.7921801413,-0.0732476859,1.0782098203,-0.6620503895,2.0055368870,0.2823895089,-0.3628165411,-2.9018383571,1.9861147509
635,-0.9628266002,1.2363206803,-0.4715459101,-1.4074189582,-1.7265652443,0.6949021978,-0.1766630663,-0.3987862040,-2.3560600153,-0.6890638542
636,0.6435458519,1.0425510481,-0.6951752855,0.3598980698,1.5126442197,-0.3489620690,0.3066313406,1.0031812933,-1.5498751258,-0.2290684462
637,-0.7096460525,0.6928711336,-1.7752113902,-0.0912423283,-1.2245186876,-0.0140091478,-0.5943670664,1.1218282662,-2.1676806079,0.9912156425
638,0.4381633256,-0.5548249206,-1.3296529521,1.0604865594,-0.0519028246,-0.8159680157,-0.4170394263,1.5056553463,-0.1018606789,-2.1546246896
639,-0.8973704482,1.4625279456,-0.0287498319,0.4344608506,-0.1621093632,1.2774975181,-0.9117495108,-0.2471740675,-1.0031724066,0.3549505951
640,0.1522648856,0.2541841399,-0.7558724013,0.3655055249,-0.1326486281,1.7263379821,0.4680293351,0.4281417063,-0.6014334063,0.7553861829
641,0.1492669780,-1.1731938759,0.3657791337,-0.2395320286,0.2039504462,0.0246352526,0.5485884540,0.3150959680,0.1669320598,-0.2248034045
642,0.1314833109,-0.5753679067,1.6588646827,-0.4072812792,-0.2662213946,0.3432238454,-0.9853821242,0.7929287525,0.3155021217,1.1484875382
643,0.3699653634,0.0996199407,0.3164787068,1.9074913980,-0.5620027705,0.6374491403,0.9658393936,0.7361640827,-0.3512574092,-1.2177408248
644,0.3028487601,2.0287790217,1.1592948217,-0.2972231569,-0.4156721263,0.1144191772,-0.4456108320,0.6257779722,0.6492659397,0.0530164524
645,0.4127701966,0.0863534519,0.7498960602,-1.4910838549,-0.1316769083,1.1572522782,0.2781416769,1.3528461945,-0.3647963974,-1.5139419738
646,-0.0391061594,1.9974176775,2.7218051596,0.1063005126,-1.2533472372,0.6618534902,0.1284984412,-1.6168296782,0.1317998034,0.8238364184
647,-2.1883917893,-1.1693669590,-0.3758136558,-1.1039574013,-0.3012668867,0.7522939760,1.3195079813,-0.3864248173,-0.9359675434,2.6227874196
648,-0.7515257119,-0.6211355844,-0.1694876259,1.3388510716,0.8071043107,1.3956519038,-0.8102798232,-0.0091944304,-0.2247392803,0.4027317241
649,2.6165768801,-0.5684443664,0.1331355782,0.4858147696,-0.9147788043,0.5279973414,1.1675965954,-1.3296119675,0.5497856446,1.3691009793
650,-1.1571334402,-1.0229583057,1.2694499944,0.0302908565,2.1449884664,0.7895949286,1.1227110534,-0.8950933910,-1.8383867151,-0.2039420647
651,-0.2770393499,-1.2394095511,-0.5952437253,0.3449509327,-1.0300281411,-0.7093139715,0.2013102895,0.5376947163,-1.4501773487,-0.4270279099
652,-1.6280055454,-1.4324631993,0.8550580189,-1.3548049216,0.3522325503,-0.3884571241,2.2434881406,1.2261823784,0.7585766875,-1.4918081116
653,3.0921428070,-0.7701682195,1.4635439376,-0.1285162434,0.5536298713,0.1483254150,-0.0393149827,-1.4581753000,-2.7105045008,-0.1950597141
654,0.4025402376,0.0133554792,-1.0409595275,-2.1317937326,0.4401562129,0.3927973459,-1.1319550602,0.0902052883,2.3969009823,0.0541227989
655,-0.4457535937,0.8164131034,0.3859693117,-0.7802665801,-0.0732603005,-1.4135391932,0.5180885435,0.7053819659,0.0244314853,2.1775274442
656,-0.6930041537,0.3241153115,-0.3019464225,0.6067612284,1.2759486944,-1.5510332431,-0.1060942113,-0.0872426454,-0.4811941705,-0.6911233443
657,-0.2893381450,-0.3309499162,-0.9462660693,0.5691674372,-0.9100660939,1.3281647399,-0.1298151289,-0.3401576358,0.2614987928,2.3901757263
658,0.3111918285,0.0879479098,-0.1556734150,1.9514911963,1.4373972012,-0.8183047945,-0.9991524704,-0.9569270955,0.6185511679,-0.1727426074
659,-0.0719068700,-1.3554622992,-0.7214369522,-1.1100024101,-1.1185555937,-1.2181817720,-0.2019224506,-0.3185224830,2.1364275040,0.5965136310
660,-0.5174547425,0.2245996682,-0.7283823798,-0.5602764565,2.3492715959,-0.0902458597,0.5665363258,0.6512867062,1.2301681643,0.8582066346
661,-0.2266940694,-2.6131664330,2.0136177701,1.2977290423,0.4866283522,-0.2064518553,-0.5011264104,-1.4773048860,0.6088803496,0.0147063882
662,0.0276631930,-0.4819841371,1.1015428258,-0.2340608547,1.4243743918,-0.1152234404,-2.4750596248,2.8422709477,-1.7536545778,-0.2891060568
663,1.1772896494,0.1619738977,-1.0718367828,-0.0641728756,0.3838631677,0.4667116691,0.6179834443,1.4275930008,0.1824129514,-0.4724365967
664,-0.5963868067,1.9775666075,-0.9185053936,0.5881087114,-0.7772523682,-0.6816291581,-0.5790526106,1.2936634245,0.5424911073,0.2221907961
665,-0.3264354976,1.5932003126,-0.0639899687,-0.9177230441,-0.1243984314,-0.0533904916,0.2167014771,-0.3191326094,0.1799565161,-0.5150186750
666,-0.3402298101,0.5039148793,1.3815746782,-0.8266677800,0.7877436392,-0.4235753949,-0.2684612012,1.6399655927,1.3240564520,-1.0675691018
667,-0.9538899248,-0.3878540049,0.6392086986,-0.7607085171,-0.0175927310,-0.6701714940,0.5904075599,-0.5690121132,-0.1783603468,0.6669149036
668,1.1081102484,1.1134244790,1.7296110679,0.6236173881,1.1524727573,0.6119677274,-0.0511468152,-0.5352713715,-0.9699796822,1.4095551660
669,-2.6716255147,0.0129694318,1.2281403302,-0.9570493634,-1.0937353997,0.1004480271,-2.1171950558,0.2412115333,0.2109772339,-1.0164912986
670,0.0750760352,-0.5446693407,0.4798008631,-1.3402369214,-0.1237087328,0.7912229477,-1.0282613513,1.3329869733,0.1991145179,-1.6619191435
671,0.3469184868,3.0991655338,-1.0092993917,0.3110898617,0.8794368594,0.8377813020,-0.9431758623,3.4421846568,-0.3262289089,0.3178603452
672,0.6726056179,1.1905704553,-0.8405866641,-1.8539994729,-1.0977156968,-0.2352978143,-0.9388711924,0.8669615912,2.9938646596,-0.2905924320
673,0.5266915492,-0.2337854094,-0.5234853483,1.3705440386,-0.5570504818,-0.3214364851,-0.2923186973,-1.1969788743,-0.0972968552,0.9939521694
674,1.5624028246,-0.3028265950,-2.0732562438,-1.0455406355,-0.5608041876,-0.7914289088,0.2731979159,-0.4471415130,0.2677887495,-1.0638086157
675,-1.0891933898,2.4127758817,-0.9183734821,0.8166442218,-0.1272834901,0.6853980241,-0.9489238961,1.4225510444,-0.7117063360,0.5192662357
676,2.6797068212,2.2162611917,1.9983894054,1.5300755451,1.6438185076,-0.1257425299,-1.2375818503,-0.8794963190,-0.1437561847,-2.4945512767
677,-2.0522669340,1.1822506610,-0.5835995064,-0.9097424339,-0.2438361503,0.5252901656,1.1381463987,-0.4384462253,-1.2016799442,1.3209892554
678,-0.5125231651,-0.0169793772,0.8282622475,0.9034230205,0.0271542816,1.2073194233,-0.0937228350,0.5335820897,-0.9183190817,1.3555954156
679,-0.1204086902,0.3289603617,1.2892451000,1.3925900819,-1.8653628941,0.2066264460,-1.5276670156,1.4844397567,-1.6953531498,0.3410527143
680,0.0207334955,-0.5487602673,-0.5696390843,0.5203086595,1.7585140302,0.3751870474,1.3294267984,-0.0042728280,-1.1861614924,0.4774333892
681,0.0133953669,-0.1257698661,-0.9528781669,1.9675517964,0.8866968995,-1.0537533364,0.4021883763,0.4771031659,-1.0672528113,-0.1028279303
682,-1.5349956317,0.3028190512,-1.9517136026,-0.8458826543,-1.8835241025,-1.3731725748,-0.9497531516,0.2929137664,1.1612277690,0.0057891930
683,0.6033633296,1.0519753460,-0.5145232214,-0.8641743090,-0.2979670350,0.5460032463,-1.8088655555,0.6253437221,-2.3015078559,-0.4382584519
684,0.6940330751,-1.1879986695,0.0907223426,-1.7892835963,-0.7226916146,1.3814953090,-1.1628649980,0.6836329248,-0.0746052655,-0.5540101503
685,0.6306675605,0.0139373918,0.1288829480,-1.0368024175,-1.1241990829,-2.6909953623,-1.3758204374,0.3289942091,-0.5523922667,0.3354962384
686,-2.1901083202,0.5496509438,-0.6977688034,1.2923830069,0.1006404258,-0.6382403750,-0.8669397828,0.4656127995,0.0685389556,-1.9403018359
687,1.5177260400,-2.0770766657,0.7992724527,-1.3904782265,1.9487685217,-0.1216704792,0.4412245916,-1.9251281481,0.4212330973,-1.9924879179
688,0.6124868293,-0.6195513895,0.7294711975,0.9249462470,-0.7435993594,-1.5741679441,0.6015057642,0.6360020844,-0.4701012586,1.0409994498
689,1.2445128139,-1.3588247901,-1.0139557098,-2.1527313230,-0.8172121391,0.6452127480,-0.6272416307,0.1304953432,1.4063556991,0.4315838625
690,-0.9237790122,-0.1723073767,1.4758918911,-0.8860269653,0.5039861933,-0.2578710660,-0.3363586311,2.8045071273,-0.0308224693,1.7025159590
691,1.2500005347,0.7183931368,-1.5391805751,0.0451770084,0.7816573474,0.0039721555,0.5439682463,2.0968789152,0.9087220003,-1.2232784472
692,0.4745733591,0.2256404466,1.1067630019,-0.1311088046,-1.2827561532,0.9383958836,-1.1614234806,-1.1275942714,-0.0353593301,1.2848638857
693,0.0112406652,0.8224954145,-2.0414107953,0.0977206152,-1.3986609673,0.6322031804,-1.1463373037,-0.2556942466,-0.3293456762,0.4253355670
694,0.5801752831,-1.7268645004,1.1001521371,0.1731409037,0.8870588108,-0.2369808964,0.6075723126,0.0703820233,-0.1289994672,-0.2774463570
695,0.5270640450,-0.3869123796,0.2478734876,-2.2954215716,0.3223939395,-0.6534761648,0.0124231037,0.2279590883,0.6696566877,1.3385850329
696,2.2088201034,-0.6978521819,-0.3305318598,-0.2754727770,-0.1126456282,-2.2286506660,1.4638827276,0.7511592148,-0.2131804468,0.4634565838
697,0.2037126621,1.2423967359,-0.6841629503,-1.0155798732,0.6768771912,2.4866411120,-0.4209054605,-0.9914627917,0.8606688018,-0.7254214585
698,-0.2511159751,-1.0468469550,-0.4348133987,0.9548915077,0.5987506213,-0.3711607570,-0.0734381427,-1.7828001682,-0.4258890401,-1.4908129912
699,-1.7872275905,0.1079197114,1.1110397313,0.4944892810,1.1804031755,0.7934297417,-1.2658802487,2.2435152337,-1.4540178996,-0.7615236678
700,0.5401137024,-0.8149211536,1.7247779429,1.2001897669,-0.9372221498,1.3241671713,-0.7217838984,-0.8151663128,-0.0613640109,1.6005719977
701,0.9362255570,0.0164717087,-1.9889457762,-2.5473764810,0.4819426216,-0.9098915853,1.1124235918,0.5477809181,-0.7300490600,-0.4650012270
702,0.2435173199,-0.1629228216,-0.4240882792,0.6917599211,1.8747667245,-0.9229291174,-0.0182672924,-0.5512257797,0.0421984378,0.0738105449
703,-0.5995963954,0.5450888804,0.5274903276,-0.7415112524,-2.0150689094,0.6306261336,-0.8677187643,0.2464546993,0.2727256955,-2.0689861263
704,0.4424076532,-0.8090068943,-1.7078948440,-0.0070725383,-0.9743849289,-1.2741691665,-0.2184371664,-0.1855562519,-0.4396294204,-0.8566593499
705,1.6468360770,-1.1150719467,-0.1876224621,-1.3340571799,-0.6703693873,-0.9990841162,-0.3674338660,-1.1087480236,-0.0895629704,-0.9878719598
706,0.4895009693,-0.1166732456,-1.1611573685,-0.2414743312,-0.8209047853,-1.9004250647,0.5049695339,-2.8522985382,0.7352346722,-0.8739796588
707,0.5861923544,0.6666983907,0.3274821526,-0.6777238434,0.5700725842,-1.5804216645,1.0387825962,0.1560090367,0.0177849838,0.8569846520
708,-0.3220822621,-0.3651918588,-0.6716961261,-0.9588211433,0.0693077472,1.3609091830,-2.9119359600,0.7452682661,-1.2746479668,-0.7077296514
709,-1.8521968660,-0.9051626550,0.2070446546,-0.7400681813,0.1229392663,-0.0324567211,-1.2509434484,-2.5425192021,-0.6656455666,0.1531435787
710,0.1686960550,-0.1819861842,-0.7300185794,-0.9000817440,-0.1385433995,-0.8472461696,-0.0235645328,0.5373927032,0.9816431244,0.5561035657
711,-0.3508446240,-0.9179574538,0.6933679036,0.1118280103,-0.5008749863,0.8054728835,1.6689065889,-1.6875828088,-0.0896405149,-0.0167855663
712,1.1012258441,-0.2648444418,-1.1323316050,-0.8429890453,-0.6460757403,-1.7591019944,1.8119298945,0.7456954093,1.3098391600,-0.7524632352
713,0.9789932859,-0.3613849223,-0.1934769678,1.2671858877,-0.4940111256,-0.1925965377,-0.3587083744,0.3214802887,-0.2548500035,1.0295672556
714,0.2574656965,-0.3581334488,1.2271835627,1.0884308964,-2.1435444814,0.1461269138,1.0257213267,0.1389008536,2.4682869091,-0.1258415819
715,-0.2682684290,-0.3257790730,-0.1839102319,-1.0857560259,0.5126552543,1.0492902679,1.4772986651,-0.1131491435,0.2270995545,-0.5112763102
716,1.3472450300,-0.9347846252,-0.5376127112,0.7164916600,-0.5500894398,0.1411701787,1.2387772490,0.1820172077,0.9050477850,1.9654329934
717,0.6700012509,0.0374924231,-0.3931305619,0.8952242940,0.6642721781,0.9082158627,0.4365766507,0.0238081400,-0.7443357815,1.2816405245
718,0.7893390286,-0.4220546837,-1.2559672599,-0.6781831634,-0.6444293960,1.2934344763,-0.7776042394,0.1822330082,0.3751076897,-0.7950935778
719,0.2352061013,-1.0515048930,-1.0139700246,2.6754802669,-0.7834190102,-0.6402048366,0.7186092473,0.0162408518,0.2349970235,0.5529813960
720,0.2111805497,0.6179414714,1.2039769297,-0.4686060778,-0.6080675330,-1.2588235699,-1.0345577802,1.6101461401,0.9962743034,-0.4178753862
721,-0.9591981245,-0.1425902110,-0.1029075919,-0.2126144337,-0.7735049711,0.5325175761,-0.3135546143,-0.7261325854,-0.5454718928,-2.6688943651
722,-0.1659247962,0.8125199769,0.6384649914,1.1379903468,1.3615013143,-0.1772607654,-0.0728384876,-0.6143734516,-0.5397390579,1.0169751149
723,0.2260831411,-0.9250845902,1.2856477350,0.0253037694,-2.0384014352,-0.2758144059,-0.1178474620,-0.1207046901,0.0299282203,-0.0428809434
724,-1.4231947340,0.6562959064,0.0958282914,-0.0480174059,0.4282137529,0.7783165548,-1.8129661909,0.6646676085,0.5401283831,-0.1140487199
725,0.2477392916,-1.4532394656,-0.7061845980,0.0285744770,0.5601262496,-0.6048719787,-0.7190793380,0.2482070671,-0.7652622082,0.4120562800
726,-0.3839661164,-0.0099928248,-0.7820595059,-0.5826876058,0.2499004623,-0.5586715330,-0.7610779518,0.7386099356,0.1034618107,-0.3873126507
727,0.9719583850,-0.1056708238,-0.6866876369,0.5865862337,-0.2167685298,-1.3247766622,-1.0878253929,-0.1465957832,1.8017768689,0.6002176250
728,-0.6363636637,-0.1963352062,0.0375672444,-0.1787462286,0.5234672836,3.1541398971,-1.3634887128,0.2087860129,-1.2542504039,-0.6291644753
729,-1.2914285085,1.1901193625,-1.1305812833,0.6304990844,0.3680296298,0.7315310490,0.6002332655,0.4148360336,0.0734658515,-1.0775085629
730,-0.8036382698,1.7472464157,1.3420240445,0.4870864860,1.1947226132,1.5361415316,-1.5405892166,0.9693384855,-0.5362820918,1.8550460669
731,0.5440401227,0.7289078475,-0.2672799278,1.1102038467,-0.2756797902,-0.4690594619,1.4894163865,-0.0249970613,-0.6189173824,0.0533496497
732,-1.9684839571,1.1610798051,-2.1215965189,-0.4441971483,0.5842048567,-0.2666844697,1.7223471372,0.3559402509,-0.2169894274,-0.8007984005
733,1.0676921435,1.1474937803,0.8812806342,1.3501547590,0.3309762326,-0.7220830199,0.3447796428,-0.0487432821,0.1402601494,0.4202180476
734,0.4181872677,0.1686341347,-0.2613352548,-0.4010630815,0.1551943555,0.0802254833,-0.2082325523,2.6860341070,-0.0136214019,-0.6528958775
735,2.5050699466,0.9655202273,-0.8421691258,-0.8400401466,-0.9807861073,0.7345441504,-1.9036923779,0.7969360852,0.0478068487,-1.6996997589
736,-1.1071505616,-1.8629257603,-1.0725098986,1.6003818750,-1.0720973049,-0.6937668131,0.3647963275,-0.4075938200,0.7613676986,0.6098912072
737,-0.2509410747,0.0904263481,0.5084916482,-0.0768653596,-0.0306431834,0.0260748974,1.6291027691,1.2879702498,-1.0467601280,-0.1962699115
738,0.5666955102,-0.1955193680,-0.2091637067,-0.1134187917,-1.2711257857,0.7881953011,2.7949850514,0.7117522510,-0.6876389728,-1.9231764411
739,1.3194840981,0.1333183255,2.1636371527,-1.1186366860,0.2660528225,0.1605303434,-1.1912792032,0.1645280868,1.0227079627,-0.1448681422
740,-1.9815776090,0.8685558339,-0.2673874211,-1.5307567333,0.5486725732,-0.8736792868,0.2437761568,-0.4906396401,0.0766575668,-0.0956913196
741,0.2325117063,-0.6933859274,0.4371522676,0.7434225479,-0.8176049788,-1.7575604903,-2.1730043005,-1.3037625431,-0.3146016954,-0.4407310883
742,0.8572985958,-1.2352836120,2.2175829025,1.1046893706,-0.2574556722,0.0277290322,0.1498302772,0.9651595798,0.8800221757,-0.7609561144
743,0.5359605355,-1.8097725588,-1.1951766471,1.6716033330,1.2991131526,1.2648758526,-0.9759277734,-1.8041958218,-0.3956990271,-0.5262811431
744,1.1474861787,0.5783059034,0.1595374916,-0.1174418962,-0.4327872747,-1.6363134978,1.1698908604,-1.1524015520,-1.2871056626,1.4837990976
745,-0.4527512917,0.7707363260,-0.7119331115,-0.0241095348,-0.4428491595,0.3502966215,-0.0563129994,1.1894393011,0.1045239050,-0.0723957264
746,-1.0537340698,2.0245056774,-0.8802310224,-0.3195286879,-0.3796593564,2.0697476565,1.2421238457,1.4046758791,-0.0620959595,-0.5819185501
747,0.5500812189,1.0943169706,-0.2026951438,-0.1403124282,-0.1037581061,1.2462417800,1.3039541211,0.2268090160,0.4756700376,0.0689904487
748,0.5196610483,0.8714892425,0.9811934272,0.1075363413,-0.5704860254,-1.7449938497,-0.2854398322,-0.7173184703,0.5741929861,-0.7758909466
749,-0.5323214149,1.2044468748,1.2231617883,-0.1842650912,1.3344458154,0.1256640438,0.3287303117,0.9216625585,2.2252547902,0.5654126090
750,1.6888216238,0.2090195725,-2.7058861709,-1.5631580115,-0.7769357980,-0.5179364349,-0.1486331884,-0.6133547835,1.1584975250,0.5051736174
751,-0.1921992730,1.2379255441,0.2058027274,0.5125020690,-1.0014164719,0.3507100525,-0.3028362492,1.8301394099,-1.9527613503,2.1314200232
752,0.3410861139,-0.7916443575,-1.4995692504,-1.3473267083,-0.1173053276,0.4469704490,0.4039882029,-0.3090159263,-0.0339034060,0.1985272269
753,-0.9459246144,0.0857300827,-0.2115842526,0.5092812363,0.0333823248,0.5026756149,0.0626754069,0.3864339706,0.5233346032,-1.6839085850
754,-0.3445031839,0.5396749969,-0.9125998396,-1.7729268944,-0.9184939124,0.3672509738,1.8164790332,-1.7658708377,-0.6603284325,0.7733191718
755,-0.2445095556,-0.5982961812,0.9108917024,-1.0688880588,1.0791010450,0.6097785638,1.0620519479,1.0528410971,-0.7743429578,2.1884205693
756,0.7922942962,0.2053546898,0.2252765781,0.5068220823,0.6586234510,0.1603761292,-0.4723935719,-0.7469103900,0.3511764914,0.8437607627
757,-0.1635849010,-1.2022631364,-0.3771395358,-1.2501603177,0.3046938507,-0.2561987281,0.3923288437,0.2584568364,1.1129270822,0.1305264939
758,-0.4661050805,-0.9808398824,-0.6499058040,-0.5938080247,1.1589121242,-0.2415427222,-1.0435303781,-1.6574502737,0.6169206849,-2.5792426259
759,-1.4262452390,0.3014428524,-0.1126346954,-1.4716912239,-1.1108635411,-1.3354792702,-0.4701741158,-1.3258905103,-0.0366397839,-0.6516719783
760,-2.4777028997,-1.0508647814,-1.7820216853,-1.0295129176,-0.4731899357,0.5421665450,-0.3294452632,-0.8098761258,-1.0882807300,0.1748117806
761,1.7493006627,0.6929302810,-1.2180976493,0.5548566815,-0.6161926044,-0.0793508733,0.6730933108,1.1154157620,1.8042704263,1.2345725066
762,-0.0907141816,0.5328072544,0.1143241188,1.0880886692,0.9614588547,0.2430647935,0.2152280257,0.0955861314,-0.7829026938,0.7940002417
763,0.2259140316,1.7228211741,0.7491596960,-1.1508641829,0.4468681555,0.5069453991,-1.7042109587,-0.5562396308,1.1038284265,0.7686870271
764,0.4468498569,-0.8324250852,-0.8747676868,0.0526339901,0.9653484236,-0.0962675826,0.2334131687,0.3369498762,0.6996197228,-2.0205308333
765,-1.6630112371,1.5383962947,-0.4868393917,0.1454403714,-0.0352033684,0.4528619653,-0.5313005304,-0.2041529216,-0.6152600224,1.1917918679
766,-0.1246632175,-0.0361371172,0.9744118469,-2.2588354142,-0.3280994914,0.0047636124,0.6795322255,-0.1240584551,0.3611670811,-0.6882796296
767,-2.6657419972,1.4608295065,-0.3180905228,0.0322520591,1.0128270924,0.3055425587,0.1212403852,-0.1003907658,0.8501877008,-0.4725318787
768,2.9954057106,-1.1378430421,-1.2440239904,1.8548235726,-1.1261841572,-0.6485340213,-1.1765591600,-1.4613958467,-0.3639575467,-1.0234488654
769,0.9594895438,-1.0704069881,-1.1707130596,-1.1587495614,0.5410766081,0.5385567881,-0.4943494841,-0.4360877294,-0.0266888292,-0.6857578178
770,0.5189290478,1.0610891783,-0.0149338664,0.1439697694,0.0777144504,-1.6916501524,1.1685956136,-0.7021497407,0.6466096962,0.2208356288
771,0.8510061091,-0.7576773365,0.3239948902,-0.4802077519,-2.1442662476,0.2488695429,0.5115427526,-0.3553024305,1.0565298871,-1.3434102896
772,-0.6754325100,0.2277356559,-1.5464432638,-0.0692979503,-1.5639766532,0.5810563523,0.5685404088,2.6016217067,0.3700158669,1.0545303865
773,-0.1254363399,1.4401578045,0.4405941469,-0.5419205137,-0.4151726849,-0.0889777355,-0.2071917692,0.9421617270,-0.5910581806,0.1993526260
774,1.4012311696,0.4089801081,-0.6570223247,0.8086154505,-0.3221166482,0.4739573295,2.3489338889,-0.0832565067,0.4332461674,-0.3102748167
775,-1.0486972755,-0.4539024332,-0.0643546955,-0.5406668532,-1.4831735674,0.0913391734,-1.7648454642,-1.2161552965,0.1937035172,1.4443095686
776,1.0934872246,-0.3287545564,0.2747149793,-0.2177011556,1.5800624723,1.7745855599,0.8373499374,0.5910162945,-0.1383457680,0.5240796547
777,-0.2627724912,0.8871114828,-0.6392690087,0.8678563708,0.7304350450,-0.5632782876,-0.2337138745,-0.0689385198,-1.0441741797,0.6256843819
778,-2.3221404239,0.5998952765,-0.3697688466,-0.5630717569,-0.2288463588,-0.8257674827,-1.7583715281,-1.2220855933,1.2498543323,0.0964384931
779,1.8817704841,-1.1761262885,2.5159638447,-2.0504654477,0.4603337077,-0.3149191757,-1.6678650411,-0.9553343252,0.6903824627,0.8327681038
780,1.0616616693,-0.5820127159,-1.0564268211,0.1602860062,0.0851716390,0.5172352061,-0.6913412483,0.3111036025,-0.2479339700,-1.6106570732
781,1.1610302000,0.5030477885,0.2314055508,0.6900712399,-1.2152887260,0.4604626772,0.5762663369,0.0354092069,2.3356915318,0.0222472196
782,-0.3905663235,0.0645471715,0.2264310786,-1.3180267384,0.9811868415,0.1362418578,0.3647276759,0.0285510680,0.2247365676,-0.2102945941
783,1.7140792360,1.3042640160,-0.5139711688,0.0456590448,0.0932340315,0.9926787384,0.4109282010,1.1169745662,-2.0409024079,-0.5681755398
784,-0.9842184066,-2.0298489300,0.6111027603,0.9243535610,-0.6253124253,-1.4486277819,0.0066419558,-1.5220580753,1.3452149747,-0.1772383895
785,0.0826090381,-1.0616132036,-1.0867605331,-0.3222384242,-0.5983359257,-0.1537655112,-1.3071302866,-1.0383637708,-0.0808918538,-0.2062073539
786,-1.0713515955,-0.1771599143,-0.5088381018,-0.4441509956,-0.4993405542,0.8416322054,0.0866725372,-1.1213358936,0.2813370304,0.6547410170
787,-2.8243150493,-0.6926622228,0.1010794980,1.5799680651,-1.8039676084,-2.0680411436,0.1768798751,-0.5359885199,-0.2650089377,0.4148590189
788,-1.7053532412,-0.0273284098,1.0549990843,1.3631730329,0.2155155968,1.6934453436,0.5640517158,0.2007680886,-1.2534563495,0.4232152932
789,-0.1891118569,-0.0530723606,1.0417768040,0.1310013125,-1.8520966648,0.9869855797,-1.5312797140,-0.2627041615,0.4096529967,-0.2564400892
790,-0.3905353835,-0.3035876503,1.0564164722,0.7611633142,-1.1257575925,0.6801198239,1.0728262892,1.3412801920,0.5781462367,0.0943936574
791,-0.7812229127,0.1065391052,2.3282619758,-0.6265910465,-0.6027936464,1.4061026639,2.1947602730,1.1920098111,-0.4267301278,-0.3448830861
792,0.0841270603,1.0649877186,-0.7307902317,-0.7502282560,-0.3004068152,-0.1151878782,-0.0459570409,0.0096617209,-1.2545112418,-0.3882619656
793,0.7181225484,0.5938031400,0.5027722494,-0.5354168197,-0.1172623740,0.5712349511,0.1245494912,-1.1559425402,-0.1610870260,-1.1904562038
794,0.3939836504,-0.9629115055,0.5283158843,-0.3579145844,-0.2855282180,-0.6942533806,0.3765332298,-1.4956666830,0.2353101528,0.0505074450
795,-0.5208469957,-0.6865366185,-0.0258699145,0.0971602643,-0.2413214982,0.9553542526,0.9077491846,-0.0358777410,-2.2051978742,0.2917762122
796,-0.7305837970,1.0389736857,-0.1678927479,-1.4805442960,-0.3868899572,-0.3457984400,1.1955303960,-0.7179777473,-0.5478972556,2.1119407091
797,-2.6277554779,0.1676007205,1.5631652276,-0.4226525979,0.7923296807,-0.1545374201,0.0374985963,-0.0242544411,1.7369588719,0.3822824874
798,0.0703689868,1.5806456926,0.4269770068,-0.6227289429,1.2097052662,0.4306223587,1.6408359834,0.0296668535,1.5275899828,0.1190122628
799,-0.6948489864,-0.2071365336,1.0882418975,0.1846730572,0.2355370856,1.9519516887,1.3256566742,1.1152447705,-0.1768745534,-0.6049228012
800,0.1547818165,-1.8658344247,-0.5679394037,-0.0768547025,-0.9727426768,0.5870455688,0.9060584634,-0.3477115020,-0.2423816774,-0.9020342538
801,0.2578421703,0.6149246380,-0.6825858362,-0.9020914608,-0.6843591703,-1.2067176621,-0.9130253434,-1.5649495160,-0.8850679283,-0.5988886696
802,-0.9360150234,-0.1655984871,-0.3290104642,-0.9475765237,0.3725277278,-1.1936403313,0.7041396362,1.9381742533,1.2466725293,-1.4996903477
803,1.1251454745,-0.7228753785,0.4839170681,1.2043006617,-0.6808746625,-0.4762459704,-0.7795690069,0.6037381612,-1.0897708096,-1.2048101318
804,-0.3559995905,-1.4279695360,1.2162588515,-1.1919993261,1.0315750956,-1.5265132754,0.3438679308,-0.1182868559,0.0910451805,1.7801256874
805,0.0373137359,1.1235131905,-0.0097126621,0.2557465001,-0.0578978827,-0.4465972679,-2.4587567089,-1.9513803109,0.2423373790,0.7760043065
806,-0.1700354318,1.0847588345,0.1896466198,-0.3573806618,-1.0258232572,-0.8360765943,1.4619964980,-0.2067208514,-0.9184212833,-0.8911115661
807,0.2975471526,2.5988322181,0.6228757414,-0.1440108141,-0.9441658262,-1.0995083306,0.4377288132,1.1410812919,0.5058844927,1.1430411016
808,-2.1727050514,-1.7748486095,-1.5967886395,-0.4666574561,1.7945026926,0.4203179461,-0.1628546634,-1.4340806766,0.1666454650,-0.5256528681
809,-0.1872081589,0.9772488838,0.2931344248,-0.8870798598,0.0830472009,0.1725312392,0.6863160083,-0.8672002787,0.2978062611,0.4559904616
810,-0.3865613947,-0.2185975541,2.0405513078,1.4425798672,-1.5762141832,0.0071917433,-0.2729392480,0.5258498926,-0.2214653809,1.7667438017
811,-1.0108142999,-0.0576106853,-1.7548323909,-1.3784359698,0.1434387180,-1.7309704825,0.1412270287,-0.3836225578,-1.1017778211,0.4590490527
812,0.9795795381,1.8230403948,0.4817562702,-1.3634078181,1.1457848154,0.3020744264,0.0503014038,1.6937413666,-0.3595293664,1.0072269457
813,1.2702492521,1.4406412811,-0.7669726771,3.0166889889,0.0245627799,0.1475668419,-1.2264449524,0.3455324956,1.1650234856,-0.2422912519
814,1.2448076296,-2.2852101175,-0.9970555216,0.8166529872,-0.8267354969,-0.6928672782,2.0213507856,-0.4095489431,0.1860910357,-0.1770620147
815,-0.1355480003,-0.6010131298,1.8318303081,-0.3670081574,-1.6365047055,0.9737057442,0.8481959673,0.6072537217,-0.2931416070,-0.6277517411
816,-1.0032545787,-0.1737092321,0.9598762369,-1.5810351094,0.3521148942,-2.5622068162,-0.9636892577,-0.4645881881,-0.0670703495,-0.6362491709
817,0.4260673826,2.3376364145,-1.3964969552,-0.1284611834,-2.2370328020,-0.5411735124,1.0900527082,2.5885071773,1.7984647237,-1.7309500251
818,0.7996074041,-0.1609232423,-0.5660060633,0.4992530425,-0.2529534942,1.7006775810,-1.1851600115,-1.0795714178,0.0473618714,-1.3637754802
819,0.3848018623,-1.3876554953,0.1750982774,-0.1041458212,-1.5862865016,0.1850390153,1.6471311239,-0.8186720158,-0.4647703667,1.1298604561
820,0.9638060156,-1.7296556949,2.5210694150,-0.0200601055,-2.1674030015,-0.3632704582,-0.7360557394,-0.1609495689,1.0453546671,-0.6443046357
821,0.3871245172,1.4236414192,0.5917449772,-0.4836577343,-0.5444179284,-0.7333756988,-0.0287843549,0.7801866231,0.4188894383,-1.9215639329
822,1.2267971934,1.1947925012,-0.1342796689,-1.0966184031,0.2401391596,-1.5143948277,-1.4824195585,-0.0530947685,-1.0371925049,-0.8440215389
823,-0.6034213188,-1.4232122614,-1.5351675740,0.3317384770,-2.0360736830,2.2959617275,0.0247067442,0.5033438346,0.0537312883,-2.0396172897
824,0.0699809204,0.8531739773,-0.4287295188,1.4418498511,1.5183392697,-0.5009275357,-1.2218182327,0.9251071041,-1.3049277773,0.3050751743
825,-0.2263244160,0.9868704114,-0.1539596026,-1.9759691684,-0.5432480173,-0.9762684871,-0.2054310005,0.5642217892,-0.2735614345,1.4399286039
826,1.0679052174,-0.0865841169,0.1975811482,0.0151756657,0.0577683592,-0.6868437574,-0.2822014411,0.0091790322,-1.0346701737,0.6272211031
827,-0.9021901495,-0.7788351984,-0.2108741820,-0.4921165606,-0.4619481524,1.4161192091,0.5713518928,-0.6141484098,0.5133829705,0.9085500710
828,-1.7942433842,0.3552791650,1.7784218780,0.0757159859,-2.2775732833,1.0121421020,1.5362297720,-0.7766252175,-0.9853945965,0.5394313533
829,-0.9119150436,-1.1876011003,-0.9527774282,0.9253870760,-0.2928230604,0.4859535645,-0.4877793535,1.1847313340,0.0345744858,-0.3825197340
830,-0.0872802791,-0.2891437715,0.8270059569,-0.0469055720,1.3237960587,0.4315010084,2.0827092533,-0.9224932539,0.0295148066,-1.0187435992
831,-1.6352837666,-2.1937591022,0.1401061618,-0.6644065205,1.4987442079,0.1230880708,0.6297590428,-0.9504965317,-0.6902684471,1.2318671510
832,0.7104344087,-0.3481065535,1.9167840450,-0.7166230594,0.1392023108,0.0795944617,-0.1330758079,0.6350937581,-0.1481676414,-0.0761383308
833,-0.3945806042,0.3860460980,0.4475556221,-0.3667603735,1.9463456250,-0.0925884983,0.8632745204,0.4127549865,-0.3947532690,-1.6245168021
834,-0.4775456828,-0.1206502794,-1.1180393708,-0.9036271373,0.2321670730,0.2567867147,-0.8946961078,2.2687549067,1.1884689332,-0.7473200521
835,-1.2209134246,0.9194967879,0.7056018208,-1.8896328750,-1.2969815797,-0.0258454137,0.0747805365,1.7182743820,-0.7462199336,-0.4410555296
836,1.6541170641,0.5420092682,1.7590212559,0.4794326669,-0.1914595493,0.1405909567,-0.6336548361,1.5728262736,-3.0730812897,-0.6581402672
837,-0.2336384680,-0.0330656380,-1.0199553815,-0.5285236156,0.3387306292,-0.0240915192,-0.0816671079,-1.0892065573,-1.3681581046,-0.3943840130
838,-0.1226837244,-1.7108918584,0.9443849864,1.3942277420,0.1004889471,-1.3201473367,-0.1286091172,0.4384885213,-1.3370103567,0.4880043393
839,-0.1169839476,-0.7445507781,-1.5889290396,-0.0668701859,0.2725873733,-0.2334189806,0.7262904823,-1.6516358742,1.9716359862,-1.0958816374
840,-0.1448917091,-0.0605204593,-0.5272351120,-1.7645260796,-0.5976135096,0.0922451313,0.0866161930,-0.1103167837,-0.3278986478,1.0405651049
841,-1.1284641946,0.0388409316,-0.4154905382,-1.5265474843,-0.0626287406,-0.5348075621,0.3197075098,0.6289166151,0.0963148003,0.4099839022
842,-1.7570943071,-0.3987068830,0.1397845397,1.9485068546,0.0153022229,0.1286745348,1.2468569117,-1.6177299610,0.8375663647,0.8463645946
843,1.0008912603,-0.2846432523,1.4292315327,0.2082440828,-2.5463187105,0.1805847897,-0.5881279499,0.7655555739,0.8543089686,0.1661129907
844,-0.1360523435,-1.1632465068,0.1848504536,-1.9446787469,-1.2270984503,-0.0530925331,1.0641922125,-0.5217400468,-0.3152328725,0.4276274735
845,-0.1115321543,0.2068445812,-1.9382703158,0.8625451888,-1.3868378364,1.0233911946,0.7842553043,0.1745122534,0.6368425865,-1.9402423809
846,-1.6477041772,-0.7253992500,-0.2217209381,-0.1156457549,0.0433784316,1.0385062451,1.2327752102,0.5872563062,-0.3739605096,0.6767487881
847,0.0410852904,-0.6099664119,-1.7397485257,-0.2397579302,0.0956848194,0.6108571692,-1.2926598933,0.0189442973,1.3338322491,-1.2172506090
848,1.3164952459,0.7514658595,1.3197635501,-0.4042764848,1.5314262116,-0.4538621034,-0.2109930400,1.3738502711,-0.6780994581,0.7474106988
849,1.2250389030,-0.9057797736,0.9752074981,0.2462822991,0.5397190223,-0.1509050949,0.9641727594,-0.3441218787,1.1192027434,0.1869677340
850,-1.6941945720,-2.4532070033,-1.2791494969,-0.9401131048,-1.1706719972,-1.2473748126,0.1295677813,-0.2806505298,0.6471169888,1.9459512390
851,-0.6300992936,-0.8554094558,0.3498682193,-0.5163289018,0.4291341948,0.1572427757,1.0003596446,-0.8028447810,-0.9634490327,-0.7506259367
852,1.7145173084,-0.8377946926,0.9203706440,1.3085459264,0.0843172701,0.3220993907,-0.4150354587,0.0672784168,-0.3147423668,-0.2454273960
853,-0.8321290291,-0.2167458089,1.3887438940,-0.7148855262,0.8381393914,-0.8315388105,-3.0281387598,0.1395006380,1.0908375937,1.0705297867
854,0.3516749312,-0.1675963951,1.3182344990,0.2034336843,-0.5666820658,-1.9266368875,0.6657738470,-0.0350664615,0.8123485268,0.3088985315
855,-0.4374009695,-0.3483950731,-0.4808978309,0.6534493668,-0.0976578846,-1.8310245114,0.3571686633,-2.1621187781,-1.4231159613,0.5500712905
856,-1.2749847031,-2.1427087526,2.0390675920,-0.9368039728,1.0925004956,0.3152892205,0.8451106021,-0.4513144425,0.1828508427,0.5379617660
857,0.1112817268,0.0236509577,0.6415989905,-0.0683642187,-0.7290218919,-0.0293323518,-2.1780007425,0.4989787516,-0.8839538660,1.7825966998
858,-0.0406582880,0.8205631714,1.7776765240,-0.2173627951,1.4853294790,-0.6590501772,0.4851763075,-1.3172655098,-1.7481231014,-0.6730573476
859,1.2424452712,0.5303429162,-0.1168997771,-0.5592472687,1.0290960261,-0.6544185163,1.0137689530,-1.3582081917,1.5010045694,-1.4247831466
860,2.0400163119,-1.1309076691,-0.3733375219,-1.0593516267,-0.4078516546,0.9688338107,1.0201932536,1.3331656318,0.7446655498,-0.5315502715
861,0.8455569896,1.3781975525,0.6788750881,0.2778097635,0.9334011810,-0.2159793230,-0.0745577345,-2.3532767367,-0.0834885540,1.0880893094
862,0.4724986039,0.6264707713,0.9258229199,-0.6229048738,0.9310322729,0.2648548309,-2.3047495448,-1.5651880065,1.1781060484,-1.5549023389
863,0.9807453253,0.8914035297,0.9191491254,-1.1871654635,1.4991545464,-0.8057462977,1.9992086575,-0.3457298773,0.7099860556,-0.7206222612
864,0.5018469183,-0.4608775448,0.0727528341,-0.7514402053,-0.4474162980,-0.5138734164,-1.0354898402,-1.7990164026,0.6629487729,-0.6536286001
865,0.1597971460,-0.5290061707,-1.0087616619,1.7391346791,0.3969948684,-0.5113925855,-0.4202088278,0.1163030336,0.0894963159,1.0267105975
866,0.7068045312,-2.3442988518,0.7644122492,0.7839711557,-1.9257653608,-0.5081792230,0.2564791782,-0.4646489237,0.0564720421,-0.6024882226
867,1.8876867612,-1.7674920080,1.3147299818,-1.1445299848,-0.1560392135,0.4877042814,-0.5551116398,-0.2551732578,0.5879095932,0.0586931069
868,1.7027991035,-0.4942751196,1.9726859224,-0.4558200325,-1.7168852046,1.2038530786,1.2740443090,-0.7683490006,-0.6948773486,1.5742901836
869,-1.5502644635,-0.5343749319,-0.1042056346,-0.0731992558,-1.6725878566,1.1767287200,-0.5967066999,-0.0258155357,0.9013371806,0.2108083636
870,0.2163093843,-0.3670976462,-0.0150251693,0.6083492454,-0.2316718503,0.8943961621,0.1321523468,-0.6792102311,0.5526880133,-0.8119200808
871,0.3056947812,-0.0504512779,0.1111782860,-0.3582541712,1.4713913333,1.1573449598,1.1440691356,-1.1047179756,1.3607883403,-1.0321504938
872,0.7706931186,2.3285258281,1.1407467811,-0.1921619443,1.2486863772,-0.1733236379,0.1070079777,1.4983387258,-2.4433397852,-0.7011477400
873,-1.8132889918,0.1322280877,-0.0391794572,0.2145500606,0.7182173773,0.7066486458,-0.4961821760,1.1740093945,0.8950914954,-1.3473861093
874,-1.3767856156,0.5121498286,0.0990292926,-1.1445285287,1.1243908000,0.7249923667,0.3943210387,-0.5215394479,0.6220850169,-1.3070022618
875,-1.2834990263,-0.4649485172,1.7334722702,-0.6367824800,0.4673622248,0.1344194885,-1.5885252761,-2.8103550871,-1.1481553357,-2.5139996146
876,0.6566924268,2.0119950681,-0.0979794905,0.1790468793,-0.0081585263,-0.0008448660,-0.0547980207,1.4585593744,0.8665316940,1.1644049150
877,-0.4483573573,-0.0865557603,1.7268157049,-0.1696678056,-0.3105493274,-1.8464962752,0.7177824813,-1.3332915029,0.5536340882,1.7881264211
878,-0.1734043815,-0.5959304517,0.8724746074,-2.6079427698,1.3078724558,0.0230539933,0.8648596755,0.9019814815,-0.7374467374,-2.2773314320
879,0.4074838338,-0.6946870223,-2.3058633103,-0.1075467021,0.1058887282,1.1373048997,-1.5509079353,-0.6310783474,0.5447389487,-0.6453717538
880,-1.9738364628,1.5030447469,1.0030547677,-1.0150181410,1.1612535392,-2.3053324724,0.1261883973,-0.6615747278,0.6484030126,0.3038298511
881,0.8844815802,0.1253897871,1.4894313475,1.1984528501,-0.5182771820,1.1384917417,0.8053176395,-2.2720481862,-1.4397105533,0.4977166639
882,-0.3012121648,0.3580493749,-0.8778904293,0.5406048358,0.9332699445,-0.1988981369,-0.4642684229,0.2705265441,-2.0274831870,0.9849782078
883,1.1169265880,-0.9192695526,0.4130462585,1.6458678710,-0.9679279804,0.8233944736,0.7355988031,0.7533629656,0.3678552474,0.1918951653
884,0.0848728043,-1.0250779735,1.0068066830,1.3569688391,-1.8227919533,-1.0470061570,-0.3172855093,-0.0543340579,1.2425123927,0.3972866505
885,-0.3558007751,1.8353350307,-1.3411892675,-1.0320549953,-0.1264251695,1.3529677916,0.2843149016,-0.6561847763,0.4455332258,1.7552244086
886,-0.5987551735,-0.3836612024,0.1168935954,-1.3694554705,0.1967305371,2.4199450754,-2.4500017618,-0.7552716669,0.8101266708,-0.6058688164
887,-0.2079130824,0.4728926994,1.0234045470,-0.9646530973,0.3912718202,0.7799203444,-0.3817342341,1.1564201746,0.0802030800,-1.0632588414
888,-0.0867231943,1.1488926601,-0.6113860122,-0.9359381632,0.5059472577,-1.1173698307,-0.5218496710,0.7002933889,-0.8105914826,0.4657631525
889,-1.5176798315,0.6697050363,-0.4223894452,-0.1157622690,0.2090815610,-0.2396423896,0.3538353114,0.4092646769,-0.8830180953,1.6625179184
890,-2.5303443119,-0.5500458194,-0.4799832915,-0.4332696938,-0.8012490459,0.1351631916,-0.1443281181,0.0061208207,0.5004190655,0.8189974477
891,0.0514442333,1.0852683603,0.6450128803,-0.0288251550,-0.5053218568,0.9804368123,-0.4884790274,1.2278866560,-0.7388393970,-0.0647061874
892,1.1688859688,2.0923309181,0.1428405249,-0.3114994609,1.0805459157,-0.5263386102,0.4294013679,-0.3216240740,1.0196843166,0.6361494124
893,1.1791937038,-0.8422264357,0.4479888182,-0.0991039685,0.9320671013,0.2000425364,-0.0616517537,0.3425109288,-1.1916655197,1.6236877529
894,-0.8051637273,0.0002258168,-0.9230178109,0.2822770574,-1.6213386111,-0.2924433770,0.0138760286,0.2763907320,1.0379657882,-1.6065069627
895,-0.1058639126,-1.2212708129,-0.8490232133,-0.8162034521,0.5172094500,-0.2584678606,0.7600834969,-0.0675011459,0.1167560162,0.5339545748
896,-0.3496586138,0.3340253951,-0.3098087049,0.7774689291,-0.3525465513,-0.9390909294,-0.4738423964,0.2345718665,0.0669200261,-0.0481746019
897,-0.8334038404,0.1087259095,0.6016221548,-0.1593647118,0.2707068848,-0.4548702174,-0.7901357368,-2.4772704273,-0.5148569179,0.2566607445
898,-0.6542456443,-0.1795283098,-0.6026129700,-0.0593334857,0.2314711429,-2.6170717082,-1.7570991011,-0.0480807091,0.0485501279,-0.2920447170
899,-1.5854218772,-2.2399102210,-0.3701414806,-0.5088608887,-0.3174957915,-0.1308491047,0.6097422574,-0.7836073970,-0.8511495536,0.5676356395
900,0.0395598864,-1.0538921479,0.2042135777,-1.1338442986,-1.5808126067,0.7017217527,-1.0727453358,0.2163635158,1.2701271574,-0.0981684130
901,0.5572715458,-2.1603398925,-0.4676312175,0.3187899460,0.3255084705,1.2120487789,0.3465931563,0.1582959969,-0.1215921693,0.9155203492
902,-1.9857363877,0.6062392172,0.9069695135,2.4881874394,0.0677503000,-1.2680790443,1.6220015132,-0.0169949254,-1.7309333939,0.5736302601
903,0.6113461656,1.2554672846,0.9791944953,1.8196905674,-1.4256930573,0.5986258823,-0.9771863447,0.3797832684,-0.2239719929,-0.7334255558
904,0.6699448103,-0.7952427273,-2.2446580636,-0.8748991481,-0.5419662769,0.7784644358,0.1491399987,0.2068145634,-0.4559467941,-0.8532129538
905,1.6463301930,0.0996622760,-0.4748162143,-1.1205792317,0.1117383111,1.4876172298,0.5033992789,1.5723424450,-0.7346047057,1.4212272381
906,0.3352520786,0.5844986959,-0.4118710993,-1.2548292130,0.7504695163,-1.0958320449,-0.0173855471,-1.6649951754,1.0653417235,0.1593164942
907,-0.0680861321,-1.0866413355,1.8001476902,-2.4592636899,1.2362220107,-0.3339182519,1.0187378014,-0.7066185101,-1.0804762098,0.1964046075
908,-0.8709587656,-1.2522648931,-0.2769512914,-1.3551316294,-0.0723581161,-0.1037174697,-0.5804072043,2.2981837347,1.3017500823,1.0012427389
909,0.2439311579,-0.9950828496,0.3326911317,-3.2651021187,0.8589816891,0.3722296504,0.6082980020,1.6225007755,-0.2268474541,-0.4263819493
910,0.0239395670,0.0258559874,1.8272031669,0.0651494041,0.5254805663,-1.0322914640,1.0208676454,1.3047899357,0.2527200214,1.3937017723
911,-0.9813872001,1.6791495503,-0.6100579817,0.8681472157,0.2142162984,-1.1144035140,0.1191961903,0.2687583643,-1.2056212698,-1.1615905357
912,1.2113213187,1.1380205083,-0.5910737410,1.2769645524,0.1811466129,-1.7354618362,-0.1283127547,0.3181990636,0.2684667023,-1.9888374283
913,-0.0150511764,1.0062439591,-0.2669831533,1.6050366589,-1.6083679398,-0.3347114142,0.2155091243,-0.1204357286,0.3713062391,0.4255988639
914,-0.0571829318,-1.1991453162,-0.2836510096,0.6842848129,-0.7603818619,0.3930780174,-0.5994928639,0.9575152090,-0.1344456366,-1.9526301806
915,1.4626927112,-0.5021638743,-0.1408959618,-0.3886781869,-0.5057088438,0.7738209759,-0.2410066192,1.0646990522,0.9801035217,0.4303849838
916,1.3858204394,-1.4247916897,1.7618633381,-0.0419554490,0.9033013938,1.0398396400,0.5539499720,-1.1552483764,-0.2628871504,0.4259451313
917,-0.3096203720,-2.2258900617,0.3376132548,-0.6032945844,0.4850897447,-1.1147562344,-0.5089283846,-0.5943182175,-0.2201864019,0.7163778068
918,0.7149920192,0.8442508465,2.2374873751,0.7611851933,-1.2047768468,-0.9726576084,1.0516208607,-0.7256821959,0.9610619626,1.9748594442
919,0.9886076672,-1.6462664637,0.0494529468,1.0236940026,0.1995049415,0.6232373807,-0.2879093716,0.7070736789,1.2888368265,-0.5097696356
920,-0.2618076449,0.0469008026,0.7910911926,-0.3625677110,-0.4503553092,-0.8157718727,0.7791240519,0.5092166123,-0.6695352195,0.0271010872
921,0.8070100760,0.3634788343,-0.3567975069,1.7845562637,1.2080873020,0.9275246117,0.2703443800,0.5404719613,-0.2877459016,1.0794778445
922,1.1012242712,-0.1302618899,-1.4731493558,-0.1518335195,0.1892611771,-0.2013329527,1.3614041039,0.8795151771,0.9015846085,-0.4649262017
923,-0.8534746850,0.6117123374,0.8686170869,1.5658427714,-1.7210378656,2.2281708958,-0.1971760849,-1.1094545180,-0.5835478417,-0.6182910215
924,3.4231352031,0.8631888190,-0.8444305108,0.3658269751,-1.1634662422,0.9983842171,0.8362509347,0.3316997539,-1.2019173318,-1.0255919944
925,1.6695501799,-0.2281333251,-0.9073278815,0.4434720511,-0.4354571297,0.6156559300,-0.6546052896,-0.1852506344,2.2192265081,0.2136321806
926,0.6989908869,0.3630164396,1.0411989814,0.7766203011,0.1045180448,-1.1426484584,1.8147506424,-0.3194019366,0.8994687400,0.4876913115
927,0.0386320238,0.0837677465,-2.4385623741,0.4320843424,0.5611430029,-0.1795598533,0.0673965952,0.0865358484,-1.7220080389,0.3025630868
928,-0.1026278480,-1.0060761075,0.5347590305,-0.3641002087,-0.0722342384,-0.9387062043,-1.1201779216,-0.1073647787,0.8130569868,2.2288405367
929,1.0177298643,0.4926640040,-0.0842467612,-0.1225696025,0.6092865360,0.5984823766,-1.0123345378,1.5202407190,-1.5916595223,-0.1376613201
930,-1.1987023185,1.5051763062,-0.8393785081,0.7019660959,0.5006914033,0.6857986773,0.7153818060,0.8512668141,-2.3658650102,0.0244876513
931,1.7411681120,-0.7692704963,-0.2290446290,0.2583926526,0.2021472599,-0.2904320551,1.0936360008,0.0356335730,0.9021801871,-0.5646009708
932,-0.6188578100,-0.4946277713,0.3814300038,-1.5582874799,1.7596471805,0.8604227856,0.5278600625,-0.9582552739,-0.5136234415,2.1329702151
933,-0.2205858875,0.5009222740,0.1982807797,-0.8255359241,0.9636285749,1.5662059998,0.3821514991,-1.7790012862,1.8341446143,-0.4741942569
934,-0.8037509601,1.2374434790,0.8417066035,0.4909115831,0.3553292055,0.8991241657,-0.2525214916,1.5340470947,-1.2109810166,-1.4446525832
935,0.3276713782,-0.3969285006,-0.9203595601,-0.1372136987,1.4366435631,-1.3314211590,0.0952600729,-0.3446845772,-0.1660624372,-0.6568576695
936,3.1990668858,0.5965134910,-0.5811678008,1.5335684348,2.9347353033,-0.6780041127,0.3213396918,0.0994862824,1.4940554298,-0.6163348736
937,-0.0877969192,-1.7017702089,1.8588784665,0.5361173079,-0.6120745513,-1.7393127052,1.2619472181,1.2669280699,0.9751701347,1.1400316272
938,-0.0137467237,-0.8539187691,-1.7055481743,0.2014070887,1.0607175121,-1.0213565415,-0.0552420279,0.6146729783,1.0645969510,-2.0982582847
939,0.8328038426,0.5094602056,1.0495849527,-0.6216661613,-0.3392086524,-0.9430792843,1.7888972126,1.0703353074,0.0964614446,1.3728862531
940,-0.2569026607,-0.2001697847,-0.3060894035,-1.8480066263,1.2461858546,0.3062834314,0.5955474205,-0.7467319924,1.2318659845,2.1037788305
941,0.1561295616,-0.5113404833,1.4012798075,-2.7732845336,-0.3646781713,-1.8741003177,1.1831052740,1.2206964338,2.2779774847,-0.3534306372
942,1.0439112171,0.1231074150,-0.5821769341,-0.4478843559,1.1322130177,0.1006291803,0.8015818503,0.5492019398,0.2770828323,0.5113967587
943,-0.2048065144,0.2456174713,-0.4003950343,-0.5163224158,-2.4502282618,1.2805372011,-0.0503967162,1.2950178456,0.6098319100,-1.9594304042
944,2.8341634498,-0.3869184178,-0.2163548430,0.2739126766,0.2509208622,-2.6143376739,1.3216970808,0.1051533280,1.2649781447,0.2852019704
945,-0.2787012622,1.2947631641,0.2537779958,0.2193352756,0.0881283715,-0.0867821600,-0.5839843879,-0.3668161504,2.0973592960,0.8663007708
946,0.2067262155,0.1081716133,0.1933435728,-0.4971280302,-0.2874154605,-0.6186157045,-0.5289042823,-0.6589672433,-1.1307922242,-3.0162795684
947,-0.7963801168,-1.2427278979,-1.3693162562,-2.3036513246,1.9623235456,-0.3532826936,-1.3427409166,-0.5400058660,1.1568751431,-0.1917400956
948,0.3064148869,-1.0718285644,-0.4660313268,0.8216582957,0.5113099966,0.8254422450,-1.3435627618,-0.6981993100,-0.2491268105,0.6458397108
949,-1.7596558795,0.1244560271,2.8150496560,0.9517985151,-0.8411643302,0.5840938221,1.1956501838,-0.6071512532,-0.9908635787,0.0593269585
950,0.4457150764,0.8559394146,-0.1029034891,0.6801545254,-1.2139069370,-0.0861604363,-0.8275175489,-1.2014387950,-1.0170590039,-1.4397901830
951,-0.2923072976,1.8273993121,-0.9379133457,0.3228699605,0.6096579101,0.3140007589,-1.6956903751,-1.1886411030,-1.1507659850,1.1323462596
952,0.8671291282,-0.1548209099,-0.8804225723,0.3329489437,0.1323783745,0.3612296387,0.0670566065,1.5628378698,-0.3487275959,-0.7809420528
953,-1.0002765587,0.7001265422,-0.5308497634,-0.4093042198,0.5130370106,-2.4521962533,-0.0651865097,-0.3319227787,-0.9235218465,-0.7438903129
954,-0.7443450130,0.3901844214,1.2455850058,-0.7059114447,-0.5634804721,-0.2606849688,0.4621561811,0.1811598547,0.7913631438,1.2462348081
955,-1.2817146955,0.7017176653,0.5073183812,0.4079173862,1.6760762944,0.4180734469,0.3513199026,-0.6104314957,0.5272464481,-0.4426539149
956,0.1178031392,1.6653207264,-0.1060836375,-1.4974764794,-1.1925520190,-0.4135763296,0.8457229674,0.7960520915,1.5240944476,-0.7337107059
957,1.0705741973,-1.2956096016,-1.1113011827,-0.6159439382,-0.4177456422,-1.5140916385,0.0129680311,0.2267424814,1.7949831023,-0.6892002235
958,-2.0389259142,-0.1413084350,0.5292954440,-1.6319314301,0.4261026954,0.4004227865,-1.2276476586,0.7947527111,0.0586972922,0.6982578726
959,-0.1005361310,-0.9722280380,-0.4757235814,-0.1657538775,-1.0164424258,-0.7525515018,-1.1322006460,0.3060753361,-1.7282334526,-0.3040802879
960,-1.2684132673,-1.3489910898,-0.5137493161,0.3766621407,-0.7081685464,0.8986551117,-0.6489822645,0.5377260092,0.4695395097,0.6202034170
961,-0.0998326241,1.4533026388,1.8654392213,-0.9351092145,-1.0154501711,-0.3133037040,-0.6683760223,1.0743722814,0.8658628489,0.2683366320
962,-0.5675376914,1.6226817893,1.0954981917,1.0486828256,0.7986330779,-0.6219126301,0.6396420900,-0.7316579843,-0.2107036232,1.8494783282
963,0.1263231674,-0.2776404102,-0.1405337071,0.2074085697,1.3254330657,2.0447857162,-2.8506553504,-0.0113777589,0.7525793352,0.6002425627
964,-0.3325111612,-0.2596153852,-0.4826052007,-0.1921153314,0.2497502822,0.5291374096,-0.0803350001,-0.1949679188,-1.0057000373,-0.2006239811
965,-1.1410870851,-1.2094080081,0.5262796182,0.0195913740,1.2285985237,-0.7847563283,2.5168510884,-1.4660875073,0.2891875958,-0.1930159455
966,-0.0565047077,0.1367221626,-0.5576635716,-1.1952151049,-0.2500267349,0.9230611851,0.7885256874,0.0374568009,0.4157486699,0.6299253884
967,0.4891836752,2.4509252258,-1.6104871318,-0.7143146674,1.0753748891,0.0329786645,0.4561037285,0.4923523355,-0.3763432753,-0.6382599623
968,-0.1285435948,0.0592621924,1.4680796929,0.9942775334,0.3323522440,-1.4432433885,-3.0298289763,1.0406269243,0.8024763269,0.0597627147
969,1.0448265900,-0.3663382425,0.2909911455,-0.7757885907,-0.9591333818,-0.5009812892,-1.2091867679,0.2017447752,-0.2314558431,-1.2915513077
970,1.8523892212,0.9560363296,2.6658334875,1.4852055454,-0.4979393898,2.1168421511,0.0980485622,-0.1140117313,-0.9032216253,-0.6914730143
971,0.6358845355,0.5177598379,-0.3923304265,-0.4607019106,0.6128151388,-1.8867983272,1.1647598674,-0.4714123469,-0.7395307530,-0.2626723689
972,-0.4528706809,1.4853238133,1.1479739472,-0.7879554951,0.7408617684,-0.1702641760,-0.7617340716,-1.1871948475,-0.5182175349,-0.4598806640
973,-0.7468410071,-1.6590272277,0.7206742052,0.0644478669,-0.8599443023,0.4897930412,-0.5564053553,-0.4745664003,2.8350903545,0.8284445770
974,-0.9873169296,-1.9723717555,1.4297429665,0.9408145813,0.5215133393,-1.6687982909,0.8641649963,-1.8017026337,-0.2260207227,0.6339314477
975,0.9785317371,1.3945609976,0.3286700686,0.6724583887,0.2114685099,0.0784919896,-1.3006222808,1.0507847382,-0.5160044561,1.2379467669
976,-0.3945936112,0.7166853154,-0.1129397823,-1.2307115611,-1.0005709573,-0.2428707109,-0.1419310987,-0.2011319102,0.7032832106,2.2782873070
977,0.2580278161,0.3638269679,1.3643686493,-1.0625199003,-0.6160840766,-0.7021226183,0.5588366793,1.9956556340,-0.2397999152,-0.9393575843
978,1.5540253102,0.5366491669,0.2093808784,0.1832084800,-0.9609219938,0.5475491340,-0.0841445388,1.7316658167,-0.4744295686,-0.3173866017
979,0.3466034025,1.3060701007,-0.2849426071,-0.4449792432,0.5326148750,-0.9078983774,0.3053499429,0.8266854702,0.1144429480,0.4385697630
980,-0.6232551162,0.9078873850,-0.5235163733,0.8426796657,-0.9693913175,-0.5011618905,1.3248986826,1.2032057831,0.2088702124,-1.6307108776
981,1.0492414657,0.4285762409,-0.6239598723,0.8592140210,-0.3827276512,0.4528612573,-0.4067013308,-0.5333392887,-0.7655195310,-0.3679531862
982,0.2141028436,0.9280515376,-0.9928030132,-1.0688305200,-0.5284159813,0.1525041319,-2.0084699182,-0.9556555778,-0.0532210783,-0.0037466470
983,-0.2483114429,0.0600028789,0.3007873311,0.0857386410,-0.7011979296,-0.7576809135,0.6752681716,-0.9931535649,0.6291733675,-0.5967918363
984,0.0009528944,-1.2788883838,0.3814931331,-0.5866404799,2.0750815825,-0.7116666252,-0.8359686166,1.0638360663,0.6782868147,-2.3101953077
985,-0.3078713656,-1.3100760905,0.5286848763,-0.6835523445,0.3342568405,1.1927647439,-1.3042893456,0.2484648530,0.6448802377,1.6337726116
986,-1.1427987710,-0.7597820790,1.3952701345,-0.3241932113,-0.2122542300,-0.3479598306,-1.9264575170,-0.7117667611,0.3106154141,-3.0988229166
987,-1.4268203622,-0.0695058038,-1.0995062137,0.0379143305,-0.7411252365,1.1032918629,1.1904655809,-1.7144827637,-1.3623963502,0.3243938878
988,0.1584952392,0.5376413064,-1.3825944018,-2.1092118926,1.0611568239,-2.1241540641,0.0272933664,-1.4234986071,0.4418530126,-0.5836744282
989,-1.9593529783,-0.8125314044,1.1293254723,0.6340058111,-0.2476243226,-0.4330737897,-0.1383218019,0.5718208344,0.3889249936,-0.0824163122
990,-0.2281257208,-1.0753522102,0.4962732507,0.8669896814,-0.7902453676,-0.4340540827,0.0745281450,-1.1440218545,-0.6490685986,0.3896188384
991,-0.1532996862,-0.0229030939,1.2147180003,-1.4584018476,-0.9945078329,-0.7627471391,-0.5593985361,-1.3645257052,0.5979523011,0.9560268195
992,-0.3113961207,0.0965206040,0.4542878614,-2.8113264345,-0.7323630344,0.6756944662,-0.9237575056,-1.0645487698,-0.3294060587,-0.6627167548
993,0.2524296165,2.3672530319,0.6877523404,-0.7535924852,-0.3155561279,0.8992916451,0.1535991657,0.5278053197,-2.0296939157,-0.5812172467
994,0.7318450705,-0.3442740642,-0.8075231351,0.0417307996,2.4906863420,-1.4839024989,-0.1677707627,1.1195766786,0.7966580075,0.7572118182
995,0.0008477170,-1.1289297654,0.5626886504,0.7872226195,-0.8429895121,-0.5245674702,0.8348019989,0.0064651211,1.2525503028,-1.6091040618
996,-0.6654345787,-0.2013738158,-0.9538485472,-1.2114958986,-0.5134431128,-0.4574073159,-0.4717670373,-0.2842124266,-1.0292181619,-0.4334144005
997,-0.5595750998,0.1711955807,0.3551965454,0.0019851524,0.1186582747,0.3072398096,-0.7689768215,-0.4342643596,-1.1579038607,-0.0446534777
998,-0.8662146165,1.2324479747,1.9769658100,-1.2092712093,0.0871099516,-3.1533636225,-1.2342309354,1.2231203634,-0.3572471192,0.3327913161
999,2.2345145387,0.5352279461,-0.8701407773,-0.4712160971,0.6641683039,0.2112029622,0.6760990118,0.1178040292,-1.5703764152,-0.4582266403
1000,0.3992635253,-0.3266436043,2.2687587493,0.5367821982,1.4318339837,-1.6368895754,0.6742077363,-1.0191728643,0.6192838012,0.3225480060
