case,Bond 1,Bond 2,Bond 3,Bond 4,Bond 5,Bond 6,Bond 7,Bond 8,Bond 9,Bond 10
1,-0.405024140620,1.144571112474,0.056767703175,0.412458374473,1.083903790376,0.652385490728,1.115129878520,-0.638817987784,-0.478031270683,-0.212446054499
2,-0.757854705519,1.196209019088,-0.559044594622,0.959836180909,0.479625409649,0.525699205440,0.197951199275,0.658273463538,0.852660328134,0.274706300975
3,1.070286019048,-1.010186417718,0.361493746811,-0.442915449477,-0.671552608699,-0.118811897179,-0.854137440529,0.167732447776,-0.325541431952,-0.416413641494
4,-0.449807229274,1.891315085623,-0.978625652735,-0.315823605833,-0.048893034304,1.274150514481,-0.718801748824,-1.835240675044,-0.723751152264,-1.049331266691
5,-1.869017306949,0.732253564692,0.183873294880,-0.721518659053,-1.441787227106,-0.749710843915,-0.734234769986,-0.100791610978,-0.954919387725,0.250745138602
6,-1.002049760949,0.826831949318,-0.049799734311,-0.155816157739,-0.491824507749,1.571788858248,2.231502704918,-1.301864311243,-0.163005520134,-1.253875017102
7,0.163956701311,2.497434652691,2.393656072317,0.033041725194,-0.014871916749,-1.058425005397,-1.109339526289,0.036431890053,0.686435276612,0.476537622414
8,-0.016367218092,0.544341697124,-1.258610512175,-0.780193716552,-0.566028556078,1.494522700578,-0.261839215637,-0.523447131399,0.941591184253,-0.375443258438
9,-0.191327781402,-0.907748340872,1.001299958041,-0.206066943351,0.668274454251,-0.000516514584,-0.532261613496,-0.110907431309,-1.325928722513,1.441574992703
10,1.219397320827,-1.222883847724,1.057903784270,-0.892900838241,0.049995573445,1.752755282703,1.783257219310,0.159243509148,1.094451207656,0.595242361291
11,-0.382289613569,0.632004297059,0.790518750262,-0.241380978951,1.048489232041,2.210228607769,-0.596276616718,0.132972820888,-0.724700495535,0.069586249176
12,0.969146542840,0.530091000778,-0.608830049094,-0.133011921885,1.512777168973,1.285095210296,0.077743060483,-1.146375274290,-0.304290612454,-2.106625046582
13,-0.345781706018,0.937903471112,0.144419913960,1.400026060401,0.062512661849,-0.036067841020,2.765791465941,-1.140362459378,-0.084606352262,-1.308246058901
14,0.629576901801,-0.751717824045,-0.911225087771,-1.618370803123,0.826756381167,0.742295464969,-0.419212373211,0.890155354482,0.501136796540,0.737798230068
15,1.036941505533,0.323459901049,0.474760496226,0.392334563311,0.810026294386,0.624349022876,-1.190887859102,-0.997431287148,-0.758668839487,0.216570952011
16,0.075531828256,0.049472406144,-0.570393895412,-0.866426640596,-0.378901710975,-0.656025635763,1.072843267575,0.882187323864,-1.203821487809,1.007775630849
17,-0.593664148828,0.800951822687,-0.977134821268,0.366745811377,-0.632650034445,-0.067981204686,-0.498561107269,-0.671102472955,0.591418268948,0.790080961400
18,-1.098819376835,0.200829753092,-0.484112708549,0.271825705686,-0.288702218520,1.403512486549,-1.098046017162,1.038678368129,1.677502804619,0.603157818184
19,-0.682801662133,-0.110232767444,-0.647065958769,1.940032897786,-0.061382769695,-1.019354326996,0.713557774690,-0.318652319691,1.245838986884,0.094788367185
20,0.326677171971,-0.987356645648,-2.125589342757,0.385801414253,0.435373876096,0.194885561752,0.663274401083,-0.963696905888,0.738811351717,0.056173407853
21,0.300637275252,0.133941390502,0.339841763836,-0.657602556986,-0.383286957710,1.283415204709,1.500063213768,-0.368439641728,-1.186572598541,0.394597483279
22,0.256791942345,-0.176533427964,-0.100693522317,0.106583474778,0.656586008920,1.191061603135,-0.730238498671,-0.853981808805,0.576970086070,0.029297071647
23,0.135093132598,1.272225782448,-0.655714906734,-0.884796650852,1.017401365419,-1.176299407848,1.481187742747,1.464796966673,-0.675556253737,-2.705041453424
24,0.570485174640,0.833647492354,0.636077517020,0.217515228409,1.233438006893,0.839690328269,0.460014233265,0.642400214079,-0.459036480955,1.590829060898
25,1.705865746211,2.259458357377,0.140471812903,-1.464586016702,0.994936877933,0.745074450080,0.135350839997,1.333820605395,-0.772478246928,1.619765791886
26,-1.480170147785,0.049437235235,-0.893738788306,-0.304746727872,0.362708058876,-1.457298664693,-0.456905225196,0.079124046901,-0.522870841656,0.250289185022
27,0.567279520272,1.219054991277,-0.091411352290,-0.514375306338,-0.693386912090,1.150000337438,0.639717541481,-1.800703821347,0.067262767618,1.495976756080
28,0.837040510474,0.092032919470,0.156825414958,0.116992497695,-1.903211404230,-1.023238639944,2.164464573929,0.920166307200,-0.373105954543,-0.732336810079
29,-0.235304416336,-0.118369621005,1.334737855779,-0.044925241061,-0.252132972550,0.305468869666,1.521943268021,-1.066232269181,-1.445688876859,-0.508569654788
30,0.432583149103,0.135142248612,0.870216379954,0.519009635286,0.314155966484,-0.867992633807,0.290296326372,-0.370955489621,-1.425373862832,0.169438896529
31,2.268553616455,-0.289503097512,-1.514126168992,-0.471471526704,-1.458114169940,1.160838474263,0.944175384429,0.297760422615,-1.787275420624,0.666172351061
32,0.772475036524,-0.178264301156,-2.164418143921,1.282825113822,0.975574686203,-0.314565285545,0.124857896489,-1.101058987639,1.217554556779,1.594894919300
33,0.026586349203,-1.289273725951,-0.473014707758,0.802808187426,1.593620218708,-1.157350433813,1.055212527718,0.958567307000,-0.909712437599,0.741593651276
34,-0.013211754580,0.969920040943,-0.025916226099,0.413162751678,1.316931346683,0.990739453131,0.820683866897,1.093083159610,0.695186800321,1.364569103942
35,-0.744360448071,0.908410697674,-0.598849908235,1.885704399429,1.732372864035,-0.087971545610,0.921885194713,0.866485183173,1.776972783849,-0.709432453922
36,-0.022240289138,-1.159163357588,-0.154024418093,0.025226004549,0.443251920588,-0.799577807064,0.183747295647,1.075225122211,0.182621759758,-1.210235569274
37,-0.661672900442,-0.798657740819,0.843702020744,0.599736423935,-0.383172716124,0.046348736114,0.870838964542,0.217681956773,0.767147235890,0.074803608661
38,0.218407162310,0.410262772455,-0.626734191465,-0.399243043529,1.233455767875,1.158255902342,1.959088828668,-1.667111867929,-2.082147549597,1.579831829321
39,-1.056126518484,0.081773144250,-0.895795986651,-0.535629964231,0.756405511210,0.759184430879,-0.311986134219,-0.193858039509,0.593130994276,-1.031269605061
40,-0.071171723321,0.946534170504,-0.734112522853,1.397859273582,-1.562943163266,-0.565997825761,0.164887470892,-1.246061980920,0.678601385147,-0.984124170533
41,1.752327059716,-0.068561651235,0.140118790356,0.374849636622,1.025017336516,-0.901293463966,0.726005720020,-0.904378204739,-1.044455528074,1.437437549668
42,-0.865956452844,-0.536073254989,-0.233591620503,-0.103147748940,0.106376477060,1.372291975130,0.068463743687,-0.698583648189,-0.161280057310,-0.343753864637
43,-1.130519505278,-0.735440345125,0.436086980087,0.174556250235,0.989106970219,0.251072987504,2.050036363692,1.078693869814,-0.991514222114,-2.290280408805
44,-0.211142604379,0.100930481691,-1.315620526399,-0.877793702387,0.459956251259,-1.851800494793,1.550417221580,-0.468031982394,0.204758939327,0.308145591668
45,0.176720831199,0.330408412467,-1.007344746288,0.157422960106,-0.145937590142,1.687846628104,1.813167791373,-0.631211422631,-0.684484825816,1.584847072510
46,-0.795458820546,-0.007916566659,0.200439766272,0.479426936971,-0.219974436189,0.461031346675,-0.994670399180,-1.344261641863,-0.632125445916,1.107547014296
47,0.450241083086,1.811587450915,-0.533246125447,0.537816944897,-0.572078419970,0.827901202403,-2.380486066768,-2.636976694635,-0.501806898672,-1.841117290900
48,1.519696587501,0.087314508185,0.685823956999,1.001972911640,0.744259344309,0.041077673211,0.280696924071,0.162599718171,2.392406106469,-0.971506950017
49,-0.166050891076,-1.430272745723,0.511130702337,0.595034768148,-0.907075926056,-0.749800064038,0.335607854396,-0.073968671786,0.774108971305,-0.942610006568
50,0.471501135757,0.024054490631,-1.111152655678,1.005600923131,-0.705290431188,-0.811227810669,0.564760223856,-0.093243592158,1.250052408686,-1.663119087391
51,0.913383019859,-0.879985960184,0.261909671450,0.168091592990,0.772757863612,-0.499001439778,-0.643597110692,0.207633813807,0.579105912278,-1.423286017972
52,0.852736706014,1.677703056321,-0.588470142495,0.339848922021,-0.307674450071,0.849626676850,-0.304171640519,1.728291920150,-0.918922456173,1.276484224778
53,1.420957744100,-0.661435680492,-1.863276115526,0.463899071266,0.724346535288,0.822140430690,0.024661313428,1.138677301934,-2.088187099532,0.381857119971
54,-0.991983267504,1.275061586594,1.588389187275,0.134301850996,-2.468042914632,0.496290735598,0.132133660504,0.605464046813,-0.400919925973,1.266722878527
55,-0.358979098187,0.243376070055,-0.703435975853,2.432779612724,0.504014203889,-0.927736144035,-0.680456698285,-1.143082032531,-1.911205706648,-1.458431828103
56,-0.978621830543,-0.744147193499,-1.995399965923,-0.669613130631,0.892463301626,0.473639255084,0.509241704473,0.613225495293,-1.769655935201,-1.389514805046
57,0.234080999430,-0.283889812648,-2.010542102464,0.124956907147,2.207808482437,-0.846473884474,-2.290434015276,0.508070480795,-1.461407433839,0.369928544631
58,-0.312429566566,2.037649528073,-1.907902516142,0.399563146580,-0.000976264497,0.260255388970,0.733694738571,-0.034053504772,-2.065913564796,-0.098414240859
59,0.515509529419,-1.491765595830,-2.978140044754,-0.651303194689,-0.036623958645,-1.092107877642,2.055034819753,1.231990928772,-0.474855384466,0.526365210060
60,-0.118706790524,1.045149585522,1.952144415575,-1.772894908329,-0.803180534700,-0.240897041445,-1.280904561307,0.516576220636,0.164037679900,1.069046083391
61,-0.200105148274,2.384344197674,1.150751677880,1.451532111412,0.856633966965,-0.914674535213,-0.321629256565,-0.696273615680,0.388342597700,0.595129415100
62,-0.349579640768,0.100161522102,0.399636224717,-0.104019168695,1.144165546535,1.240532259869,-0.164516858060,-0.134576410303,-0.004099564620,1.265043650211
63,0.912964318458,-0.114181798657,0.269062004434,0.552204021877,-0.962724358234,0.154658765451,-0.583851504892,0.958959003038,-0.258029346247,-0.388889524532
64,1.146645887834,-1.334831912663,0.908418741342,-0.484328469712,0.994687665648,-2.534110914685,1.246508639109,-1.225028819786,-0.021947050747,0.790791557400
65,1.230602249828,-1.802837016367,-1.141678141835,-0.436407329876,-0.521971599352,-1.366120661340,-1.268218108709,-0.457638692578,-0.663966899871,-0.992973890297
66,0.389357319839,-0.137163063651,0.655427386026,0.293401310426,1.656022314799,0.447313492389,1.406769732215,-0.982801905188,-0.645192710085,-0.594646447475
67,1.228129290613,-0.322306753788,0.404234576066,-2.000031634434,-1.155533072539,0.728965588166,-0.381405838297,0.560733279155,1.646542137374,-1.343922025768
68,-0.500901057820,-0.706085758126,-0.197132673181,-0.140849921315,0.227718002163,-0.168640398836,-1.407714323578,1.539795933215,0.907163828527,0.427363280951
69,1.699524723745,-0.897177676137,-0.403306440801,1.019388028320,-1.956923135114,-0.780056754822,-2.283859629563,0.204041446784,0.237794950555,-0.203506397963
70,0.188065843607,-1.095514792906,-1.173479137922,1.054506072032,-0.316695483388,1.541382052779,-0.519128732897,-0.383556582197,-0.077451059815,-0.407247405724
71,-1.151804031061,-0.179891855133,2.760503446170,0.946426983769,0.306606386022,0.023762172173,0.244253763479,-0.898784984352,2.017019965173,-0.579766806230
72,1.310557240348,-0.052533925690,-0.912647219406,-1.344727103648,0.927097854918,-0.851239851128,0.817494406567,0.054672696179,-0.337597601422,0.614438744224
73,-0.466229521564,0.753457817831,0.616870400112,-0.813512347542,0.316534289104,1.510513850980,-2.192109587841,-0.533599288105,0.329139681169,0.247754465273
74,-0.730924285725,-1.133378859856,-1.457931743397,1.398029447839,-1.185691467137,-2.656693858826,-0.178838237182,-0.079471751543,-0.447236089429,-1.198995518567
75,1.351769403665,0.064356502232,1.054543447355,1.626589876141,0.712464729401,-1.216726756381,0.285587099012,0.219782004978,0.308581304277,-0.927660531777
76,0.189081964759,-0.649705258622,-0.857208899189,-0.432885210344,-0.335360446686,1.216645565077,0.094011379731,1.976791229101,-1.840376211399,0.182244102284
77,-0.315399868906,0.302222271889,-0.187325914887,0.640089805326,-0.992655595926,0.858420463516,-0.611715122631,0.769231097366,-1.390076643873,1.695324345222
78,1.217794448950,-1.726538749774,-0.699162933904,-1.638997933764,0.724129598030,-0.324370115673,0.029342242035,0.807140022993,0.750568037210,0.948148747590
79,-1.354753484138,-1.126169326034,0.355229295855,-0.037048200850,0.955000400812,1.336089541556,0.593817778660,-0.212095063221,0.220488320873,-0.755444103265
80,-0.130142747505,0.655806831320,-0.495200312588,1.461365199955,-0.624942798130,1.423843821104,0.168404386003,-1.348532546384,0.397563987229,0.628117504219
81,-0.427951576316,1.295619445905,-0.487072280884,0.478843859473,0.483422768272,0.256699018724,-1.542889394294,-1.008737519990,0.569601749575,-0.171025650881
82,1.499342043215,0.654268208167,0.371480564097,0.234796361661,1.007740194213,-0.268344580827,0.244127385599,-0.081092768735,0.346008275727,-0.117541810508
83,-1.986622668299,-0.528570586733,-0.857083271216,0.947227991839,0.991337024879,-1.148481706693,0.645010804146,2.074123343958,-1.124431313113,-0.367936483624
84,-0.847887812584,0.372843613257,0.763647584063,-0.895970278323,1.570648951971,0.650950332765,0.563717696659,1.805996231562,0.789268658993,2.531813698512
85,0.597741186799,-0.884325371795,0.132973795599,1.043257096520,-0.071571809487,-0.534481264077,-0.284442559201,0.908987593387,2.806937050530,1.391108612177
86,1.596015890200,-1.044006411724,0.512694481547,-0.427651528975,-1.111094359392,-1.245724741288,1.237808052091,1.263792386090,0.329001454413,-0.910210501247
87,-0.501064691818,-1.266913281586,0.254745471430,0.922289794871,-0.808945715517,-1.873744605861,1.341379431917,0.913003145239,-0.199255532341,-0.428377658392
88,-0.052218966678,0.040354462008,-1.649108883894,1.214761574604,-0.629383003680,-0.291744217496,-0.955582612409,0.360968865743,-0.799426872938,-2.295519892321
89,0.913303615871,-0.150736737450,-0.217311230294,-1.074923926247,-0.433227794608,0.240993755000,1.609843384925,0.750720385465,-0.006174678601,-0.516951725000
90,1.240300121045,1.280080668333,-0.026927677729,-0.158782971242,0.645061682308,0.080794246190,1.321624759800,0.067019662182,1.019306417018,-0.634624220685
91,1.219727544417,-0.090524308418,-0.292124703855,0.928888248829,-1.068504801198,0.524686992631,-0.680473682008,-1.306150021830,-1.916490008212,1.504676126370
92,-0.255769792772,0.988565534546,-0.100366987895,1.298218288186,0.927067154055,0.416273320301,-2.116189737970,1.908991517592,-2.152308817209,-0.776677427590
93,0.322298089116,-1.498105031430,0.013302883825,0.450191300850,-1.106567676620,-1.188253375419,0.565711501295,0.612616808092,-1.803217474879,1.780905916709
94,2.233310847215,-2.315302721059,-3.016997759146,0.077528377782,1.072617741635,1.043293940976,-0.843028054889,-0.665019947441,-1.511370592695,0.790564557457
95,-1.218281070119,-0.914254641454,2.109250423664,0.799420125025,-0.769893212910,1.234899069457,-0.586283926547,0.785630078753,-0.579244457299,0.187891430294
96,-0.321109621591,-0.182401483808,0.091232263905,-0.283822300419,-0.512732059528,-2.561993355130,-0.509960989734,0.347279039103,-1.112720383446,-0.750839472968
97,-0.490003633262,0.737659993435,1.120429559268,-0.532595594769,1.717440440270,-0.816411017380,1.186734135715,-0.535006713433,0.910169671485,0.286347956038
98,0.073908276875,1.378398409874,0.189116454008,0.375718726685,0.935030062776,0.094713910245,-2.745110772514,-1.850040734532,1.386949586865,1.201138725338
99,1.681164106638,-1.743588452488,0.389013658134,-0.204747684665,0.242920225731,0.449212618567,-0.234945463821,-0.467677385773,-0.907463895912,-0.374040820521
100,0.025141276382,0.036128724791,0.248037043915,0.678284578922,-1.000952557012,-0.871252075926,0.524126886375,-0.647896872704,-1.993604158495,-0.230820889008
101,0.490710446609,-0.965785208757,-0.254971328607,-1.265981393448,2.301671750101,0.681638017955,0.682582611197,0.313141188593,-0.888021281282,-0.417434842082
102,1.929723387321,1.790819873333,0.373759367164,0.523678303263,0.150416329437,-0.496851418075,-0.200282119514,-2.246822116180,1.044233299645,1.338917021228
103,-2.088107416116,2.256518543395,-0.188647922776,0.547199843629,-0.311038192359,0.896456414475,-1.049999985426,-1.673633447916,-0.411290278072,-1.566642825295
104,0.692358390631,-1.384111734989,1.560326242397,2.262351374658,0.555261195625,0.824839022492,0.121424913910,0.821733035633,-0.353599655697,-0.600134319645
105,0.861884350736,1.092903499911,1.622021984405,-0.078240338117,-0.603059016379,-0.672752692545,1.880080352408,0.916813410548,1.758013252391,-0.873567189365
106,-1.074627430218,-0.015744576757,0.669347362507,0.872483546920,0.678793837981,0.324875409540,-0.760633396693,1.176218834509,2.315370599318,0.917601636922
107,-0.095736978634,0.002434392488,-0.361625182357,-0.278146506497,1.084262295192,0.556984460568,-0.550828926828,1.374504924343,-1.252465207963,0.534467395629
108,-1.168458288385,0.927731885560,0.221954226316,-0.877548515214,-1.409892511901,-0.696583904757,-1.323433524902,0.775120034224,1.060099956812,1.663654642597
109,-0.467992154697,0.978233399802,0.580104815474,0.822506200023,-0.157950360951,-0.273654576517,-0.278907535101,-0.182006965154,0.983522397102,-0.202458951069
110,-0.505475320887,0.512843754677,1.343288708655,-1.912630008106,-1.544519459765,1.787681226199,0.397290488068,0.195827787676,1.104766793448,0.393309361032
111,-0.792117065902,0.465224959725,-0.205406536726,-1.209317492528,1.215291152589,0.235841552003,0.003640291552,-1.369838586418,0.526503142039,-0.778101208410
112,0.773250315706,0.307488824462,-0.361019219380,-1.462677964026,0.229545902072,1.302539584714,0.038192492301,-1.213911880408,1.416253171957,-0.202790161898
113,-1.162516200981,-0.100966534108,0.209118559047,-0.511658910770,0.227473752810,1.022583714709,0.050272740770,-0.496195606017,-0.015025990034,-0.501778796009
114,-1.295199342481,-1.832204659497,1.391291700931,-1.292173127082,0.212643529516,0.539723192332,1.422840814249,-1.334386831484,-0.151162210112,-2.063326241365
115,-1.081365263994,1.407983036151,0.737797747841,1.256830096669,0.698377313375,0.183681011938,-0.208073972669,1.071454056340,-0.598796804728,-1.249239791001
116,-0.373921283317,0.407649495245,1.901487492982,-2.028520854722,-0.096113151990,2.154669192510,-1.123412956830,-0.468003655322,-0.577196529958,-1.150380746717
117,-0.729303776237,0.886291815883,-0.267796852435,0.926730535447,-0.132154861669,1.304669185153,0.615300424807,0.684939869038,0.597586205915,-1.530236908859
118,-1.340880835960,-0.960209390898,-1.420336837135,1.968043325981,0.314756893894,-0.234180227761,0.114143875087,-0.659544504524,0.366872313957,-0.417013031021
119,-1.054602020373,-1.606829677458,1.153168726352,0.110096746467,-0.446189709633,-1.030554193565,1.460625554624,-0.765217649976,1.473417075579,0.073624664186
120,1.047614588407,-0.514584314498,0.813125584150,0.648577118317,0.536282599158,-0.393100392274,0.995857875164,-1.919224536318,-1.467475973669,-1.777717550234
121,-0.149877294337,1.432663862733,-1.614683014603,-0.452235939579,0.121706159127,0.518216812598,1.145407782157,1.720929717090,-1.605403044332,0.005259495480
122,-0.036956389865,0.202944043973,2.159301319669,-0.955973517880,0.940112737541,0.277305878933,-0.460534144551,-0.993765080934,0.219979969403,-0.804728276628
123,1.612413707486,0.603353916836,1.106573703024,-0.689301318117,0.272278249133,-0.296372479476,-0.529638878190,0.585531223045,0.345740515796,0.985202996825
124,-1.278227771601,-1.114073739024,-0.990890826358,0.510754066420,0.037556611928,1.216577106578,1.020676374838,-1.391453993179,-0.129413737645,-0.710643387324
125,-0.437522692619,0.564994916593,0.582213739134,1.129785158177,-0.152172446627,-0.219990822497,0.451490888476,0.111867460391,-0.976133755967,-0.062636038009
126,0.304714756989,1.959051705376,-1.721169740764,-1.117338428948,-1.042283309980,-1.521221623616,-1.047793889194,-0.816163419070,0.063268154595,-0.505325446331
127,-0.322034144303,-0.090399479196,0.242760442832,-0.331733587881,0.159650548575,-1.884948957172,-2.139244176774,0.418257198945,-0.741006057588,0.111066669759
128,-1.155538897969,-0.358838073755,-0.756976392251,0.402479364588,0.919692349613,0.997473759914,-0.855455967277,-0.189967881470,0.489195205428,-0.090822115388
129,-0.334840465343,-0.180777394998,-0.669438689007,0.390501059950,0.775758892485,1.879150719921,1.063889660135,-1.746479086774,0.919456662398,0.215147270247
130,0.812600705523,-2.323044733128,0.588073973702,0.061846076579,-0.179845207053,-0.784393200315,-0.550569668882,0.623950359974,0.444591842454,-1.588847297786
131,-0.295788198174,0.088699606608,0.618267689154,0.444804615482,-0.842443415795,0.844309136818,-0.136415641524,-1.308645597463,1.362927406596,0.461814201151
132,-0.112163114302,-0.887977553295,1.159021980149,-0.573028199373,-2.259523338894,-0.924934965178,0.959883831003,-0.580907281438,-0.262705711089,-1.006546350590
133,-1.533015311655,0.698782597914,-0.159541746676,1.395358450079,1.255538950487,-2.207930225692,1.163344341634,-0.344962964269,1.027769322652,-0.410550608693
134,0.094100929284,-0.528652080194,0.865985454292,0.849209888675,0.680070351441,0.951624130317,-0.097303412937,2.219568535556,0.514987002243,-0.644676098906
135,1.862001158945,0.293576261750,0.311130130081,0.406471565402,1.487022960372,-0.047670839318,-0.493678777707,-0.159898893262,0.747761078595,-0.751264172427
136,0.321071556482,1.403512466812,1.031472668772,-0.006456227072,-0.507261741190,1.073642036440,-1.312700168799,-0.442257160203,-0.059806859564,1.166970607296
137,-0.123582431544,-1.320024128857,-0.194533297794,0.668164243972,0.250848804181,-0.162697952085,-1.087004230099,-0.100146036144,-0.130963697813,0.304793236245
138,1.253928062674,-0.057956595713,0.064675483678,0.644441393166,-0.076081269704,1.180738056593,-0.574282551863,-0.418394666108,-0.821611334594,0.700882286390
139,-1.010208116793,1.559100996662,0.436877870303,0.707098421879,-0.696068331576,0.263110542914,0.989409782955,-1.232028074854,0.423619888547,0.314935252819
140,-2.451537284618,-1.713909111426,-0.536375450048,-0.559797499580,0.069721618966,-0.995991278872,-1.877370227753,0.674199756383,1.274999139974,-0.689466240906
141,0.645838513995,0.842115535991,-0.295714856076,-0.930862015216,-1.966647729919,-0.864810912876,2.302395514630,0.252190159152,0.973063004280,-0.209995179431
142,1.452764846086,0.248207901319,-0.335908865288,-0.200340350131,-1.540730380103,0.505068319507,0.051102821630,-0.079170075928,0.119211897011,1.015965016272
143,0.366497763374,0.397896578856,-0.049578947840,-0.280978308345,0.174498920146,-0.630738358164,0.395249013164,0.216806524276,-0.270202791645,-0.066120184895
144,-2.805422210842,-0.370369180136,-0.542423024161,-0.035555131527,-0.073033224146,-0.832604358878,0.300843558423,-0.416923141596,0.020509368386,0.471300452802
145,0.280983491008,0.377377204547,0.215544388705,0.617620815135,-0.766039529946,0.654836052026,0.756715449516,0.023444071469,0.198775311716,-0.162461113937
146,-0.848842084642,0.682121626786,-0.413164044001,0.079808734248,0.157868759959,-0.597977544438,0.353737839617,-0.564411425817,1.406439847401,0.118157140733
147,0.151487102226,0.045908584075,-0.148902522423,-0.648225389709,-1.114163991490,0.714537106191,-0.424577894176,1.959031261668,0.169685457820,0.403130464815
148,-1.125528761611,2.592814616532,-2.710432565497,0.387576994082,-1.284426064554,2.414717323060,-0.550374297010,-0.236930400276,0.202164626697,1.517350076767
149,1.124496831444,-0.451615730166,0.403800204169,-0.359071439038,-0.856614381349,-1.214584786925,-0.619152592179,-0.904160926961,0.347164366391,0.544966161961
150,0.289658620374,0.219471492807,-1.006023013266,-0.927380448506,0.773634698304,0.871774033199,-2.031453054324,-0.657312941089,-0.423293118468,0.046525324689
151,-1.549572720782,0.353695039663,-0.520525959444,1.243658894469,-0.513807323838,2.558140232865,0.918357788139,-0.231589151360,0.332258681437,-0.142127345228
152,-1.094664984945,-0.132818112885,1.316524788801,-1.395522223952,-1.405161498111,0.353572133210,1.701520392400,1.764843263291,0.769919716685,0.109808083070
153,-0.367682694645,-0.829868480394,1.009073886156,-0.380340699757,-2.379157348434,-0.191717220713,-0.503219446889,-0.846467034045,-1.570052363032,-0.883090171891
154,-0.533742427708,0.765384158564,-0.518830140647,-0.395924658687,-0.053665866941,-0.446615602206,-0.495491085539,-0.094390922259,-0.493946587007,1.338650549542
155,-0.902091512960,-1.230716678384,-0.772051359501,0.895393338810,0.651454954284,-0.955608605849,0.872038357125,2.648009298170,-1.125007963193,1.697609348037
156,-0.210050304482,0.230483386529,-0.301144693655,0.225876822182,0.183907907776,0.063834497290,0.149487570892,-1.020534980204,0.366312395996,0.382085864734
157,0.785230632884,-0.055025140715,-0.093589717389,-0.839191177229,0.355547355584,0.986582086904,-0.239072398431,1.378467156781,0.126186593087,-0.816288999232
158,1.096845970972,0.858197051068,0.339175696504,-0.573736082678,-0.612098588871,1.802526977860,-0.159891425472,-0.458794103361,0.246056801418,1.257234183067
159,-0.426011316173,-0.276062470182,-1.489559947812,-0.854046109978,0.616411016650,0.821019581268,-0.450941224330,0.895740994957,-0.058147273024,-1.040608914768
160,0.359464400523,-0.660529861425,2.194207382248,-0.757209820140,-1.284915231392,-1.107556762525,-0.383022343567,0.083073240048,0.220126161673,-0.189914150430
161,-0.147893730701,0.028213364329,0.337849036315,0.636736079616,-0.368125155398,-1.428506006875,-0.719519774800,-0.409959310418,-1.108087039509,-0.594723563646
162,0.685550199814,1.108800426982,0.387148249894,-0.190603776225,0.860327845475,-0.785505049458,0.071875704694,-0.380911127336,0.401288861478,-0.342345737910
163,-0.816506527703,0.191416255845,0.160443585488,-1.001969566213,-1.103661486294,-1.140570564119,-0.985264843523,-0.368006881582,0.034582852290,0.403144230665
164,1.401141161981,-1.251233252260,0.002967552364,0.344548486983,-0.047912211450,-0.538680460839,-0.883097377037,-0.507254563260,0.258277812754,-0.989543093975
165,-0.395176013070,0.338093665539,0.213494028557,0.431080567298,0.762925347882,-1.416329626176,-0.598673011969,0.519528584785,-1.000720228821,0.931380797015
166,-1.671668172027,1.779510396810,2.328228841898,0.001358155130,1.273870603534,-1.688458296046,1.320968025805,-0.694079579165,-0.727966577044,1.221408570725
167,0.213339447075,1.430752473204,-0.837311762598,-0.547931215963,0.751288288623,0.669172537928,1.403743520852,-1.340300772064,0.515876403396,0.774583739803
168,1.612232241080,-0.017091827258,0.406314024889,-0.039195457235,-1.260691797970,-0.557072530975,-1.016966335397,0.171438307682,0.010433516996,-1.665140446005
169,0.918295469690,-0.074731419641,2.897469928207,-0.814995805596,0.657344083268,0.072553316277,1.163068110929,-2.141560893173,-0.234162469571,-0.556737075196
170,-0.240024513344,1.243334342050,0.171097985527,0.138838565832,-0.713397950623,-0.916483792440,0.879108623675,-1.403780160894,0.095463250564,-0.352536208108
171,0.449660505137,-0.484491064857,-0.359760309525,-1.586484775120,-1.545243487973,-0.078789448772,0.014315990378,-1.292203382134,0.873519520099,0.794183412163
172,0.060131501118,-0.484063829474,1.072482406398,0.624983282786,1.097486621641,1.179840936373,0.435439178471,-1.003706308266,1.457373659537,-1.077136518366
173,-0.041959922129,4.151470367231,0.581473925524,0.766007966888,-0.036397087397,-0.246964884455,0.651206605461,-0.507263848976,0.477508448387,1.664483031640
174,-0.118497778951,-1.026630746093,-1.299187505240,-1.262747932763,-1.055167378112,1.226098363529,-0.118334145878,-1.127193042097,-0.580758234758,0.697483235656
175,-0.715703393314,-0.027425098751,-0.587092696301,1.530727540655,1.191586658490,1.436355977045,-0.029870098950,-1.319111095641,-1.043227809363,-0.455591570524
176,0.433991415005,0.327976734146,0.804500936538,-0.097027825733,-1.258045837483,-0.679634470351,0.208381904922,0.377507566949,-1.197903754992,-1.795687336807
177,-0.166620272048,-0.382788268847,0.341014302874,0.865484581635,-0.338547605763,0.659575256682,1.392679482026,1.664950091223,-0.501241193184,0.059974567852
178,1.375621847820,-0.058041061168,0.264483456760,0.087746187534,2.027667055589,1.305375725460,0.089633037913,-0.562149086177,1.470041586771,-1.801321488843
179,0.461456896913,-1.594138117891,-1.381425974150,0.325949700097,-0.054290153174,-0.334013570076,-1.111724206869,1.055500993278,-0.783454004872,-0.250184330488
180,0.994033980930,-0.126090409643,1.470006856834,0.300079492506,-1.271764270455,-0.352939806132,-0.577783094744,0.611902954553,0.985499926230,-1.935884788019
181,0.199114278602,0.312887271487,-0.605066747478,-0.244951014986,0.407594670080,-1.611220109124,-0.203532056208,-0.473502620160,0.577788218237,-0.288253550502
182,0.830079579940,-1.913471284726,-0.758589010404,-0.782857746083,0.308567441345,0.208809463964,-1.084368303873,-1.813571880260,0.744189077543,0.193764898930
183,-1.151727477953,-0.647609056335,-1.076129548646,-0.209853650269,0.023692802041,-0.427273710300,-0.102145409187,0.140593740553,-0.261865908090,-0.390021475819
184,1.645445517964,-2.047616356066,0.222524475532,-0.648171001808,-0.189464428285,0.205312517104,-0.554872601313,0.225705631568,-0.431112805573,1.185071290345
185,-1.581060092220,0.964453416251,-0.069798634282,1.550367999113,0.159392231936,-0.518253127872,-0.496356391853,-1.814094701630,-0.410680765185,-0.396895004239
186,-0.278353998492,0.343192434082,0.773731783539,0.367355199422,-0.246266669168,-0.920080248970,-0.042031215846,0.183836720963,-0.462426311875,0.410130285795
187,1.961530585163,-0.449477892830,-0.699387042525,-1.607633465473,1.131221400475,0.403488175726,1.160900032001,-0.287071276852,-1.446358282474,-0.697430367100
188,0.074730434572,-2.007884629295,0.831545883694,1.089909917313,0.179763209182,0.490806868141,0.182376325578,-1.305167259031,-0.318275364389,-0.536069947744
189,0.685838834062,0.901795059742,-0.438630806583,2.197162759223,0.080623476183,-1.171030353134,-0.855397016941,-0.155282951641,0.210182957708,0.217459906992
190,0.372549756425,-0.193873095219,-0.428325787340,0.731158603760,1.347107399129,-0.473879865933,0.775846191135,1.014925535609,0.790078021501,0.161826699152
191,-0.023026613502,1.469688055115,0.004245588189,-1.256815388212,0.481671486479,-1.171288648140,0.289428027571,-0.342133257600,-0.052035232481,-0.114380676061
192,-1.027168222141,0.731579690972,-0.381850060756,0.609230388846,0.307949865320,-0.017950994353,-0.500442284399,-0.381421226940,-0.377812358909,-1.640291387517
193,-0.885934097685,-1.690418092453,1.036531901488,-0.112069174103,0.978170712153,-0.377111151460,0.178840239166,0.503021184974,-0.609091388169,-1.100238318130
194,0.817513294807,-0.051967910922,-0.525513448761,0.031649400857,1.377621985235,1.683425184095,3.621189682048,-0.269851389459,0.293900285833,0.108409954814
195,-0.816922148789,1.266436392361,-1.139755573473,-0.364592639699,-0.149481389203,1.611989197180,0.011848236894,0.133560990081,-0.581983199792,-0.312390034367
196,-1.044432491722,0.335530055726,0.630913073642,-0.542576217066,0.931077224371,-1.657605734662,0.418889314108,-1.104834805810,-0.570739843529,-0.172596797319
197,0.130522017334,-0.491310807414,1.874483753130,0.793499101216,2.161170312770,-0.725568726977,0.806881562581,2.279252253529,0.239435941093,0.072294636418
198,-0.916016692341,0.962216539810,0.922478971273,-0.075397720533,1.788224315730,-0.294040517458,-2.021192306206,-1.508914991998,-0.050318908953,0.443213564543
199,-0.196657062805,-1.327854622261,0.509587211347,-2.086199699597,-0.292600477650,-0.334772263654,-1.861095536920,0.308637607719,0.766240675303,-0.421266057084
200,0.040557856253,0.031927915909,0.349645061154,2.110349855105,1.097729609850,-2.341975100398,-1.114291793728,-0.730519631926,1.607012174009,1.969553391399
201,-0.076854901039,0.248292421944,-1.285944552816,-0.010478902062,-1.931266942528,0.886462056618,0.612431356189,-0.262023496401,0.194984673533,-0.620132254140
202,1.290041172278,-0.211160664134,-2.862749700288,-0.800432387451,0.927967601303,-0.353600263474,0.260820451345,-0.455882810798,0.021988481223,1.829907539639
203,-0.427290551514,-0.493067367839,0.764396752204,2.140938323475,0.788113351900,-0.543738581843,1.750321036222,-0.070160294739,0.322135522086,-1.199282478157
204,-0.196327293907,-0.329367428601,-0.177600986501,0.203152786603,0.520866529100,-1.581234226800,-1.429158947425,1.681666916862,-1.021679468240,-1.141880299928
205,-1.211147020969,-0.826377138517,0.490336834272,-0.974358794202,-0.634508045448,-0.069974256332,1.021498466988,2.791358356448,-1.257855906258,0.636179049381
206,1.271452560128,0.909440946310,-1.025264260157,1.538199925573,-0.149249389477,1.600278576908,-0.629228049126,0.194598445990,2.184034742739,0.635180810004
207,-0.221231654823,-1.880431093349,0.529394668379,1.915337658696,-1.380585827304,0.665753729523,0.221516113114,1.279835978904,0.915020805366,0.414458089570
208,2.006484923001,-0.555549608820,-0.153913614674,-0.423820808714,-0.959933422250,0.212269558251,0.299386876257,0.794201760421,-0.754312941536,-0.049421330802
209,0.277557579315,0.124670832398,1.156193052342,-0.682312979438,0.858759982331,1.449615481426,0.278983894753,-1.264437313037,-1.143369665724,-0.785381426995
210,-0.617891195778,0.666645738592,-1.064874660142,-2.711965253599,-1.305102399334,-1.485331684358,-0.151773695611,0.537041348036,-3.532539398122,0.188264345477
211,1.083993699313,1.336327370259,-0.932605839352,-1.751319077198,0.301255668806,1.452911719211,-1.551514539594,-0.321585042997,-0.392088729075,0.160425243577
212,0.043619600061,0.431141828308,0.880473833757,0.263447631583,-2.541036130879,-1.081286475330,0.911051852164,1.038674066739,-1.051143114448,-0.258651414612
213,-1.109162029975,-1.072789971056,0.300055463931,-1.343129558346,-1.043183358335,0.154530060982,-1.166665280009,-1.448233048334,-0.820653035700,0.345413817683
214,-1.441772816354,-1.053516853117,0.582880277844,1.100111121730,-0.873480693125,-1.026536874975,0.505385112686,1.859329336054,1.266898082353,0.372104846576
215,-1.682782264753,-1.432375536142,-0.784779352650,0.981537233290,-0.256576785523,0.884576755395,0.822211632196,0.688212930666,-1.158105782948,0.770485585055
216,-1.499206519887,-0.096673650130,-1.006679807747,-0.372320466428,-1.028790679681,-1.207896553011,-1.004073530547,-0.825934568202,0.471553713752,-1.388543495404
217,1.317458235414,0.733685081676,-0.178500423266,0.700908970967,-0.200734974201,-0.701530057771,0.489071883951,1.311017753514,1.052301110874,0.730054918058
218,0.489322268257,-1.160482973400,1.259141476966,0.089385949059,-0.403024568225,-0.284301173972,0.198362823759,-1.281396478141,-2.168846156542,-1.278111974922
219,-1.271134405297,-0.227557224654,-1.154518368092,0.874001623473,-2.000406060671,-0.105386761271,1.381776594178,1.954738234305,-0.441606506391,0.859313213205
220,0.075406420098,-0.596779830982,0.084308893797,-0.835145136758,-0.653426460623,0.756663691397,1.792019104550,0.718490859532,-0.017189568954,-1.410988858624
221,-0.967402302141,0.090845555705,0.078573115982,-0.730347698089,-1.383689739684,1.248816258875,-0.485356828879,0.651683237641,-0.871790077561,0.668932861843
222,-0.916830356126,0.745199505603,-1.121533636281,-0.785195664580,-1.121351344244,-0.695405163876,-0.352697344968,0.072030619323,-0.115117169891,0.554382261904
223,-2.104590655483,-2.747876013133,-1.193164466441,1.049931049344,-0.927959327466,-1.763872382972,-0.531929217165,-0.666311932966,0.776702636538,1.181501285227
224,-0.937207238725,-0.751527170939,-0.430770421900,0.388650928279,-1.533323484915,-0.049348989765,0.765500741259,0.186581786798,-1.383127841348,-0.578213023636
225,-0.408082894692,1.240362374432,-1.680577592358,1.433504180158,-0.013513028526,0.871530553870,-0.127055340046,0.636243583676,1.505177307046,1.542999631782
226,-0.942362655372,0.422741139800,1.127583271875,0.161841022542,-0.740008475297,0.653666955881,1.256890492236,-0.110297522012,0.901692627514,-0.564908711838
227,0.277654348279,-0.786004729869,-0.121667477670,0.347054772399,1.035868254251,-0.261586730912,0.602244755344,0.270676125806,-0.406593206946,-0.546424314929
228,0.927879145851,-1.403640670286,-1.070720443683,0.081937066563,1.042375120936,1.706477514944,-0.294018920034,-0.391871097779,-0.533003580975,0.798228864154
229,-0.325007492917,0.737852063525,1.448429748293,-2.577739016341,0.810244944505,0.779926013370,1.131905578975,-1.418214878554,-0.412893054876,0.183775872046
230,-0.070436285586,0.536952264780,-0.032998778914,0.858789565938,1.274859042233,-0.818622281100,-0.636904837919,1.717450532256,0.232609015019,-1.058600240082
231,-0.326961245293,0.603908322789,0.086043518081,-0.677248685555,1.570031576357,-0.170410642279,1.473787397789,1.173787749798,1.078367639373,0.118857629091
232,-0.539171943903,-3.245656653200,0.134553248912,0.571423023717,-1.516151739189,1.454581729149,1.104196731944,0.381269627835,-0.525276511255,-0.553656131037
233,1.210473679160,1.930287505602,-0.758181404751,-1.533930595387,-0.967456132966,-0.228091315828,-0.702117648864,-0.838847883570,-0.253463380490,-1.256883404128
234,-0.962694125557,-1.314933993922,-0.072014691841,-0.029020908991,0.464795820804,-0.212450889240,0.311506877305,-0.243522904958,0.321711497489,2.451536829322
235,0.478760025994,-0.698664851897,0.906391746009,-1.419343191767,-0.258277436327,0.034984959270,0.663128614215,-0.936257466017,-0.511356101017,0.535854946629
236,1.382096461300,-0.765963737672,-0.085607668046,0.287417378304,-0.558654667050,-0.964178749933,0.826382743711,0.567117634807,0.308562716800,0.014804249572
237,0.685423180328,-2.268671020819,0.782375201764,-0.103178169775,1.421620601371,0.487606799889,0.698515311272,0.178193829662,-0.033269847459,-0.973918129875
238,0.682409054605,0.354731326604,-0.025175112238,1.346637124354,0.477117197372,0.348875007465,0.242707059138,0.478039688199,1.977999090310,-1.250707191143
239,-0.355513911520,0.841766674379,0.305936093873,-1.271246610345,0.244115686247,-0.827277880449,0.837206900474,-0.466632189336,0.949830269708,1.167218905323
240,-1.503375020254,0.503492736116,0.628211120610,0.261476029772,-0.761368578921,0.521141772968,-1.612121359101,-0.375863624120,-0.234228805108,-0.586316189661
241,-0.100130906750,-0.218307991160,-0.288160093379,0.585392958556,-0.017458621375,-0.072995966927,-2.536545235668,-0.104839497461,-0.922444177827,0.303264292453
242,-0.145187057463,-1.604473795381,-2.081642677784,-1.137477088089,0.564873052745,-0.607122451735,0.638804854669,-1.212734025115,-1.292502817563,-0.080710760997
243,0.963717937521,0.801334822189,-0.477593566742,-1.205511394230,0.463533771779,-0.221675786503,-1.285670319444,0.783170718241,0.021110223114,-1.587518139301
244,-0.888556110908,1.916662768559,-0.251545485762,0.394723517214,0.495301679004,-0.409615850869,0.284563658769,1.201135875997,-0.535765823814,0.094764381907
245,0.054607358026,-0.772028687972,0.190947615659,-1.804462327166,-0.069292377793,0.324001323857,0.311139281962,-0.434984381263,0.958268872941,-1.198817530697
246,-0.706228511553,1.646102922051,-0.767580017385,-0.130521482073,-0.840423290392,2.752778874357,0.815892336229,-0.615619268785,-0.988640120377,-1.109680858656
247,-1.080706446955,-0.843286380212,-0.126690297621,-1.692443645303,-2.285667419086,-2.170823166403,1.175284929220,0.028233393110,0.475967941455,-1.294473000966
248,0.784453101745,0.116521444648,-0.267264677880,-1.206566584009,-0.615018431107,-1.985476303562,0.317243315331,-0.106564853076,0.431672375648,-0.564427679033
249,0.509540271410,-0.555183415045,0.728729200084,-1.311609035156,0.362523186885,-0.906130699704,-0.640529793839,1.111595267097,-1.390908503513,1.395003103532
250,0.787256278180,0.363105104131,-0.862600139502,0.447247642344,-0.855794224695,-0.196973588019,-0.771705466575,-0.216225168973,1.521944623767,-0.291420244829
251,1.282032314185,0.529105346415,0.322509243539,1.643585005066,2.469732712170,0.536516489385,1.428923097030,0.666027355007,-0.613476328425,-0.409503788180
252,-1.096772035051,-0.049236483757,-0.535560098018,-0.611741048946,-2.078166267486,0.045074745764,0.380145850749,0.099312936165,-1.357486028282,-0.849256348492
253,-2.082880219427,-1.355707807034,0.884986867602,0.082880935154,1.283853912166,-1.056758149817,0.506482782563,1.318706553602,-0.451284509253,0.131901921907
254,0.653164984451,1.779261036327,-1.148881942394,0.120156986421,-0.091217468433,1.090623534812,-0.081563785979,-0.477837911359,1.474686931444,0.807385223935
255,0.325527490663,1.240158136625,0.275239920999,-0.849331154935,-1.618498025566,-0.358416861154,-0.013515663322,-0.642811153374,0.910399087004,0.085411091165
256,-0.566378168138,-0.950989562294,0.734366050319,-1.565852583715,0.128025280121,0.801840728737,0.010269017533,-0.559005813508,0.009017737247,1.723083387783
257,-1.134139705318,3.125481377972,0.017047207383,1.692135130502,1.910696263854,0.674734932400,0.660933769699,0.097187490254,0.752963817223,-0.508860420712
258,1.535587211041,-0.827265257957,0.353567014800,2.330886736958,-0.308948926709,1.495123062808,0.684002648536,1.553768564615,1.435721016007,-1.672726144546
259,-0.918239215973,0.763815301948,-0.897856283536,-0.367955527950,0.177212580092,0.701564628785,-1.774281115059,1.560789662827,0.408497262798,0.629155961016
260,1.598094717481,-0.052919096617,-0.196888992910,1.379781057853,-2.269065340697,-1.095351439003,0.034794969830,0.907064578089,-0.006521676593,-0.972610348495
261,0.919442942340,1.323738335395,0.540396299144,0.369608819160,0.890484942071,-1.180019249886,0.491346839478,-0.541192206159,0.453979562346,-1.591628127424
262,0.411475787376,0.263025897547,0.885356485480,0.437336135793,0.983654277478,0.355918698293,-1.278443691242,-0.032153014537,-0.725510855859,0.485644894198
263,2.451793775496,0.289965524644,0.240263130083,-0.334736206115,0.069838697332,-0.817969108717,0.499856878591,-3.242526679139,0.569388542518,-0.484554939155
264,0.226238612379,0.328519609967,-0.188791790308,0.786724663021,2.173058104714,0.394889759033,-0.198550888874,0.280356574044,-0.576598325616,0.805784652725
265,-0.467070267365,-0.472341874994,-0.458273959879,0.886411221465,1.474236459695,-0.329193182836,-0.214289295970,0.093820704140,-1.277741955633,-1.907921589262
266,-1.362900643303,-1.729320194108,-0.846152337771,-0.916391283730,1.023689357330,0.795824434338,-0.312204225009,0.938252481748,1.249842038616,-0.156807639764
267,0.195126311368,0.390859383133,-2.306407017031,0.774383707631,0.324611351215,-0.614125553110,-0.949557959392,-0.006936931956,0.066393102076,0.335022450949
268,-0.971191729841,0.865824907090,-0.294776477868,0.056864334964,-1.317597041647,-1.392275274534,2.836119260937,-0.884735238839,0.127130905844,-1.243761507669
269,-0.387697548142,1.333440027233,0.459214279984,-0.507246857704,1.298107431590,0.418149615953,-1.728739184670,0.063582162336,1.196575005312,-2.820888030255
270,-2.024439122469,-0.123168883221,-0.152837883503,0.081503757152,-0.092039941246,0.498486279959,1.923346162891,-0.732097125364,1.284921836203,1.103286413474
271,0.031389505548,-0.851880093316,0.502465423714,1.020773455635,-0.262093414802,-1.117834420304,-0.059424489382,1.396133045832,-0.145747760930,-0.877831653366
272,-1.151079305751,1.294039920114,-1.442682925218,1.233282159731,0.750122154318,-1.039606357458,-1.389054458835,-1.242854243366,-0.718095946492,-1.422491409537
273,-0.259102843877,0.411676508915,1.262559617863,0.632614312011,0.634617146212,0.994564755034,-0.391757673472,-0.435012101833,-0.437922513383,-0.556394986559
274,0.343400282808,1.020068584033,-0.762885214478,0.106787692138,-0.504329527393,-1.800421453815,-1.108535071160,-0.868210537343,-0.053648683504,-0.195744035104
275,-0.680296852813,-0.896955768066,-0.100552274574,0.052639728503,1.291084151226,0.802665584763,-0.414426193377,0.341057532997,0.382894051420,-0.374867663643
276,-1.022889859428,0.271479034332,-0.152294432420,0.787140616294,-1.720049821013,1.412680437394,-0.188968908537,0.139843456375,0.364425294534,0.694950555560
277,0.616169293644,1.192990659655,-1.352523219849,1.287808129145,0.669342240524,-0.383540583230,-0.882386597651,1.592989728307,-0.609294488262,-1.127688440119
278,-0.837063527564,-0.385314976564,-2.146550803565,-0.641975839045,0.137217797341,0.838296724967,0.111427530343,-2.387437664412,-1.284113343104,-0.262405594767
279,-0.782779768037,0.145314887074,-0.509271589976,0.071596221795,-0.512724660686,-0.116263523237,-0.493296209761,-0.046439841800,2.086553957893,-0.782174374100
280,0.404739776646,-0.097166507760,0.396698774643,-0.459621505439,0.389191254762,0.644352951393,-0.662738648406,-1.446470304050,0.540349644440,-0.082682046995
281,0.213969049986,0.058563740642,1.867738358245,-0.808670410553,1.063256206583,0.948456333828,-0.469391694334,0.589234179763,-0.582740638475,0.080408187277
282,0.326569875127,-2.004886504800,0.666183318757,2.693104426340,-0.159259135759,-0.310800848975,0.398913755170,0.112154910829,1.302446494220,1.451608876194
283,-0.625309887984,-0.448482173755,-0.897281892925,1.087651138546,0.326241643505,1.093417248855,0.148515352713,1.372120548147,-0.701076511048,-0.073631308622
284,-0.427330520371,-0.010712596523,-0.461002562986,0.085978310182,1.066163431075,1.235398016377,-0.162433677367,0.271982658152,1.629310401672,-0.696533293397
285,1.521525876538,-0.415529595313,1.204547019926,-0.576897279216,0.949802797195,-0.059657357313,0.056886184010,0.178167953649,0.604004493497,-0.968456891605
286,-1.760283114692,-0.102096486990,-0.466716314809,-0.009550994347,2.302400642432,0.391737370381,1.199455114088,1.850669546867,0.928088692851,-0.355540038745
287,-1.163998092666,-0.618085483609,-0.748843388872,2.137813895377,-0.690953363588,0.671719615244,-0.125002652317,0.659952900089,-0.180966033786,0.656583721770
288,-0.582861329368,1.139743626621,-2.781202333791,1.918331445120,-0.479229451295,-1.141322201642,0.707376831318,-1.949368422645,0.003277262762,1.304268210258
289,0.947235232177,0.014864919669,-0.366224037774,1.103865131351,-1.319020258539,0.178067085227,-0.370116115318,-0.605556143763,-0.180921232129,1.494075175678
290,0.537832884155,-0.687582998539,1.470974252902,0.441435830606,-1.025670283431,1.169063541130,0.087909148804,-0.724666038555,-0.960191493845,-0.560933238891
291,0.388263529454,-0.612529113854,-0.002580004183,-0.202645131819,-1.136935898310,-0.642666874287,-1.482643091020,-1.346531333449,0.687633289550,1.362286870229
292,0.401778517272,1.318845023258,-0.894463552737,1.804055131761,1.024126171834,-0.573733420356,0.404033641732,-0.872726232264,-0.920355590697,1.355512221703
293,0.929793664363,0.055861535244,1.386610656876,-2.027079506618,0.171350488272,0.390623735440,1.226311343020,-0.292827059966,-0.652757151897,-0.234399698872
294,-0.758822626584,0.190611421586,-0.008303334463,0.937674044214,0.197888862909,0.161558854831,0.020856938488,1.889680792138,-1.306078685250,-0.545249308009
295,0.219061074296,-1.102216507156,0.879534475355,0.361419255692,-0.251464309938,0.607079252889,2.305741155084,0.627562338398,-0.775245653256,2.143696905032
296,-0.694806388521,-1.527409853178,-0.049410195083,-0.827966879846,1.407288283316,1.071804225604,-2.047667399864,1.103682516790,-1.469601809740,-2.128214870477
297,-0.535892940568,-1.360649260579,-0.566481424570,-0.381776330368,0.084716967470,0.810345993687,-0.245298190490,-0.233073185555,-1.484634803019,-0.434651149107
298,1.976619628085,-0.469153964778,0.565268586117,-0.150528855885,1.265552720819,0.452585287366,-1.452516053432,-0.388303592849,-2.498527186226,0.879749413372
299,0.102545817323,-0.183788213099,-0.253300994256,0.705460842725,-0.751807529528,0.334716602178,-1.045656564102,-0.329098743288,0.504046673972,-0.629582162884
300,2.229530772843,-1.804924669426,-0.912417463501,0.378407478701,1.243451827135,-0.990001142763,1.248274468449,-0.333467602736,-0.433787704174,1.388239016677
301,0.974461219667,1.822281732442,-0.627368258579,1.280239656110,-0.684686116521,1.696182708363,0.136560202387,1.650625165030,0.508793932991,-0.584510462436
302,-0.285668859682,0.345761552335,0.031338125378,-0.442908966503,-0.743565300640,1.284946525262,-1.817112218441,-1.028888808947,-0.222389044263,0.062004091944
303,0.685847731901,-0.450901699941,0.912512126021,1.213166667522,-1.530346847266,-0.836469503474,1.225928270045,-0.345463239060,0.973502866555,0.009800723389
304,0.378077254260,-0.660105347608,1.301706125141,-0.963338703482,1.177567358257,1.452714605350,0.935102179616,1.638817670480,1.086355768405,1.032189929536
305,1.023626576704,-0.512980285939,1.789160167370,1.661533708445,0.368908304986,0.125480971079,-1.983961983368,1.899081738262,-0.340946112713,0.886942997151
306,-0.040873002882,0.152707360999,0.502550044445,-0.151217753477,0.027957049575,0.428532878882,-0.547169901700,-0.356634067632,0.710401145407,-1.033630844579
307,-0.706981865208,-0.168556997313,0.701230784656,-0.421916041632,0.888033756713,0.345783209297,0.082133288224,-0.280364806406,0.243757376673,-1.283010332023
308,-0.244431312474,0.210830800944,1.446325429828,0.857885472306,-1.781318268239,0.306404825952,-0.146709589751,0.549401066126,0.007020090298,-0.161292002293
309,0.708479511411,-0.803809531396,1.737382253514,-0.112264491224,1.060974597621,1.035693401468,1.639185325637,-1.556015583921,0.448934974277,-0.444908185757
310,0.369285541713,1.388985650954,0.201964700540,-2.347626828089,-2.440377306822,-1.098993464862,-1.267891965443,-0.174087515060,-1.598754993660,0.934975200626
311,0.158895261674,-1.010451030275,-0.917834484538,-1.378044894900,-0.963546365089,-0.765943378907,-0.112516529551,0.217496990101,-0.459107007607,-0.064340537939
312,1.908221899034,0.902992255263,1.132696652460,0.354145486029,-0.310113126616,-0.746887217448,-0.898597306150,0.467009799845,0.831731926730,0.473856884372
313,0.249191366270,0.376478334274,0.448776313453,0.755301652788,0.045093558623,0.876067800398,-0.180370466373,-0.563851654513,1.298364066275,0.091134743283
314,-0.505471636373,1.508400888999,-2.014687735221,0.322757888721,2.617411123294,0.059893077571,1.471134453885,1.766858088700,1.331069887175,0.010603616061
315,-0.262486015364,-1.301164054180,-0.657311702546,0.680973998998,0.863184722797,-1.681339385391,-0.145232410155,-0.420191431975,0.478655921448,-0.538739627931
316,-0.508787181158,-0.654941940085,0.145440989819,-0.174733072805,0.394682145142,-0.804883254730,-0.086895430645,-0.666303908405,0.705668430935,0.437078475648
317,0.620823300424,-0.876704294689,-0.994871902534,-0.390264194118,0.487193346354,0.131578747057,0.488684499576,-0.663450007374,1.227609938881,-0.032258914600
318,2.402931429538,1.153219344895,2.485245669464,2.057243978920,1.932010605694,-1.291541952224,-2.052919660525,-0.461837465359,-0.166132967939,2.071433002847
319,-0.443302006735,0.208853678740,0.050815166969,0.467192601412,-0.153032135702,-0.221251857423,1.068702185290,-0.596925402080,0.909225309872,-0.122738255019
320,-0.002283260994,1.822695465165,0.196315433526,0.549727627343,-1.470479810943,-1.692045576306,-0.659458744294,0.590077452810,1.284035357475,0.572932409782
321,-1.733405795660,-0.761816066151,-0.698051943333,-0.915793767115,-0.633491365425,-0.183358312439,1.305413583227,-2.102259341948,-0.835124184824,0.332338316952
322,-0.746445931087,-0.457097912452,-1.609001711013,2.238099236807,1.024874918686,-0.079270580334,1.797841172940,0.915521992877,0.492002047513,-0.413105755148
323,-0.452780609640,-1.479991022973,0.679933134646,0.728819824351,0.728001865075,1.839827492129,1.161007927697,-0.117097653201,-0.020847102278,-0.819736765310
324,-0.013070729042,-0.050027375931,0.444495613063,-0.395738266205,-0.737086401169,-0.699610286868,-0.294907589434,0.716744531300,-0.051469653305,1.221997327600
325,0.194819730443,2.149131465164,-0.588960040244,1.465086693903,-1.323651850190,-1.042668053522,-1.189117256407,1.149397459239,-1.112231069724,-0.296384796676
326,1.075129049290,1.233919542371,0.374268323252,0.150125840150,0.161819458210,-0.127261897489,0.545657730634,0.514435969189,-2.408461606561,1.669742378334
327,-0.421224166004,0.367675762302,0.718067259608,-0.157038991442,0.015405846168,0.009317501297,-0.247166048779,-0.174460076014,0.231307089488,-1.501766149088
328,-0.637741536552,1.079688195199,0.515085513865,0.191636908946,2.081122692689,-0.429494015110,0.538384305427,0.381831096865,-0.889941342961,-0.341330498164
329,-2.223559016344,0.555333860933,0.052069970440,0.137999653775,-2.187275859567,-0.818155570251,-0.195166821412,0.364020202205,-2.079538012999,-0.607772953913
330,-0.086282772695,1.397751660914,0.822490544367,-0.089296612829,0.627884858295,0.343599343624,0.717117814624,-0.020971517915,-1.689823358212,0.498870829882
331,-0.219075140393,0.397191537701,-1.664185079205,0.799761692166,1.221982008885,-0.137345029003,0.344004665344,-0.438990442159,-0.951357806119,1.907749434521
332,0.645319238575,-0.633741082563,0.341938583722,0.678452869151,1.272727582417,0.798258316307,-0.303668540952,0.024232377008,-0.654853379452,0.566825879992
333,-1.301379859143,0.125812750004,1.970664274090,-1.505181812711,-1.021561585774,-0.669129793459,1.726302970615,0.844021251998,-0.738920802839,-0.693390511517
334,2.899976636564,-1.355932901863,0.706128208443,-0.930585314547,0.313343564611,-0.029754637306,0.803491205602,-0.756432875651,0.451153523902,1.099584391969
335,0.388741373998,1.366198001408,0.573792051375,2.104432905856,-0.357794675915,0.180638445255,-2.171766440084,0.881523072515,0.773509523955,-1.037075014902
336,-0.019452084377,-0.657472628839,0.438019289982,-0.375277823413,-1.661152208628,1.136195475537,0.193017506785,-2.032919041942,0.177840679606,0.102889720633
337,1.675432895858,-0.952322360229,1.082166623921,0.494204647190,-0.928918211651,1.836344995093,-0.101006442374,-0.678463908597,-0.919828964073,0.465559248992
338,-0.260595252592,0.857144019892,0.127220808929,-0.777959326785,0.746719785025,0.188892628556,-1.792607584618,-0.352432319980,-0.750088843081,-0.452607644347
339,0.172986305310,1.644168911231,-0.236367927494,0.132932713250,-1.192088299649,0.888679201834,-0.401616380145,0.634918931645,0.160698552714,-0.140378127869
340,-0.140228524827,0.853204623021,1.642693887666,0.028954177319,0.434032085895,1.622461640223,-0.524409693675,0.612039109719,0.844755432589,-0.699847592916
341,-0.072844479630,-0.086013943466,-0.290877886276,2.434052412136,0.223767999738,0.896845821731,0.721661484976,-1.409553502616,2.001956287573,0.413727961024
342,1.583452784225,0.004245254193,-0.505604536543,-0.966570774051,0.202278118008,0.090760203714,0.155249576492,-0.550974459510,0.247407777284,-0.706967741992
343,-0.883713909024,-1.015247743197,0.009419508459,1.396349013072,0.523703935038,-0.399156948644,1.185020027002,-0.041483463588,-0.258862284289,0.490555355597
344,1.176614784429,-0.480533481269,-0.353275765068,1.234371306490,1.215951226307,-0.411722206363,0.847652450373,0.473254367103,-2.824438437786,-0.398523493809
345,-0.377197776392,0.535464109686,0.116847210213,-0.414299159190,-0.403127116067,-0.825106381779,-1.303878561329,-0.222320286010,-0.932137341543,0.295590213279
346,-0.560247794254,0.827873386731,1.008294049381,-0.446604746302,-0.487864177941,-0.271487629177,-0.700196065822,1.006400768996,-1.203133971195,1.088143960942
347,-0.549897108862,0.303484821592,0.725014557244,0.272903498618,1.339551475585,0.582754231248,-1.236923493796,-0.282528794045,-0.008796340949,0.298298588407
348,-0.120717658445,-0.041768866742,-0.932380002386,-0.710861639112,1.212712933291,-0.030850933979,-0.721075591476,0.662530964526,-0.741956022199,-0.096121924893
349,-0.505287499949,-0.035892912872,0.311437189508,-0.684489456176,0.746422394112,1.128603026464,0.585326518200,-0.543024473692,0.833506118857,0.208558555614
350,-0.426535237351,0.001483548341,-0.347883768305,1.567094316060,-0.185366068891,-1.477713945326,-0.870564063015,0.729819855999,-0.609578232558,-0.552489111907
351,-0.009740290224,-1.833073896153,-1.378279995587,1.045274304368,-0.781707532370,-0.091598078083,0.814996828764,-0.556943121457,-0.238337587929,-1.825932856936
352,-1.590849971278,-0.474822658699,0.242488503066,1.411574513972,0.696249415156,-1.900007285444,-0.414220670745,0.739597424647,1.152062323547,0.499385049043
353,-1.337504256007,-0.308718583443,0.779437197804,0.821908456495,0.548644883329,0.208763563831,-1.836153374493,-1.791362155824,-1.828740132873,0.591507827591
354,0.111955347433,0.331328870060,-0.750319350459,0.762005767004,0.289413354436,0.442040879953,0.753632477940,0.825576959790,-0.077952588060,0.491698877064
355,0.337615610739,1.180469495029,0.749713228474,-0.761157074627,0.510607176722,-0.257994561431,-1.489508615967,0.399387854922,0.762906988700,-0.642979922393
356,-0.243603210143,0.485134516335,1.857884175959,-0.912077455132,-0.822942043544,-0.356205358599,-0.926405782605,-0.040165972897,-1.089581641371,-0.134645735210
357,0.746674412153,0.383925954734,-1.273743013445,0.750925085745,-1.397997057195,-0.297100371198,0.206061958672,-0.077598435320,0.276192087374,0.070654822711
358,-0.325337237428,-1.052666820276,0.955093814317,-0.725143262113,-2.031894128689,-0.307872066054,0.300279731034,-1.554680932340,-1.138635206887,-0.956411039317
359,-0.889854632117,-0.543944262581,-0.054004054736,1.240933953851,-0.108725006753,-1.220992994962,0.455598885539,0.842584929071,0.059836804250,0.532320841725
360,0.764102840100,1.236854222857,0.208793302269,-1.179330338108,0.682072129290,0.557162392033,1.486512246039,0.052444962803,0.801826205673,0.366468941126
361,-0.844846914908,0.431435336713,-0.535554837822,0.498922697380,0.311728722659,-1.104791262890,-0.397150913756,-0.898241540486,0.676000690534,-0.236737865988
362,-1.136313231860,-0.103330751768,-1.020127073463,-0.631471632391,-0.002158772806,-2.022873104455,0.586244773552,-1.659192611559,0.927808062433,0.019668865491
363,0.938046632869,-0.910489483851,-0.849759468125,0.200524907005,0.765111463559,0.277072371119,-0.598860536143,-0.133156365443,0.144396563656,-0.031456009436
364,0.277006592547,-0.070388244094,2.145251342051,-0.333619138768,-0.938632857531,0.488168756399,0.655662658692,-0.187861647784,0.959794953307,-1.853693452916
365,0.982050219722,0.984985615780,0.893363650626,0.215220430778,0.774209317749,0.071675042160,-0.076458543898,1.047763579164,-1.036678358137,-0.652118821141
366,0.334918571326,-0.706516408352,0.998619960845,-1.107053049105,0.338632789830,-0.854038291194,-1.146832034466,-0.109542104771,2.096376264867,2.367868889351
367,0.032670205697,1.186242391757,0.040574446163,-1.307688998819,-0.083721424861,0.005468854613,1.049240562924,-1.506803692455,0.466739835823,-1.039069786677
368,-0.305222061545,-0.755864409643,0.142782047453,-1.072309784853,0.634492935662,1.286274180796,0.118021825256,-0.480843426737,-0.498143144508,0.772901137362
369,-1.431326587315,-1.329981574086,-0.352550967934,-1.094708912212,-0.244375461031,1.262556227657,1.365776491179,2.734651355393,0.105037906967,0.051097033129
370,-1.069662358405,0.374974992194,0.156336223418,-0.240503084337,0.053443303243,0.581655002268,-1.031389429444,1.745242168021,0.995713685376,-0.435408197102
371,0.896672066446,-0.453709269049,0.420494669931,0.738777849744,0.721620119771,-0.563658169962,0.278723898740,-0.756623429073,-0.491215384388,-0.402029386759
372,-0.506741915347,-1.115915304499,-0.015506338066,1.507843847829,-1.003436384085,-0.630621485660,0.310696105852,-0.268406995825,0.381196670648,-0.975602107228
373,0.738013267935,0.489782411418,0.806266336791,0.705151178149,-1.861137837172,-0.655708462310,-0.373460888317,1.222240130538,-0.314940109338,-0.407449046194
374,-0.709821491020,0.687120076219,-0.476698387038,0.801764462714,-0.220112877846,-1.029370030182,0.408850287493,1.562399486416,-2.309690912453,-0.175224501593
375,-2.023437149012,1.564474522900,0.264047521782,-2.405436696842,-0.732738349361,-0.744266932530,-0.304345815709,-0.542439976926,-0.416530414566,-0.221163520909
376,0.686127401420,-1.940745630054,0.790755791269,-1.363635052578,1.557591489116,-2.191941246776,-0.339830675071,-0.398465437054,-1.300323489514,1.315783560876
377,0.006080271009,2.245848785140,-0.724130586632,0.134650866566,-0.076358128927,-0.840726266366,1.030041547189,1.296270785033,-0.097621095401,-0.116224595398
378,0.485210251864,-0.962655045980,-1.884562774193,0.285768765651,0.451662493922,-0.651620029669,0.805523222089,-0.641262078906,1.329616448019,1.899640116066
379,-0.897934290496,1.786715186871,-0.874620591092,1.203592001220,-0.924703935935,-0.905695042217,0.144655264578,-0.800006100335,2.131807110903,-0.940610070562
380,-0.248158693893,-0.495925810496,-1.149945240079,-0.003541005682,0.417828550566,0.868114949958,0.123512305198,-1.716027006720,-0.755511583146,0.183690034749
381,1.317305427812,2.046011072054,-0.191440410933,1.142357107303,-1.468830329869,-0.272409154522,0.671435336149,-1.482137674241,-1.006317503001,-1.281695904835
382,-1.696472175818,-1.039654227711,2.135747336487,-1.660983781144,0.465643910166,0.462120391812,0.179640405412,-0.093969770370,0.825147021344,0.659677032085
383,1.167387796537,-0.940288604229,0.420882646870,1.008750025807,-1.598313339672,2.029365436908,-0.685018233420,0.652162237677,0.755066786492,0.929110954922
384,0.202290769108,-1.480782700030,0.850867846344,0.432138843895,0.176746934234,0.482302321631,2.142696749245,-0.228700690563,-1.297362193492,-0.038425848319
385,-1.238238064918,-0.255621523452,2.842868553000,1.058314032759,-2.847701857305,-0.652740804320,0.398122451361,-0.723311891974,1.013598788070,0.264310471209
386,-0.088950258752,-1.159184856209,-1.000515914285,-1.280555041986,2.441007140552,-1.265716662897,0.063902751967,-0.800437967097,-0.019761739525,0.842799788643
387,0.410117668234,-0.030545858040,-0.384739515436,-0.622286414943,1.259912899323,-0.617523458717,0.651363718628,-0.582098581620,0.359495536119,-0.988443392172
388,-1.113971843450,-0.787643308103,0.003466474912,-0.203647923659,1.087534629949,-1.853394972099,-1.204435905619,-1.219237685302,0.348568975299,0.179466223638
389,-0.876946683443,-0.388164986169,-0.319610973140,0.869998317850,0.216718191409,-0.898003295947,-1.269140706959,-0.947817126090,0.467621552768,0.599827849989
390,-2.407871772348,1.157832339889,-0.360689724363,-0.885255377982,-1.332507260197,0.143082607223,-0.365761160151,0.102440973712,-0.181160583625,-0.772482086390
391,-0.540272501009,-2.301949745751,0.601778405674,-0.766207796724,1.036503323592,-1.475764925307,0.334115427664,0.714387126985,1.039064115453,0.304387696252
392,-1.402196945634,0.668164707873,0.675193998384,0.403140171788,-1.281127529153,-1.163453199596,0.374983810843,0.442199016612,0.046973362632,-1.527274040572
393,-0.190585394094,1.751358353625,-0.862811385208,-1.483208915278,-1.499229269141,0.360203683798,1.874623916852,0.464105595159,0.546010740128,0.052902772220
394,0.800949081831,-0.040208354949,-1.190436875113,0.590274496311,0.094429429325,0.845095979597,0.379854187563,1.534534068790,0.670713024469,0.648091030838
395,-0.335394804865,-0.868043675222,0.686711110207,-0.638143742132,-0.378239827400,-1.195241344344,-1.236455387701,0.282035428006,-1.045236120778,0.850580666893
396,-0.072870998855,0.224762932709,-0.772954973817,-0.863450114817,1.068749523682,-0.834269630002,-0.085500954541,-0.216894489358,0.975931238462,-0.257174989151
397,-1.000619662191,-1.421735822141,1.288878492735,-0.314831582111,-0.812566130239,-0.389744316624,0.788070346997,1.302748869062,-0.900995259679,-0.614051217009
398,1.249179566260,0.614726513661,-0.221333389964,-1.907451424211,0.618744661095,0.794822269188,-0.871291860173,1.199212018607,0.840104255613,-0.448845910804
399,-0.435906189255,0.325429128061,0.385317220524,0.424938097094,-0.940441889500,-0.245767492363,1.325169014805,-1.063850113920,-0.889252631612,-0.930767041814
400,1.129913253957,1.190411063593,-2.058923543038,-1.488988510510,-1.137010110940,-0.719482761693,0.214371822512,-1.139917117606,0.721332809811,-0.242272678714
401,1.343120807460,0.889056686038,-0.240070747697,-0.395060490776,-0.476436788807,0.401455001407,0.611923961445,-0.194988363992,-0.887412519900,-1.655451530218
402,-0.003837088101,0.436968701677,1.063886109455,-0.550142449121,-1.288953247975,2.525558186604,-0.072516748763,0.529917622288,0.136617836983,-0.699431796073
403,0.803535500911,1.358127025285,1.004065810390,-1.234537122106,-1.942704350754,0.653482869616,-0.320059497796,-0.595689204562,-0.012497673611,-2.524682968770
404,-0.044321815279,-0.172062528666,-0.035827543596,1.091956412576,1.122901764557,0.639335763372,-0.604647115765,0.399045027287,1.480389852873,0.341707359850
405,-1.973986994435,-0.809192146057,-0.590317958320,1.206297674561,0.624086836312,-0.334845132273,0.940754922275,2.528198808312,0.514182813612,0.170422570177
406,2.021911254751,0.058604136528,1.079471074881,0.838655204372,0.263414462056,1.301463381167,-0.937228449121,-1.713872307147,1.740034196643,-1.261011982588
407,0.762861960894,-0.812624373559,-1.320879349858,-2.750556076676,-1.459054228730,-0.237004823510,-2.228473682212,-0.842987751398,0.675944312627,1.776434578191
408,0.241783078417,-1.485692184482,-1.515395204985,-1.056031210857,-0.307277504265,1.644461402860,-0.174771757269,-1.386487668188,1.651992424377,-0.484243165300
409,-1.840044864107,0.992777264219,0.401327311561,0.359038857837,-0.646284531343,-0.035497908340,0.309925619573,-0.401104737210,2.066375733009,-0.859918530296
410,-0.380590073163,-1.316055022380,-1.308198824340,-0.860029104531,1.951328350287,0.300506537670,-0.755887385876,-0.543648832774,2.340064025720,-0.151391162661
411,-1.245881652739,-0.519451149775,-0.273657306924,-0.861108429968,0.868446287689,1.284596333622,-1.014729831622,-0.201209895245,-1.564371018584,0.639063925511
412,0.540298603443,0.610642589048,0.194783623479,-0.761331156065,0.017704021757,-0.912244853552,-0.797550511651,2.215976155743,-0.192898488608,0.201188512176
413,0.759560919753,-0.743714993326,0.281035347729,-0.451181993881,-0.854871303664,1.015540142674,1.857081184930,0.212282285581,0.240424081357,-0.439385998670
414,1.048406058310,0.399399141106,-0.357720193762,-1.318419635509,-2.096163656220,1.006349318684,-0.013637068215,-1.931731611912,0.484591486166,1.169450032449
415,1.879871427293,-0.458623107974,-1.189068163391,-0.415300064054,-0.684163223303,-0.373744770385,1.798952787087,0.710547657273,-0.405326828622,-0.152163856416
416,-0.059287066049,0.640477833818,-0.509700180646,-0.951586965036,0.298582027963,-1.962050669955,-1.406812162413,1.007773237428,-2.075029693204,-0.876915536458
417,-1.340046258257,0.599792416900,-0.281117525060,1.467171915292,-1.405419073302,0.097819514946,-0.587157349107,1.368299696669,0.145552766985,1.198050226931
418,-0.156224213559,1.577948136550,-0.004717979931,-1.126037576373,1.761726399212,0.719759734371,0.393183692721,0.857074366605,2.472671268797,-0.605136160474
419,-1.884096079000,0.875016241599,0.252950737012,1.056130741526,-0.718714580896,1.051928276260,0.845366399488,0.827504657816,0.015596803149,-1.725228837586
420,-0.178414453175,0.025196828122,0.223851741522,0.171825593430,-2.123288627206,-0.827191065207,1.682750455468,0.276832251661,1.067453062589,0.794174125818
421,-0.734497467299,-0.414401563279,-1.266752502569,-0.916880008879,0.930195357907,0.023403220512,-1.247014121911,1.568812525077,0.815504531920,1.198762886856
422,1.150577935477,1.302778694560,1.433459192450,1.274789234411,1.960516361102,-1.607711162770,-0.243622530375,1.002668037251,1.151920259050,-0.902269928945
423,0.552681446531,-0.495460418821,1.154026688083,-0.396160265190,2.198969037034,-1.562930508931,-1.017480152882,-1.447614389977,0.194509988959,-0.089295089955
424,-1.638081624669,0.614895887617,-2.658235316371,-0.288344454336,1.665698287443,1.927140849386,-0.820040549439,-1.868816046363,-0.114404810801,1.373559333662
425,-1.472261051676,-0.409065198766,-0.758674151578,-0.128907107254,-0.001783366243,-0.374501932797,-1.464815483924,0.852838500315,1.798922433269,0.954075993448
426,1.099938703380,-0.735737326631,-0.944934221556,0.327766696001,-2.512588950452,0.121234926053,-0.299497149113,-1.027316340357,-0.410949660080,-0.376588349349
427,0.255638576025,-1.614639883796,-0.734488949976,-1.897720437501,-0.751958520561,-0.295574672971,-0.569680423733,1.965827794329,-1.604682627280,0.294825998096
428,-0.804907615477,-0.096574241116,-0.555989434150,1.248188453466,-1.321925233242,1.302193925928,0.661500857276,1.430056680469,1.654803527307,0.339407088714
429,1.035621118918,0.524486353803,-0.195390116284,1.106320342796,1.137131284980,-0.821807050205,1.856918551662,-0.664890624871,1.535842056974,-0.751653885657
430,-2.416988933130,-0.357151764815,-0.039335261539,0.476791024557,0.674839649192,0.864779592375,0.084203967791,-0.609809370348,0.628416895253,-0.245512921600
431,0.391158676604,1.673143764435,-0.642581104323,0.595511562438,0.370330664561,0.249730082764,1.160493302243,0.039304457771,-2.808225682442,1.901475546424
432,0.368258939165,-0.059387346432,-0.493802099874,-0.788849909936,0.876609788376,0.129404307236,-1.757047166839,-2.763049488525,0.055789084335,0.106621845140
433,0.499084875580,-0.020771901618,1.472601351665,-1.386970684957,1.345632065850,1.591604017909,2.073904911922,1.291256204510,-1.131274882997,2.109750379069
434,0.472456387372,1.405164765902,0.378872686439,-0.583683108164,-0.831012276468,-0.211145701874,-0.151902774957,0.984428923397,-1.722477241667,-2.570830052587
435,-1.152893453501,0.384541649560,0.081548985645,0.656836991103,0.270799822218,1.716114081701,0.056471643042,-1.162704224687,-1.437246989184,-0.392028012715
436,-0.659718776488,1.390523495137,-0.120649346838,-1.308935909331,0.788202619936,-1.049730345422,1.573440261668,0.219563988278,-0.354430142935,0.301946419476
437,0.344044578586,0.860749642827,0.028497075329,-1.079128718397,-0.294549571448,-0.316088440925,-0.253306591502,-0.178698578884,-0.974647349045,-0.432589228594
438,-0.801414787588,0.666582400669,0.022884808439,-1.594227949825,-1.674767083206,0.681582670735,1.549390958095,-0.138838251012,1.847764067913,1.648331860399
439,-1.405775261897,-0.948157257608,-0.475317235158,1.080850882243,-0.738115836395,1.629549660909,-0.454251001067,0.662961903443,-1.595885851875,-0.497327199413
440,0.607164431213,0.201297779899,-0.753615101655,-1.042457708361,1.115922484516,-2.302027193560,-0.182224241100,1.743970279669,0.731985166659,1.829248218982
441,-1.394774233370,-0.016937853128,0.693502674994,1.000555293920,0.210153349422,0.190161541016,-0.796521975413,1.137397841600,0.463651381249,-0.514387102567
442,-0.735550913268,-0.942963072964,-1.498674942651,-0.911323244686,-0.824433662255,1.119816905083,-0.954198174000,1.363891466747,1.716480792056,-0.910550486723
443,1.038747153598,0.760467933192,0.019688288620,0.443689152049,1.418405879751,1.732748975671,1.096790029289,2.112412080762,-0.491335257357,0.914584583608
444,-0.792676245678,1.326876729118,1.611180805054,0.348096209653,0.905764036154,0.022929754932,-0.669178013648,0.826937638569,0.034308006065,-0.318123397022
445,-0.717474009130,-0.720421592980,-0.685542205601,2.123977477220,-0.870279852603,1.291810054366,-0.648958390545,-1.325619093812,0.723614489016,0.769794185502
446,-0.188000423895,0.594094418876,0.340165062225,-0.727734876382,0.572760830879,-1.235240225742,1.162272575675,0.823860209580,-0.303508536685,0.472575634705
447,1.802664885989,-0.830702749093,-1.714024068710,-0.566823779258,-0.453320104635,0.972557171194,-1.802340041189,-0.804692736892,2.033523172023,-1.362377788832
448,-0.471791311082,0.644152059211,-0.129457200550,1.630326746151,0.663176361379,-0.773479223895,0.444375456061,0.074116004723,-0.972006450342,-0.642273394846
449,-0.630512080025,1.063482734599,-0.817680383506,-0.504490060073,0.282292463230,-1.234525437709,-0.043943929725,0.219576135998,-0.519596355801,-0.407973887560
450,2.065377546245,0.178683755395,0.626199024928,-0.371117595570,-0.257300926481,0.136435921212,-0.311376791008,0.698167159129,-0.275587216889,-0.849766088241
451,1.479144372676,-0.390879563550,-0.419191885887,-0.987697187291,-1.177695758364,-1.319573531602,-0.359922355445,-0.697298697423,-0.552789623090,-0.101289395763
452,-0.033897135413,1.321229928466,-0.108078273137,0.870128327850,1.094332887282,-0.420296389715,0.614412283288,-0.080764881625,0.852925585026,0.584290445343
453,0.852968703995,0.568789409660,-1.866701765328,-1.649519067694,-0.785429537807,-0.090730747512,0.396969083782,-1.104638558857,-0.556168143709,1.358763773967
454,0.243518883856,-1.563491314139,-1.315115829685,-1.398165429851,-0.221577778179,0.134980566993,-1.287904720644,2.134284445047,0.512315039620,1.352432014067
455,-0.712868956639,0.315048804248,-0.249687508010,1.257182215560,0.553582216134,-1.220390729793,1.910298402621,-0.970668017358,0.976133314929,0.396856840957
456,-0.238893331550,0.900734283044,0.756389435936,0.685918092122,-0.354994366789,-0.176351641413,0.501845761985,-0.257699412766,1.186504921136,0.227220981292
457,-1.267566226424,-1.542330434710,-0.020195742463,-0.387097822144,0.553244573219,-0.891937054760,0.989530293414,-0.893157526586,0.286011456997,0.093380506575
458,1.554023928158,-1.268530769146,1.126644704526,1.180521960576,-0.503178336793,0.539679760662,-0.020638273062,1.491268227051,-0.257052190378,0.460479526266
459,0.521245107746,1.223171631272,0.241874705990,-0.540670136106,-0.642420926027,-0.126248445098,-0.580957526002,0.118465601245,0.677295946055,-0.608813406504
460,-1.815278970392,0.414674476748,0.485061847152,-0.057321749298,-1.121712513859,-1.246876908392,0.181990650180,0.058209497238,0.327445445151,1.093416432358
461,0.592937797136,1.185379649007,-1.185752993886,-0.970685080517,0.334722937637,-1.502552995610,0.163301285109,-2.095135244499,-1.287427960738,2.959381947983
462,0.215786682875,-2.069082128546,-1.528844900312,0.445277361480,-0.217240835940,-1.540481936443,0.784959145921,0.760094501790,-0.010684757262,0.385287242556
463,-0.163419435439,-0.399924664200,0.759216822755,1.966997853835,1.435775604132,1.302763069134,-0.762892493373,0.056103547538,1.145175325211,1.806063548471
464,0.035616277498,-0.387030588917,-1.251973428299,1.077787930341,0.320801868439,-1.575489032448,0.330718439404,-0.508919095859,-1.252950383961,-0.481187074805
465,0.041774228601,0.782461358907,-2.506817138052,-0.627945506444,0.515648895738,1.003285272253,-0.996589500729,0.293004297600,2.088570351806,0.531727348867
466,-0.579166025996,0.107204347250,-0.900454074180,1.024360376348,1.335020380973,-1.034164819409,0.700107823267,-1.954865835721,0.278243531920,-0.522465887434
467,-0.703931266417,-0.276650956918,0.055915348837,-0.419378683120,0.640517758684,0.821607354603,-0.046185684299,1.562247549162,-0.078498509195,0.470180935998
468,1.524751911497,0.581810571166,-0.310337060452,-0.380552495172,2.794620371627,0.159313001874,0.939571857931,-2.601047101270,-0.195916248959,-1.609199525310
469,0.550728430938,-0.945853903061,1.186716384383,1.792807700280,-2.127157599878,-1.497552476365,1.149215197227,-0.122871367414,-0.567450823786,0.450860875882
470,-1.039305346375,0.315599069757,0.065828263499,-0.219758195090,-0.827592009090,-0.346390014652,-0.334392638981,-0.349966983122,0.904316766297,0.792088522020
471,-0.348862310366,0.167708953023,0.349039519662,0.606723405554,-1.240443858458,-1.113653235071,-0.146813609530,-1.371984868643,-2.069852370189,0.772876864469
472,1.654402023137,-0.023196039612,-0.477091110487,-1.487507051052,-1.141708037054,1.347355976410,0.626602440586,-0.329491769563,0.117325296857,0.347359670759
473,-1.367992138366,0.920998888146,-0.597284807512,-0.105920969773,0.594550645563,2.129743013280,0.382016255561,0.879756376842,-0.028152797078,-0.300943348133
474,-0.359975029164,-0.840998562537,-0.130035027656,0.648927985413,1.152972444389,1.252350328086,-1.329582859950,1.437700904832,-1.519713095840,0.112392875467
475,0.812203184903,-0.387661300100,2.018806964228,-0.938680356264,0.317665205324,1.218099164625,0.015626124776,-1.194733764460,-0.325992812160,1.540253263886
476,-0.842879694386,0.610296353941,0.485842033428,0.564011107596,0.820919678292,-1.225417247895,1.010348562209,-0.144680384637,0.019118169173,0.933546739278
477,1.964691789454,-0.249282241293,1.588786570698,0.009688101419,-0.897415017567,-0.870110382244,-0.979222531106,-0.290674356205,1.011305961266,-0.707772049750
478,2.376870310730,-0.070464876899,-1.388776546413,1.007829043581,0.237563850227,-1.764014131907,-0.846574100847,1.543020196487,1.009009157358,-0.530968897773
479,-1.110458868487,-1.922610066904,1.331864140612,0.850992957557,-1.168640004602,-1.604437328889,-1.579407234766,0.260242846629,0.191809969136,-0.975514663308
480,1.179673101926,0.622032007660,1.553191244674,-0.258710726094,-0.604705357961,0.309678387779,0.416892945087,-0.493527020508,1.460930971178,3.024239112926
481,2.013815810972,0.787443840129,-0.788661217067,3.447101675023,0.539591297938,-0.042204785321,1.536746837016,-2.265841263217,-1.719432090836,0.222991729254
482,1.229673203394,-0.360642985732,0.149708768276,2.299703701988,-0.189852859095,0.218509474677,0.051903053768,0.325412975568,1.034391643980,0.368997306373
483,0.068430595630,-1.300355056060,1.759225274188,0.103349895991,0.075667532477,1.144499701103,-1.797845746133,-0.248666322380,-0.201869630189,0.035153187768
484,-0.471357871425,0.014357963307,-0.364484444455,-0.114560120935,0.455252419482,-0.581179553624,0.776242697850,-2.108808326669,-1.097287118185,-1.296936667379
485,-0.355124050978,0.400677253181,1.360571319624,-0.467516513160,1.411407441050,0.048632288540,-0.439664000063,-0.310898484212,0.743002323385,1.061740556192
486,0.950240172893,-0.297546581969,-0.472608618649,-0.326989443572,0.593707519091,0.264694963886,-0.582441167740,0.837569210821,-0.566354036128,-2.077032802652
487,-1.434184514261,-1.015713024908,-0.130252366462,-0.130182518257,0.288421494272,-0.260745092240,-2.393681934844,0.979787298344,-1.497705180718,-0.138841180996
488,-0.605416497241,-0.980882496421,-0.733141965310,-0.094240107742,0.384827460439,0.076578514883,1.414081059602,-1.409755760532,-0.034631453750,-0.306342314896
489,-0.649977537377,-0.680792637199,1.660269750004,0.538665979464,-0.733728398601,-0.201019732579,-1.946712348648,-0.128692298394,0.381546926424,-0.802349868786
490,-1.797956517817,0.602276426294,2.314368758101,0.442202755454,-0.207931310605,0.756972810935,0.896867746110,0.767227765826,0.492853880969,-0.263619439854
491,-1.119451153641,2.145491600282,-0.274511442650,-0.311791760081,1.393307077978,0.262885714829,0.244741004597,1.607095692326,1.178996085342,1.092048799136
492,1.285655979158,-0.258596817408,0.323951898833,0.192960907125,-1.143128905154,-1.725679836205,0.980634486837,0.617124276353,-0.664229233152,0.270491340342
493,0.879690706858,1.175951916589,-0.375698819830,-0.122025774959,0.166811295360,0.075963653431,-0.109464808309,-0.937969369570,1.150685700859,0.054369668036
494,0.867809814527,-0.743241475809,0.596093277779,2.034415672373,-2.324035710677,1.853682920943,0.229571172277,-1.869431276482,-0.289569285044,-0.151196192328
495,0.821494052274,0.573579859114,1.072555101359,-1.012851271245,0.150099997009,-0.651027420697,-0.220106310583,0.014686793952,-0.982025493032,-1.303805096356
496,-1.024003768817,0.242061323719,-0.668864040467,-0.548152773815,0.382505185965,0.271935831245,-0.749330927347,-1.256171330011,2.163914666169,-0.517827067526
497,-0.204411074470,0.594062462633,0.033627689194,-0.405380627845,-0.489706378438,-0.742721018274,-0.791027135952,-1.129233333190,-0.890727096156,-1.195003164148
498,-0.584245864912,-0.022021764405,1.890518422229,1.806813469198,-0.355627849061,-0.099496849898,-1.392127082732,-0.305993212351,-1.440989011061,2.136864461031
499,0.450110872498,-0.882476277388,-1.585076910601,-0.495472239556,-1.188132343848,0.883817378398,-0.259940428360,0.183747094378,-0.598198134230,0.430024399675
500,-1.630860946933,-1.301229525140,-0.072012728196,0.458119001209,0.138088169573,0.686815736325,-0.090835461786,0.179553231332,0.543729405736,0.777286431757
501,1.256556973113,-0.668794287328,-1.239112123022,1.059159588470,-1.900000286878,0.711243451626,-1.779647658712,1.345272266952,-1.134885890957,-0.478584662051
502,1.087255861244,-0.230610876600,0.384314188896,-0.261964921624,-0.157911824337,-0.796031089265,-0.322989571302,2.165863147908,2.048552150092,0.215719082043
503,0.992741286004,0.762886129372,-0.840441235209,1.266056181609,2.045326260142,2.935706483309,0.014150894150,0.124576058147,0.835884182549,-0.573687210620
504,0.742303061940,-0.572178916643,-0.888086364745,0.545039005005,-0.720791580386,1.109377129643,0.449909719603,-2.080066810402,-0.413394828728,-1.019789306044
505,-1.648350648940,-1.239624287048,0.287759173665,-0.096583009853,0.787916100894,1.214325533420,1.618301426663,-1.286761644548,-0.051917938838,1.657332015175
506,-0.292710555591,-0.375562011548,1.301913197909,0.082600121395,-0.507593993410,0.063257674642,-1.275221377489,0.536486659059,-0.923218617193,-0.414229143702
507,-0.717593867523,-0.604660226648,0.507257401169,-0.676542071946,0.242929907874,-2.017045654920,-0.515337909390,0.896066786615,-1.789550000454,1.116994819364
508,-1.206069978486,0.661363910013,0.526420666351,0.784372594629,-0.244209986264,2.242756853550,-0.564151453396,-0.855897700265,-0.966093951800,-0.689640540791
509,0.153269942555,-0.051774269878,0.397187129758,-1.058237176990,0.201313765356,-0.977723192270,0.356118355241,0.032727403928,-0.483248981253,-1.376688668770
510,-0.148501684304,-0.139666837012,1.036797456800,-1.507549257869,-0.218031753233,-1.627329856314,-1.522625521754,0.457695568680,0.165399697305,0.413052689393
511,-2.668629899647,-0.535671732357,1.052870821289,1.069329978954,-0.803491160739,0.712208882145,0.151855905924,-0.875486902874,1.295865259459,-0.420967766398
512,-0.520203709931,2.127108964856,0.152005375174,-2.107536631930,-0.867043046794,-0.169039117332,-0.729233907031,-1.222535051266,-0.706183355887,-0.004351788393
513,0.002689877312,-1.065666819626,-0.652277747600,0.784952894059,-1.844757246685,-0.097858098968,1.022988948139,0.910372388930,0.191964424158,0.493450162858
514,0.275213110864,0.003941898937,0.939316904240,-0.484998360329,0.783446552988,0.414885816183,-0.570412963295,-0.262721119932,-1.206096084296,0.679415149393
515,0.696808242617,-0.589105039321,0.070196670254,1.655507233297,-0.252064181324,0.419779603069,-0.644864288961,0.577320230883,-0.749238493912,0.947375878084
516,-0.266857003655,-1.218828379908,-0.283349053326,1.074620432014,-1.089952508827,0.483096758599,0.371302619901,0.601983060880,0.728467405500,1.648522177401
517,-0.439357268142,0.023873320320,-0.486315984476,0.513757188798,-0.559667771942,0.583240215861,0.592896455238,-0.167439384628,1.464090971798,1.107686400842
518,-0.020825535123,0.397617425103,0.261023388191,-1.845400501833,1.886494805425,0.271506131614,1.192653622724,-1.246879059953,-0.588347475830,0.338353528945
519,0.477828537783,-0.497379316873,-1.033193492735,-2.406549207649,-1.663838703906,-0.363269939085,1.437101856091,0.557708504303,0.753670205869,0.578352978017
520,-0.597858647137,0.200838701479,-0.344353592195,-0.310385307260,0.406140658876,0.611733447955,-0.448953234836,-0.170203485639,-0.522230223030,-0.662051599450
521,0.250795847683,-0.390012668350,-1.363891712025,0.047060587975,0.517333436934,-0.311446823786,-0.084981302296,-0.598283267980,0.331014303357,0.646884833289
522,1.296271491895,1.503634861385,0.409603054183,0.435385987696,-2.160946404705,1.258992903155,0.774757328539,0.047766883853,0.184176685239,-0.629307864735
523,0.577509511248,-0.490094975613,-0.814561713502,0.329684429306,0.962388029886,-1.505106115201,-0.451906214734,0.607723164374,1.758425583469,1.051012468860
524,0.483535743380,-0.502145875759,1.232041213534,-2.922674893456,-0.014080358244,-1.278855257565,0.794447650511,0.122189368984,0.235939433115,-0.778486828263
525,0.310830634794,-0.531105990159,-0.213866079139,-0.132469546255,-0.010593949008,1.321507664107,0.671025412701,0.651220145250,-0.143251095355,0.437726504312
526,1.027144270088,-1.137337652374,1.717914536798,1.125461152724,2.082063347945,-0.082827105923,0.492111138114,0.350173083201,-0.500182194078,0.079479560328
527,0.668769072411,-0.215241743054,0.950467562460,0.768694951303,0.253198783591,-1.524464135882,0.666438802704,-0.699220477686,-0.539428233232,1.077518353450
528,0.393912461476,2.239815895082,0.128242032094,0.629543972923,-0.773122462477,-0.884838432818,0.288776199941,0.230141870180,-0.898500334984,-1.068977006734
529,-0.523118658557,-1.739629075656,-0.959061752053,1.211187165380,0.212675786544,0.985571023335,-0.400955840007,-0.383289865898,-0.638399887139,-0.863035265010
530,1.510884600669,-0.134567334943,0.419453763658,0.341494748740,-1.951177942197,-0.249654089225,-1.826257846500,-0.108428780007,0.117892101798,1.505304961352
531,-0.567702241855,-0.476304634716,-0.416150963246,0.390227511300,-0.359373176135,-1.090063247828,-0.080615221515,0.100550045363,-0.082540427541,-0.190657689065
532,0.167623053932,-0.392944046819,-1.801030635228,0.279710950847,-0.306932197644,-1.729543708021,-0.301090257286,0.505181498881,-0.212796859900,1.944828876877
533,-0.207643505669,0.025519631527,0.042518896466,-0.761369491844,-0.616072101302,-0.263067813934,1.461217115618,-0.574457177621,1.287175265008,0.481023488755
534,0.827850020832,0.255519954749,-0.066428759220,1.204956973550,-1.577763222287,1.681248838924,0.212980182241,0.296320442081,0.227298103301,1.063491832932
535,0.855650378657,-0.011013540103,1.040476188202,-0.368492334458,-0.752959705745,1.116957685729,-0.991830845230,0.028061623466,1.027400126323,-0.373775834449
536,0.445016048471,-0.654048304470,1.186635935216,-0.230032294164,1.673193703160,-0.844540072187,0.347870978818,0.121708588270,-3.587727928746,-0.138579278285
537,0.964897360710,0.456250055762,-1.350433056695,-1.147959285343,-1.269852748392,-0.026738777004,-0.893233331821,-0.713417619690,-0.893245427659,0.903682965420
538,1.433437738778,0.391455604850,-0.243602856361,0.201907092016,-1.438795897395,-1.288270979380,-1.029629903211,-0.069428621786,-0.349446024965,-1.109318617844
539,-1.407449249895,-0.567879192128,-0.382053899500,-0.980046829290,1.908616918439,-1.068776477636,1.352163218046,-1.004239851393,0.548241766952,-0.326213673219
540,-0.177546364269,-0.074359477801,0.205937130909,-0.767804868198,-1.143543845158,-1.678524572712,1.451684807648,0.564341153065,0.928239990664,-0.132884962589
541,-0.156212233214,-0.463473872775,-0.179730496338,-1.083842100329,-0.238133434370,-0.109875954234,-1.292773943315,0.536479135626,1.086633221918,0.934255795701
542,0.446634140967,-1.174123026810,0.861779655685,0.767892384816,1.221548331154,0.296773253210,0.235423742925,0.549964019339,-0.624654429689,-0.416206368423
543,0.517311310715,1.284420449187,0.296967284634,-0.537638663715,0.548377858926,0.937103087315,0.909568235227,0.391774621490,0.574864635443,-0.752054777894
544,-0.760869178630,1.498449077620,0.400621614811,0.707608691851,1.844485136247,-1.792852916769,-0.159881266380,-0.127066110805,1.868628681073,-0.702267764446
545,0.987963400373,0.445241693539,-1.279499849390,-1.293251191843,-0.416186813501,-0.996789773875,-2.462128783796,0.312332118005,0.155030852188,1.685311642125
546,-0.480123172846,-0.946661334907,0.237895094428,-0.891243139269,0.703661001679,-0.707564625770,-1.246022677246,0.298058372877,0.486890825120,0.336455510239
547,0.031847870721,0.605196499076,-0.584036975086,-0.749876176491,-1.557617195184,-0.098321011792,0.919852973351,0.908996914695,-0.010042449438,-0.379023976665
548,-0.135548834944,1.141202193789,-0.682054030995,0.189613393647,0.983923941315,0.224009501942,-0.594090015744,-0.870055266932,0.711130152693,-0.880644259310
549,0.916614106791,0.626468730688,-0.080943004596,0.729849829953,1.180245543121,0.610624429774,-1.035637516041,0.829815415826,-2.077425584797,1.004513184996
550,1.050173714351,-0.658721088962,0.483396565828,0.326891070870,1.292729079985,-0.292400115179,-0.583701630789,0.568664287459,0.195769880163,1.938437382936
551,0.894367925886,1.504437425857,1.288812417998,1.064050950342,0.417598760672,0.344017803142,0.608884671283,-1.237573466450,-0.300130557899,0.247645393574
552,-0.994590284667,0.941249554139,2.038301241417,1.018360574085,0.875965114860,1.361351716367,-0.961681014090,-0.453552479626,0.009686724296,-0.240075777607
553,-0.682375236550,-0.144728133795,-0.131220168145,-1.261949450227,0.330692721182,-0.730447776623,-0.046792089013,-0.890069444544,0.405575734062,2.457424669907
554,1.368793029457,0.354645364026,1.185271629222,-1.130401951540,-0.090890778618,0.594883267657,1.060627824030,0.237461069918,0.539529399791,0.378418997260
555,-0.692460048648,-0.964766148679,0.762915450851,2.570587406798,-0.725614505626,-0.005620634360,0.776077842501,1.058910399365,-0.538692790346,2.048811793026
556,-0.096368679815,0.323365409017,-2.673417450716,0.557429483529,-0.125054646103,-1.327239830235,-0.432598089786,0.339455884359,-1.451367281122,-0.248919627106
557,-0.093029157021,-0.619126095187,-0.472695024495,-0.153849756191,2.823423551289,0.463697279087,-0.042840293533,0.720688506341,0.197936631890,-0.804112247665
558,-0.573551825418,0.581481928626,0.589852981242,0.142485113237,1.597453780774,-1.481805293568,-1.278611961654,-1.062714288263,0.824527110835,-0.753507314561
559,-0.550423749329,0.024274144413,0.742558665887,2.277442501664,-1.086656244795,-1.100395465440,-0.266119982453,-0.882359239309,0.270331504482,0.734121439524
560,0.247824933580,-1.216079380244,-4.109914390428,-0.148792251855,0.057875898373,-1.738948634233,0.189704587205,0.209236560267,0.210994678010,-0.923787525333
561,0.287490579494,0.979515312725,0.200943933562,1.509031140006,-2.333287449386,-1.109138509713,0.524027997015,0.933592185501,0.496334155539,-0.352360143658
562,-1.776149928840,-1.208087934187,-1.296415623430,2.141096760192,0.447534450393,-1.191149631700,-1.599457977675,-0.434099829843,-1.637690934654,-2.543688643555
563,0.722766378377,0.178523166873,-1.736829563651,-0.828661058285,-1.889023807450,1.880646185649,1.232571204739,-0.620684160340,-1.119661739662,-0.353125848612
564,-0.440975371985,0.216868805282,-0.421792899293,-0.560920740162,-0.822555978877,-1.215090185980,0.010158408827,-0.037773593345,0.003839375321,-0.224723697104
565,-0.400277794036,1.026127219813,0.359604183225,-0.667975152849,1.202434455976,1.677424419772,1.304089271135,0.699558866262,1.003058625610,-0.430016384558
566,-0.011168715542,0.148130384039,-0.220082089899,0.513891627158,0.811797827355,-1.231626656815,-0.308419814655,0.926929043786,0.595577115850,-1.809091002050
567,0.627023743086,-0.801793058193,-0.608725943164,0.418041626595,0.171053149214,-0.897596336021,-1.300015331922,-0.623670902120,-1.533673791809,0.425038189172
568,-0.151488613343,1.184444039481,-0.234768071904,1.285085674183,0.875196135580,-0.174020199120,0.659706003666,-0.012290914301,0.785603320151,0.741370034244
569,0.534888630621,-1.227841449813,-0.555064254413,-0.463158035475,-1.719757533846,1.739444682972,0.079691123736,0.645265036331,0.683958956374,-1.451384046331
570,-0.519681413818,0.590964586563,0.600183758903,0.710644527734,0.046315401121,1.216368522175,-1.295529052261,2.079760808930,1.049857781802,0.505419242813
571,-0.465574485890,-1.321640656881,-0.179328028180,0.992352625325,1.945112438890,-0.648615005195,-0.015666407595,-1.669605947499,-1.646075867909,-0.628788678779
572,-0.408279142055,-0.982607264655,-0.521117605903,-1.438485938807,0.646688411818,-0.811445700539,0.504167232760,-1.356265058034,-0.176304664297,-0.202085429669
573,0.212632486088,-1.980571349945,0.192213748018,0.430242953373,0.053516511863,0.054264671747,0.277141699250,0.121974256628,1.097502779378,-0.489128513917
574,-2.242046659507,0.579790288550,0.236233223889,-0.942243618796,0.024018032914,-0.831045232185,-2.162835059608,-0.130698341720,0.767422113188,0.375148949431
575,-0.457576276815,-0.701457241547,-0.515575995029,0.159050867137,0.044908692034,-1.015960137515,0.741773373673,-0.303647343423,0.759149987130,0.504338800807
576,-0.362443111594,1.171031898770,-0.084606151238,-1.064387918438,-1.297499112221,-1.506231796762,0.141251249187,0.154662386090,-1.251190815473,-0.620862537187
577,0.614223399129,-0.468972779610,-1.451037039862,-1.173232600166,-0.902251920145,-0.226256040022,-0.063558940860,-0.227917518365,-0.737554964373,1.774104888069
578,1.061956612499,0.132462863317,-0.882720891724,-0.401115745069,-0.749034222644,0.549992933701,1.542084232148,0.397522336429,1.336215463701,-0.210287602272
579,-0.923560702423,0.066134158473,0.253830803384,-0.976540015776,-0.795094909279,0.382252162384,0.369342014948,-1.355949071539,-1.222910613989,2.404379765252
580,1.455189138876,-2.196751587100,0.514941742245,-0.453327589717,0.721988842539,0.790315202298,-0.392169377628,2.657848096814,-1.115655540999,0.238224964016
581,1.383577980910,-0.856957959457,1.503174827562,-0.166702409709,1.124734514929,0.738164412846,-2.179067707589,-0.204717154370,0.861769758809,-0.756481497991
582,-1.483422188351,-0.667118836243,-1.376827087837,-0.937619092623,0.259988029459,0.076646774065,-0.795109928414,-0.053742409555,0.898569124189,0.115869322697
583,1.072010420369,-1.564705224352,1.628873408402,-0.874520992282,0.541031002719,-0.252907979214,1.000698934941,0.776557567934,-1.407784986452,-1.964880046358
584,0.231034459419,-0.230844545888,1.091883784414,0.288491243069,0.071368170815,-0.444805357044,-0.285704262938,0.062614635930,0.692371475793,-0.044600835073
585,0.483490725934,-0.140069776740,1.093674772049,0.376844947411,-1.162098094794,0.130503254804,0.532704202304,0.757541444064,1.297829966395,-2.030959791645
586,0.789897543029,0.002784128156,1.017812016525,0.234924856940,0.654878437608,0.374655340148,-1.634783418297,-0.968820326297,0.396875436274,1.945204600848
587,-0.447477687703,-0.829644264038,0.865099552279,0.531419661034,2.192661642876,1.050878988151,-1.233942274793,0.281451372589,1.519817551546,0.740323808707
588,-0.584107721210,-0.104328390106,-1.080727255243,1.637656685363,-1.472259142303,-0.134906372633,-0.956568578336,-1.353899035190,-1.543621849777,-0.252511879093
589,-0.917537403014,-2.021207316512,-1.312363973084,0.211901645729,-0.279345198324,0.948521530975,0.109345393744,-1.118787337033,0.371994031416,0.105451376879
590,-0.831861152372,0.574931569369,0.030311637587,-0.019471637219,0.999665159852,-0.782390626155,-0.118691281935,0.825866384528,0.519493159907,0.423768320011
591,1.024702675927,0.183481629390,-0.324532511023,-0.201672232300,-2.274265696349,0.369328813742,-1.982332144902,0.208926024513,0.913898715834,-0.434682793276
592,2.273362895807,-0.139347076544,-0.787586122375,0.984531648169,0.313822366965,0.551206251103,1.439424025408,1.390504400349,-1.482860829911,0.614334733888
593,0.434899719224,0.823694066888,-0.419713336371,0.473615988742,-0.024967955622,-1.574061228107,-1.482662459158,-1.080124389032,0.311639627493,0.990808620172
594,0.062735136563,0.849258669020,-0.339599324651,-0.347325739310,-2.056507159318,-0.755070402431,0.728678585001,-1.785544686831,-0.627993559542,0.198524655484
595,-0.692284537825,-0.776947916776,-0.183000607483,1.510477255284,0.319987751514,-0.489320236483,-0.946195575104,-0.212682787786,0.340649815695,-0.437987358887
596,0.671977965460,0.224793492197,0.985583096183,0.625452602463,0.220683694797,-2.604449743354,1.644066753809,-0.070897779448,0.158197673378,0.444393581881
597,-0.372720043894,-1.323176975669,1.853037645841,0.623824739325,0.292485412383,1.422651632111,-0.723745679147,-1.089849242504,-1.308242010022,-1.153524780643
598,1.351204454144,0.758695378841,-0.645132064845,-0.216031988654,0.172866010148,0.612094797004,0.016693961929,-0.007972860863,0.665792849893,0.304680640967
599,-0.689803254311,-0.566220360968,-0.445431690935,-0.043030273459,-0.890051581245,0.424176030853,1.503393037796,0.749150806628,-0.258598619382,0.024511391388
600,2.293353761440,0.042531401833,-0.099689470146,0.428198647278,0.840078912847,-0.705997257576,-1.114161022694,0.183288517072,0.182478575950,-0.213028718860
601,0.258176367003,-0.706601056742,-0.774421247019,0.073798126001,0.428196719807,1.457669846056,0.951019562259,0.411894046352,0.444384346476,-0.990163269741
602,0.637042730326,0.201008700825,-1.290304872605,0.134218090022,0.749228952091,-0.795422308002,-0.654376555755,0.038496041026,-1.051975160185,-2.018517586766
603,-0.803748441389,-0.375199257446,0.196449838172,-0.562702197150,0.597942469134,-0.888202409719,0.231467392709,0.243164976274,0.755498387451,-0.738522974814
604,-0.092566654434,-0.485642214215,0.625938301957,0.325527870493,0.238354300097,2.843094372655,-0.162828459597,0.383488403322,-0.901310101950,1.281056834728
605,-0.201740789791,2.038557187958,0.661285935731,-0.466109575846,0.598766390153,-0.321289737340,0.492020485245,1.633743012943,-1.159044181429,0.620429656810
606,0.523428982501,-0.268461492738,0.579955432037,1.976440104459,-0.921855171448,-1.144749603722,0.388900780184,-0.861664641250,-0.227171632773,0.846311694573
607,-1.197159312548,0.013074107344,0.579804634491,-2.537173388086,0.765730170440,-1.213116331616,-0.010069159119,0.860108905000,-0.291348313922,0.943632149876
608,0.450434419449,1.314769336366,-0.586145376794,-2.137674802786,-0.272907389501,0.092443595472,0.217334837853,-0.512920784938,-0.116097923666,1.277363028378
609,0.476785830019,-0.605960275948,-0.453352354023,-0.845739684887,0.465161559845,0.169220003657,0.456351088530,-0.188147166276,0.159278826522,-0.393362480758
610,-0.451628735999,0.189055915360,1.519527549829,-0.043673063403,-0.218838529999,0.287115534249,-1.208613107921,1.447000999789,-0.434865918773,1.139275965617
611,0.388654876205,-0.813794832109,-0.155507351764,-0.701737077874,0.703579224074,1.769057998989,-0.122755007998,-0.326135089423,0.228639577741,0.482948457844
612,0.469628316478,-0.566445695910,-0.963115163046,0.791210850706,1.757450700804,0.540950281558,-1.257002047649,1.439998707727,-0.920739403921,1.364899014608
613,-0.875016555615,0.250980228660,-0.538452223184,1.014261272143,-0.363438808904,0.588172863558,-0.770175716057,0.320196801442,0.210782386059,0.334593302285
614,-0.003953818898,-0.756519606124,-0.865046746094,0.542060883670,-0.668214239180,0.844238961932,0.936934611543,0.246887475298,0.843233494135,-0.076887526539
615,-2.827313864856,1.045934289743,0.722161904660,1.286809165057,-0.718471574736,0.629073161408,-0.723323581969,0.506072771804,2.217959408830,0.436754953106
616,-0.225546415751,-1.125514557109,0.064882324273,-1.532470943175,-0.587637419273,1.105866232990,-2.293558259737,1.873911577778,-0.168441876877,-2.049288339863
617,1.369739272646,-0.253714150520,0.822863203088,-0.272176167846,1.309777656570,-0.313953645624,-1.849912577708,0.598911856082,-0.791356353081,1.813141351459
618,-0.948233582261,-1.404274868408,-1.197646493586,-0.482771303963,-0.849791440265,-1.076785496651,-1.523432015128,0.305508221864,0.830259233909,-0.680846474606
619,-0.215495673067,-0.539564321938,-1.162751505623,0.389269490914,-1.325206252794,1.334635342772,-0.445416125469,0.534668935585,1.122800720463,1.325070934029
620,-0.184587972087,-0.783805996097,1.070722443081,1.288566009332,0.291754970402,0.799781947526,0.607245128411,0.650136555857,0.253199970612,-0.248941036755
621,-0.663045439416,1.359863865485,-0.397075545874,-0.549386466616,-0.911524704711,-0.084023542642,0.107166578316,-0.135485675808,-0.255018326763,0.131033589162
622,0.097627585505,-0.406493996834,-0.696504573939,0.222896666837,0.969358541320,0.564633865631,-1.612266662953,-0.976046056852,-0.204863029343,2.466655045123
623,1.469683748798,-0.870975866201,0.912693555339,-0.905586604705,0.114313609731,-1.071260296642,-1.104033703880,0.575811639017,0.262732366646,1.134038744481
624,-0.275651249754,2.074807472144,0.064832297645,0.121201774557,0.551681849796,-0.082278842482,0.168287187290,-0.189998607633,-1.288549746948,-1.136220761562
625,0.468796711390,1.502199062204,0.649585761795,-1.729617155989,-1.820071839510,0.726115900644,2.473498224440,0.087497580652,-1.100063318305,0.568041807822
626,-0.001665807544,-0.879097215831,1.382196027877,-0.630034477617,-0.686497324183,2.806625777230,0.679751376058,1.360790776982,0.202360401140,-0.160920313916
627,1.198245307259,2.019024742549,-1.064363531954,-0.232109560613,0.680221305367,0.328598737162,0.026024951156,0.690676121010,-0.132956245357,-0.922842108409
628,0.743021061638,-0.663729571347,0.467027943050,-0.519886121992,1.050104364918,0.274538164473,-0.135316346951,0.680325851066,-2.482174155084,-0.113988693261
629,1.290747047799,-1.375451192161,-1.065035161963,-0.137662413130,0.134911449252,-0.605224677746,-1.407798897779,1.646882247114,1.387443091151,-0.686900680772
630,0.782776969192,-0.920726329437,-0.871324764197,-0.436292784449,-0.309843062721,1.740360656209,-0.320625227604,-0.600482428992,0.187724292410,0.453993246022
631,-0.823103531435,-1.259205073356,-1.338358284714,1.603100559984,0.034076207645,0.284514339327,1.045781963274,0.619847283244,0.182914548346,-0.547022654708
632,0.656229716502,0.454419630788,-0.776285160798,-0.207227631489,0.672049991694,-0.261497303403,0.400445674502,-0.042199323815,0.050357050925,-0.249434045414
633,-0.572819974849,-0.570694228285,1.359959138984,1.267941759943,1.392248084390,-0.740818122403,0.464931953664,0.704669302814,-0.678004433269,0.148967994735
634,1.647277201895,0.799204804925,-0.106394276357,1.144494753020,-0.708740344979,1.931870690679,0.273407098677,-0.630501622321,-2.745983267582,2.018672345828
635,-0.975997909666,1.217754720221,-0.509930544631,-1.337012293917,-1.652497998710,0.694238293012,-0.028775887922,-0.533116628776,-2.429902666418,-0.723924610738
636,0.622959869445,1.038506389728,-0.730306107766,0.446435031052,1.462728599762,-0.343752916223,0.375045798319,0.913171559852,-1.449901772038,-0.266812189808
637,-0.723985989432,0.683772182910,-1.810474972912,0.040507994486,-1.170588857456,0.003131348127,-0.472485687295,1.079160239424,-2.222882204159,1.113050271508
638,0.418525345128,-0.538023770435,-1.359257544371,1.187992791244,-0.044811566616,-0.765270135018,-0.427857159125,1.565405786185,-0.110297246790,-1.971938340598
639,-0.910843889317,1.441277363345,-0.068104825724,0.506790181246,-0.160739886865,1.241995802398,-0.817494879335,-0.453391043849,-0.835411974359,0.350235262953
640,0.133946551414,0.257561174754,-0.789043069763,0.462577510387,-0.124798812112,1.726965306185,0.504998472205,0.291328538327,-0.463576987520,0.835139139667
641,0.130962481517,-1.149862343940,0.336658091166,-0.179686956211,0.239300094068,0.111613865470,0.492136557778,0.376322546924,0.114027404247,-0.235773723983
642,0.113260900036,-0.560533847670,1.626804213342,-0.398338073849,-0.239678950305,0.389547705573,-1.049312987325,0.779926485006,0.276935711135,1.102353747626
643,0.350642170192,0.106760594549,0.283423308798,1.982342013122,-0.584714737456,0.610556037292,0.910735360935,0.595968415883,-0.224600805984,-1.147553450021
644,0.283835362833,2.008427162987,1.119033038567,-0.286591681234,-0.442902932092,0.052168345872,-0.365410721593,0.396166837897,0.770033179241,0.008455408791
645,0.393249425402,0.093994458780,0.716652101598,-1.467536115811,-0.100974298958,1.191710308265,0.303474450914,1.276117740384,-0.384666065102,-1.576768342160
646,-0.056541165615,1.974990805677,2.680052714090,0.068703009346,-1.274960332273,0.569715335172,0.149309594443,-1.936097585856,0.265081247761,0.658153728595
647,-2.195906150969,-1.163274570679,-0.407994140987,-1.010267187029,-0.181709152109,0.881844897271,1.357844902727,-0.297850775625,-1.050225949202,2.545582481319
648,-0.765672341247,-0.612152543542,-0.201477584502,1.437313151858,0.814227430306,1.439643493879,-0.845745610433,-0.051028826130,-0.066058366525,0.459148763768
649,2.586883806788,-0.535437734236,0.105884411789,0.540083092679,-0.940521632203,0.519654173551,1.078841766357,-1.439468324196,0.610288307487,1.478513001354
650,-1.169407870691,-1.011333523451,1.237210390437,0.069571172591,2.160781434678,0.895330807249,1.065266520644,-0.870931800286,-1.808303275119,-0.470214867447
651,-0.293376107201,-1.218285356293,-0.624127582382,0.448324389069,-0.965840681218,-0.625080173096,0.163558801506,0.642131224869,-1.610391519448,-0.353577684569
652,-1.638106530576,-1.418568960672,0.823772104941,-1.309608564752,0.449064084695,-0.239263888361,2.224055185519,1.375306313170,0.597297981771,-1.636145461569
653,3.060254622692,-0.730842226937,1.436782162406,-0.129844839987,0.497299369569,0.166665304211,-0.172461036388,-1.524773424486,-2.755593690913,-0.326522168353
654,0.383066685713,0.021942905409,-1.072738564292,-2.051290445905,0.486360755993,0.472021439059,-1.031636946849,0.114954506002,2.424548955754,0.167253467040
655,-0.461311601997,0.807525187596,0.349200799786,-0.734669970572,-0.050120957871,-1.377284821071,0.590177380432,0.688835898314,-0.047270126856,2.097352700314
656,-0.707420906091,0.320299541996,-0.336952554898,0.696009225708,1.268531864896,-1.492677619317,-0.068522615029,-0.053245731467,-0.463185393331,-0.743341128217
657,-0.305618133683,-0.322630272738,-0.977998899338,0.681840458603,-0.868478005078,1.351635799823,-0.114755342021,-0.410821835858,0.352171701053,2.548867958182
658,0.292139921407,0.094819835994,-0.188453537831,2.043956824069,1.382239635967,-0.798390929714,-1.035993239784,-0.988636650058,0.792537003596,-0.115577131447
659,-0.089190475123,-1.331205858620,-0.749529272907,-1.018264057840,-1.026475986066,-1.098954076539,-0.204726709216,-0.152297822135,1.971287560436,0.744305340479
660,-0.532681793571,0.223467219715,-0.762491092753,-0.468927166404,2.345473963058,-0.007469944093,0.644054880370,0.669653020456,1.351759724519,0.818491902529
661,-0.243263209789,-2.572446024194,1.987658917589,1.327097550958,0.514908402036,-0.089047157069,-0.721782748313,-1.342967917691,0.565612536352,-0.045478540759
662,0.009919993680,-0.469220255189,1.069392492915,-0.203453281096,1.421051138437,-0.042975337034,-2.515705394570,2.903487085202,-1.813645470674,-0.373331975414
663,1.154240019294,0.174177034694,-1.102918138817,0.032715114505,0.370995896602,0.487122205555,0.653075325952,1.366941368987,0.261206974630,-0.361586469917
664,-0.611249524180,1.951320639729,-0.958531113621,0.688146113270,-0.779252894102,-0.725389251730,-0.440061929052,1.145269888969,0.646757831680,0.348518966860
665,-0.342544252807,1.574318233925,-0.102893746004,-0.863288503292,-0.113492378682,-0.061379563899,0.345349688685,-0.463420076559,0.245779361458,-0.559720239572
666,-0.356274893700,0.500176230639,1.345337669601,-0.815540831178,0.793516384745,-0.382283807657,-0.244882849177,1.609077501374,1.341156869270,-1.165515420849
667,-0.967102484055,-0.383623507369,0.605564848428,-0.712851280360,0.039013402045,-0.586074969243,0.601616986453,-0.523242256148,-0.273384591880,0.558286899732
668,1.085379935670,1.111803230126,1.693277209395,0.623610172777,1.075788465110,0.568658799140,-0.076705405854,-0.752227657184,-0.793229181425,1.252640155731
669,-2.676909372449,-0.001037845430,1.190121383878,-0.922130225844,-0.986585335906,0.170641681422,-2.066328662438,0.262532598162,0.113680899232,-1.076864146089
670,0.057113988302,-0.530679601301,0.448362947820,-1.299299762025,-0.073443015823,0.860402555156,-1.023840898337,1.348027607984,0.144536516882,-1.654113260946
671,0.327701673064,3.064157313940,-1.051619900894,0.397799573647,0.808389685947,0.743559641985,-0.751634455116,3.156888904481,-0.055018851461,0.401722028555
672,0.651885501757,1.184667862218,-0.876073641793,-1.786753551843,-1.060706076470,-0.228967326608,-0.800034582231,0.790365472596,3.017498755960,-0.111149342931
673,0.506644941310,-0.220826466860,-0.554596185851,1.470280231820,-0.560726059609,-0.309515855274,-0.324584642965,-1.242089828068,-0.036429851261,1.116340555068
674,1.537575594129,-0.281287244256,-2.101489942693,-0.923591634902,-0.530350707329,-0.729658131420,0.336074311120,-0.398398073257,0.191618923922,-0.885343267831
675,-1.101781417088,2.376816115900,-0.960620935354,0.919974956907,-0.143132248995,0.619769953621,-0.782997439196,1.189467738651,-0.504528422958,0.593873383663
676,2.649722353530,2.210759233267,1.960532618637,1.512113010100,1.480259271057,-0.243292770040,-1.271025584147,-1.199392458214,0.163394975355,-2.597252710622
677,-2.060409618998,1.156432271156,-0.623381972848,-0.821980611064,-0.179336727782,0.556241713943,1.296654364655,-0.541533883490,-1.179549715439,1.222322967311
678,-0.527772979282,-0.014694607322,0.793905665315,0.956699912748,0.032148225636,1.215427696910,-0.124963233335,0.423414034879,-0.821469185404,1.322100621740
679,-0.137468421255,0.329286290147,1.253997836299,1.429827119250,-1.854519910158,0.168114197123,-1.580602844504,1.361383551885,-1.717636296674,0.389084731484
680,0.003022282187,-0.535112780131,-0.600422950760,0.618277075518,1.747398454648,0.447032629927,1.319686896103,-0.000750354523,-1.106155522806,0.417077363500
681,-0.004281975174,-0.118096189730,-0.984839594898,2.091755714976,0.857805332681,-1.019438685863,0.385204220051,0.487442785966,-1.000584078075,-0.039875724177
682,-1.545525930821,0.293111325008,-1.986792577480,-0.707541182149,-1.775038014821,-1.304793834201,-0.805503123697,0.373773715364,1.033823853499,0.215339184587
683,0.582962821107,1.047503385324,-0.549871504007,-0.796668073067,-0.292096509854,0.539516400736,-1.713085433788,0.511860517373,-2.304273561676,-0.419638064689
684,0.673214054380,-1.160455025774,0.062669840316,-1.739878184342,-0.651304741353,1.464812352541,-1.179247804308,0.719493081937,-0.172359797566,-0.490224040449
685,0.610141021494,0.024193779959,0.096643247112,-0.987686717178,-1.083491949301,-2.630390339072,-1.352141867719,0.431995783569,-0.801138859160,0.358067136877
686,-2.197614758728,0.531672598125,-0.735543176633,1.412204263875,0.133860369233,-0.602387061161,-0.795693154497,0.455688450429,0.142801202410,-1.876749658990
687,1.493105028048,-2.031034658162,0.774991843165,-1.362377784173,1.958719142670,0.025353297385,0.331528859428,-1.784203686651,0.354521883633,-2.120453679310
688,0.592044208676,-0.600562814512,0.698932327141,0.977518046239,-0.737733656975,-1.536490191020,0.518056105888,0.672473565044,-0.578739883175,1.051568549577
689,1.221152895989,-1.324843469925,-1.039831884999,-2.071095269750,-0.738925447970,0.749384703831,-0.616741146780,0.223471781557,1.294482648023,0.598282175364
690,-0.937130557012,-0.170872147740,1.440988614126,-0.870537961047,0.542785251979,-0.184758757358,-0.337936058973,2.841580030540,-0.116249653948,1.580162987633
691,1.226615286639,0.723343580904,-1.571710946461,0.155792475550,0.749425758521,0.011987459387,0.619357719656,2.026596513755,1.032972627846,-1.071931694225
692,0.454767317671,0.231786448308,1.072896248539,-0.107125052614,-1.263747553606,0.924887363514,-1.181752018544,-1.267025911843,0.003306222312,1.302257138677
693,-0.006426731230,0.816882024427,-2.075832329725,0.234880149201,-1.362625995843,0.621693358542,-1.028719572984,-0.362309188319,-0.259667294046,0.655811290274
694,0.559881805689,-1.692616324948,1.073053257469,0.211696532599,0.898768322778,-0.134908165611,0.478991410013,0.165099184289,-0.189093397163,-0.353407301559
695,0.507015717748,-0.371807645763,0.216749679554,-2.260569593537,0.370681749982,-0.555565428193,0.050991693060,0.302345668052,0.538292459469,1.277239700861
696,2.181009148494,-0.666032126708,-0.357646526718,-0.209141728466,-0.123321957244,-2.165659895311,1.414390080898,0.842076091421,-0.374857991062,0.501815903600
697,0.185156855940,1.232321696150,-0.720646479201,-0.941969571542,0.674290079815,2.473301565318,-0.296108742095,-1.212232890899,1.117281717712,-0.688631674306
698,-0.267572389176,-1.028227146294,-0.464419492266,1.057667588690,0.616055874740,-0.290556509786,-0.121735066566,-1.724682548404,-0.403242094648,-1.467537825356
699,-1.796593640639,0.099085339370,1.074126204517,0.541886943997,1.197040043764,0.841387297726,-1.261309936665,2.211524575671,-1.397950980872,-0.881566468328
700,0.520005140710,-0.793730386491,1.694103982217,1.222254536093,-0.934021875938,1.323092990299,-0.854603160280,-0.925159576376,0.013390617596,1.619251913686
701,0.914288627384,0.028938975475,-2.019270186740,-2.441658655891,0.529313179684,-0.808724021570,1.245099161649,0.634327673666,-0.879268317692,-0.448839924225
702,0.224777783920,-0.153037409955,-0.455938139427,0.782446292780,1.844213776412,-0.858606757099,-0.021864332781,-0.520996661202,0.125402971424,0.052678363245
703,-0.614444298102,0.538867225358,0.491307730796,-0.697740739646,-1.949180257549,0.630009495256,-0.814959834945,0.140541456369,0.238962236031,-2.013316601778
704,0.422750081816,-0.788617196825,-1.736372878457,0.124055827440,-0.922488735972,-1.196758024236,-0.201313424491,-0.077697649464,-0.570681342270,-0.682244498559
705,1.621619120625,-1.081544283901,-0.214279899952,-1.277332400891,-0.630146047496,-0.912305328155,-0.402735214638,-1.012365398428,-0.264308022532,-0.939275824704
706,0.469626025203,-0.105626730180,-1.192281566291,-0.136659726478,-0.786349376054,-1.842914220478,0.545394994557,-2.806516199703,0.661346702239,-0.784901122433
707,0.565871103470,0.667492249395,0.292830579200,-0.635490888031,0.559350162330,-1.544872386641,1.082558469656,0.136801504662,-0.025887169423,0.762477398956
708,-0.338211110915,-0.356633712595,-0.703552130352,-0.871479863535,0.121872533049,1.425958317605,-2.862215606808,0.754046549994,-1.284240569006,-0.627397605034
709,-1.861263031806,-0.900296298303,0.174080835200,-0.667136880308,0.210785805342,0.084234915794,-1.234246057488,-2.454222814420,-0.742210268406,0.068151559788
710,0.150301878037,-0.172384033402,-0.761707093175,-0.814708664946,-0.097984740590,-0.775689909163,0.025242871681,0.593803260343,0.918502483906,0.631776729094
711,-0.366840711880,-0.901874655474,0.662397040169,0.165855479971,-0.455387898697,0.862247702330,1.613608222416,-1.725149526021,-0.082993423582,-0.076750090434
712,1.078527308313,-0.247227060526,-1.162043704476,-0.749020143715,-0.614400560640,-1.692805096337,1.848565539268,0.818179477261,1.189459411866,-0.642757525187
713,0.956858949559,-0.343315038846,-0.223695346865,1.351716325809,-0.506809028849,-0.183362558000,-0.414495855557,0.282065003961,-0.217821048056,1.152935405352
714,0.238661777785,-0.345413469085,1.194877570157,1.126123997914,-2.115914797631,0.133675249737,0.939603755881,0.039874893242,2.508803448544,-0.002618843552
715,-0.284645671003,-0.317376900270,-0.216153636719,-1.017587917175,0.554283679883,1.120081642115,1.515303030930,-0.142578085756,0.258702361279,-0.563278195618
716,1.323410922067,-0.905982611919,-0.565094624105,0.808210819093,-0.545682699860,0.177119947018,1.172676061918,0.171089120498,0.935155483307,2.113497305514
717,0.649293155960,0.047708318749,-0.425030469293,0.982673790088,0.637702902874,0.916918856975,0.426285284546,-0.078437816871,-0.604912937295,1.316938120314
718,0.768080095904,-0.404529977246,-1.285537184227,-0.574917046220,-0.604696487248,1.334201525032,-0.742830354674,0.147820851939,0.411728071126,-0.614283754235
719,0.216504928134,-1.029244638862,-1.042421347887,2.813338306802,-0.781024780815,-0.610540532077,0.629020654927,0.038659434065,0.286179289132,0.767496012694
720,0.192590273361,0.616660750963,1.168315779149,-0.452101983872,-0.597586573839,-1.245098823841,-1.022260939366,1.582316642547,0.933311877213,-0.421038977595
721,-0.972386182236,-0.141831269657,-0.136877697600,-0.134259369043,-0.713614120091,0.577926854558,-0.281283535123,-0.759251214102,-0.557957142043,-2.654482907032
722,-0.182774434607,0.805743742139,0.601961543532,1.192888399709,1.313941342004,-0.178733498966,-0.066530163052,-0.731620992241,-0.379805931072,0.923559654896
723,0.207424077575,-0.904660690528,1.255170922775,0.053419624481,-1.980361822226,-0.238210626794,-0.204316910041,-0.117177898001,-0.106508970499,-0.012300086295
724,-1.434241082245,0.642463095205,0.058313670177,0.023528207998,0.455951466155,0.806040017147,-1.739412667210,0.593760770271,0.655456177878,-0.093386567438
725,0.228980267898,-1.425264689529,-0.733470356579,0.130060714443,0.594551758860,-0.493183808295,-0.763168933333,0.390988275685,-0.857453534542,0.471100675262
726,-0.399809322528,-0.006860730690,-0.815134804366,-0.489211079363,0.286827538868,-0.489664174634,-0.698883612391,0.784758065378,0.068835863009,-0.333088103847
727,0.949856520263,-0.091231445394,-0.717441697690,0.679844330807,-0.223456280322,-1.292959483439,-1.094280905425,-0.122489140736,1.830140890541,0.782118094169
728,-0.651041856525,-0.192450732190,0.004173392787,-0.106984198497,0.551899279721,3.182513032937,-1.343770014316,0.079829602750,-1.092383636670,-0.625833980373
729,-1.303083061568,1.169784245004,-1.168855756082,0.748258908341,0.378037589417,0.730873556392,0.719882799812,0.280122013223,0.252852721724,-1.026629573038
730,-0.817544358683,1.722700206003,1.300904616939,0.509199080300,1.153260847268,1.491215289723,-1.478357907166,0.730230152315,-0.291614064186,1.742530153441
731,0.523913437491,0.728521180933,-0.301796310768,1.192170342102,-0.301491222110,-0.488927617143,1.505421774466,-0.147956057219,-0.542779170427,0.075859052105
732,-1.977013366469,1.136173647861,-2.160120440623,-0.297744482036,0.633532272870,-0.213847722942,1.917200345466,0.320318167697,-0.151805338234,-0.790258934021
733,1.045148392131,1.145098583803,0.845354435825,1.387810580038,0.261240272129,-0.769503500268,0.328154502936,-0.215433684170,0.280189692007,0.397894315477
734,0.398641492455,0.175163425709,-0.294152620592,-0.330900972554,0.164802126795,0.113790942995,-0.175377248348,2.666017015573,-0.017637257366,-0.593508019158
735,2.475891565536,0.976238858357,-0.874105413142,-0.773865174281,-1.002659910937,0.693458924998,-1.840998207044,0.642930298912,0.108730179354,-1.500390057323
736,-1.119655702409,-1.839177953906,-1.100219725696,1.743578806394,-0.995977580785,-0.592154183675,0.291839286311,-0.263835022476,0.699971358692,0.803747974541
737,-0.267398296079,0.093130998959,0.474390201175,-0.025163158670,-0.011992159604,0.059423069453,1.635968558084,1.237679272768,-1.075019587246,-0.282800531730
738,0.546464252549,-0.182801874909,-0.240559590681,-0.040917976121,-1.237316031440,0.801963045675,2.793682383418,0.616689084154,-0.710025424284,-1.898030851460
739,1.295778128714,0.146967864797,2.130640314636,-1.147850484766,0.251214196853,0.178230088516,-1.238206545482,0.086044840937,1.032057658264,-0.238931088592
740,-1.990046580862,0.847647368187,-0.306219344508,-1.459287297668,0.613362719357,-0.794967506510,0.392919814715,-0.475799682152,0.031265493687,-0.219999625862
741,0.213822969887,-0.676157452017,0.406486212146,0.807577906922,-0.794734568939,-1.704298514910,-2.237570361371,-1.225953573161,-0.424080682491,-0.374371831920
742,0.835725976221,-1.205877936389,2.188473653527,1.108642308040,-0.266673404808,0.061109926372,-0.023851049894,0.954026033650,0.880049908342,-0.778793056344
743,0.515871143944,-1.774689113061,-1.220481300993,1.807741517941,1.292766871250,1.347728065523,-1.072860594279,-1.759485017673,-0.241843077985,-0.383050134329
744,1.124574115065,0.584463258902,0.126154670233,-0.066881092446,-0.445912291499,-1.627672985491,1.186226715921,-1.207134190233,-1.364135501311,1.417021270807
745,-0.468277000114,0.762436224461,-0.747801516308,0.068512712712,-0.418998319353,0.357335881998,0.028384296205,1.101297848597,0.165323697970,0.010688489821
746,-1.066485769755,1.994240540354,-0.921137809551,-0.227396376036,-0.362295897646,2.022100066150,1.417341245548,1.140626452310,0.148905550023,-0.548166423804
747,0.529926649278,1.088860717612,-0.238482496006,-0.076061008466,-0.116954911978,1.217316418130,1.372096503189,0.025115019786,0.640544497286,0.092869489772
748,0.499646891704,0.868927885473,0.945297773791,0.134204553767,-0.582514056793,-1.749861884647,-0.275088617758,-0.784802776791,0.549794908339,-0.808534539029
749,-0.547479844579,1.189491908772,1.184372656929,-0.163671649255,1.309024255763,0.130656697270,0.380226602425,0.792205380274,2.405330686312,0.471333443968
750,1.663410871086,0.224324882708,-2.735222567701,-1.428366130469,-0.741938655462,-0.470765869471,-0.026536088875,-0.599964360037,1.126212511343,0.753640495941
751,-0.208927634020,1.225002484762,0.168118779660,0.573676430851,-0.999394772360,0.310031162523,-0.245592323641,1.667385479007,-1.927976585179,2.140559800867
752,0.321896221154,-0.772242531078,-1.528403691073,-1.237037547677,-0.054840760682,0.541018561381,0.456080418781,-0.250861594052,-0.091830898925,0.288267690240
753,-0.959173939831,0.083391202384,-0.246231388101,0.597585257151,0.060539222362,0.536367610002,0.090924857964,0.335944341580,0.611653276322,-1.637715308136
754,-0.360528542517,0.535404459610,-0.947383926517,-1.691009273413,-0.849012633177,0.410644613544,1.941935647015,-1.840277507408,-0.710714890224,0.730584438846
755,-0.260996463501,-0.585905392481,0.878851841802,-1.037678938008,1.107900734632,0.695588439587,1.049582795531,1.066397207594,-0.811913186718,2.028182205020
756,0.771021722618,0.214120360500,0.192569133296,0.566462074146,0.629171505995,0.171512836019,-0.485975146213,-0.831212464993,0.471493587167,0.860703172748
757,-0.180445339865,-1.180824741304,-0.406126599511,-1.172319114570,0.370224479412,-0.133978948475,0.393860348247,0.381685331883,1.022622877900,0.155479651842
758,-0.481569150670,-0.964724379061,-0.679914102125,-0.498606387024,1.200585153357,-0.123359612259,-1.032439210021,-1.549544754936,0.618286544165,-2.564206080648
759,-1.437277506764,0.292553878317,-0.148810381888,-1.405597387581,-1.019204307049,-1.260541038879,-0.370550596364,-1.277264847893,-0.195292446443,-0.692989077103
760,-2.483881862923,-1.048557768791,-1.814074488408,-0.884068141713,-0.338363795091,0.680246202210,-0.234634690471,-0.681016340132,-1.199388245727,0.226505491594
761,1.723610751628,0.701907750654,-1.250003280474,0.656076048675,-0.645816172645,-0.107423654101,0.710106621089,0.996417656405,1.931862619113,1.463676242763
762,-0.107910976180,0.530498593954,0.079242060529,1.162116860993,0.929664237298,0.246841240702,0.223793397229,-0.009920189925,-0.643540979110,0.758724098566
763,0.207255748648,1.706185682102,0.710097991646,-1.132333920006,0.431061547174,0.484777910293,-1.599114961112,-0.736249010523,1.247331670915,0.723917369769
764,0.427171781251,-0.811674986483,-0.903733673110,0.155108029142,0.975679120158,-0.013059261927,0.222803634437,0.398164775700,0.734404880727,-1.941220390105
765,-1.672950643461,1.510455212544,-0.527300506087,0.235930656693,-0.011562888464,0.445793494023,-0.394471893531,-0.348510474669,-0.494061002812,1.178136949889
766,-0.141703310563,-0.030732829695,0.940609602001,-2.246682797444,-0.265806947765,0.075996607060,0.722949235314,-0.129574471438,0.248109195268,-0.815174168216
767,-2.671053012012,1.426602294193,-0.359931493052,0.123278268089,1.043077888496,0.333369541612,0.273057732426,-0.203529915907,1.022810954335,-0.540373226440
768,2.963964044119,-1.094082516806,-1.267824522059,1.972839561060,-1.161963474901,-0.644461906227,-1.294995554757,-1.462236066574,-0.348419857457,-0.728658149145
769,0.937445232578,-1.042557535602,-1.197890306120,-1.060824925583,0.577344390084,0.636349028026,-0.484025878895,-0.365997365528,-0.055014510041,-0.600089533421
770,0.498918269962,1.055868938137,-0.050785601219,0.205016406776,0.055946624166,-1.689836449271,1.221553187486,-0.775525753366,0.674410805018,0.196144718728
771,0.829462534299,-0.735002148273,0.294565391207,-0.428998826795,-2.086058218850,0.279361392607,0.467206515640,-0.382598114037,0.974556845626,-1.225107933337
772,-0.689930369355,0.225397925511,-1.580239460733,0.057199772346,-1.496998372542,0.603683534039,0.656860191792,2.562092596140,0.361190350952,1.259856113594
773,-0.142472864395,1.424895266545,0.402166187572,-0.501844096863,-0.410966110771,-0.107980043207,-0.118139036724,0.800887863951,-0.566356008590,0.153443535225
774,1.377147873149,0.419372660733,-0.688883922406,0.896943426703,-0.351808066574,0.451616812324,2.352651964582,-0.235420687049,0.568000061242,-0.220915209252
775,-1.061472224224,-0.449444558131,-0.097434816609,-0.464586242576,-1.395897619393,0.152691438692,-1.739772834641,-1.192506507320,0.116868861191,1.524061549745
776,1.070824408632,-0.310299627411,0.244237973003,-0.166345746746,1.551469434813,1.810594483328,0.810218983319,0.496195674103,0.014423171592,0.477321348955
777,-0.279175101281,0.878579332292,-0.675291902661,0.965231947338,0.708694449625,-0.555746416889,-0.172540476375,-0.143724272776,-0.951703720997,0.628005095534
778,-2.329037430367,0.580243097777,-0.408139991838,-0.473716164500,-0.154433375475,-0.759186821662,-1.640981659665,-1.197463670346,1.252175489869,0.118206063350
779,1.855469120556,-1.140017004794,2.488008005727,-2.097986716069,0.471526373833,-0.228272485441,-1.778690154144,-0.897993884233,0.557079523711,0.689153419802
780,1.039145753315,-0.560247340792,-1.085178874132,0.264357207787,0.091369542111,0.561412146313,-0.699400281844,0.307716078269,-0.210356917201,-1.466303729201
781,1.138055620048,0.510357971954,0.198248327484,0.746960056497,-1.228830457170,0.422021150106,0.562376423222,-0.127203993443,2.476044067812,0.179705655428
782,-0.406379064479,0.066587536220,0.192398967743,-1.268280168101,1.010742625152,0.210617117243,0.419043479857,0.026442435401,0.226691789549,-0.310051655075
783,1.688551899529,1.304426772107,-0.548482734000,0.113203598736,0.043920912249,0.941473775137,0.472286220439,0.905495077965,-1.927521872751,-0.547394413551
784,-0.997290976045,-2.002861238457,0.582984712432,1.001165640319,-0.555009039270,-1.326996120881,-0.113588448695,-1.347187825097,1.226792586400,-0.134735499212
785,0.064612220466,-1.040333316967,-1.115359747723,-0.212217375092,-0.537922680902,-0.066677225312,-1.306851334873,-0.951335581927,-0.152214536814,-0.067863197789
786,-1.084021976709,-0.176741670712,-0.542582349601,-0.352895240739,-0.434022775510,0.897693135367,0.139750776885,-1.154289040532,0.313334735126,0.689422204029
787,-2.828894124689,-0.697916512372,0.065990750017,1.686760461883,-1.706717267996,-1.991111268662,0.158907373587,-0.422862610210,-0.419546276615,0.452255734397
788,-1.715097205892,-0.033668038935,1.018706111312,1.421929767784,0.234406240070,1.706710142415,0.535745848235,0.071037507648,-1.115247660488,0.327658169614
789,-0.205854468775,-0.047904861911,1.007887347708,0.166506926420,-1.806311893655,0.982617473605,-1.558798531473,-0.368706622723,0.423272187073,-0.177742038617
790,-0.406348267291,-0.296394912959,1.023057559625,0.805761734284,-1.095495316704,0.690124125533,1.018842669744,1.258445231083,0.604909217800,0.119749902949
791,-0.795232466095,0.105119821800,2.292045524687,-0.641166552675,-0.563536996010,1.420824062369,2.167142414091,1.050731068683,-0.428521638667,-0.547007958447
792,0.066123235799,1.056516417226,-0.766823692618,-0.670238461607,-0.283571779921,-0.107413969832,0.064481000695,-0.083136598625,-1.256098421578,-0.389091679998
793,0.697192335803,0.596587088189,0.468447196151,-0.498374329790,-0.120897533517,0.570364218766,0.151337726224,-1.291028277061,-0.093413116952,-1.233379262875
794,0.374549593896,-0.940723866873,0.498744183252,-0.308090806253,-0.250067784689,-0.616965338340,0.323246614207,-1.443044943775,0.150803411459,0.022606383698
795,-0.536058388853,-0.674942409848,-0.057386606502,0.176221268051,-0.196357013940,1.012392085106,0.892594592997,-0.059027452507,-2.239433467386,0.238819478434
796,-0.744827089764,1.024877010953,-0.205465786368,-1.422088273445,-0.339057981219,-0.313231531774,1.322333587443,-0.793438623743,-0.591789347337,2.009977749435
797,-2.633241830392,0.151751853033,1.524459354136,-0.395184111704,0.848570222088,-0.076405888652,0.071800570527,-0.022283263146,1.779948146551,0.221809164831
798,0.052428666635,1.564856475982,0.388381320111,-0.585286464305,1.178612077399,0.419917111912,1.738150262203,-0.154280742453,1.722009172573,0.018818381994
799,-0.709257223436,-0.203530854146,1.054071809704,0.223678837058,0.256836104591,1.976848109808,1.299937327507,0.995782634229,-0.068787083772,-0.686688707268
800,0.136451864698,-1.832768660240,-0.594066614692,0.021825734956,-0.898708896757,0.684616015324,0.838394630625,-0.263594335386,-0.337649138622,-0.803108625232
801,0.239036513862,0.614029177574,-0.716866210684,-0.823908554363,-0.652662639262,-1.173033123686,-0.827091913771,-1.578152705573,-0.970665790665,-0.580392041184
802,-0.949310089392,-0.164347105378,-0.362711733806,-0.869009393819,0.427057294403,-1.097300151197,0.764417970666,2.036524274183,1.159716740347,-1.497889755940
803,1.102336530796,-0.698671883830,0.454676892994,1.265421113606,-0.689479060426,-0.457248656765,-0.877875017036,0.598195459029,-1.132784667382,-1.128846004854
804,-0.371971884153,-1.404786879725,1.186644612159,-1.167004444472,1.081247983909,-1.380845559251,0.284058998578,0.063149800743,-0.094810624242,1.611630469772
805,0.019525991730,1.113878655623,-0.046511989440,0.320868015193,-0.069599069238,-0.458095894199,-2.395877069835,-2.060342222971,0.347180121646,0.822107914790
806,-0.186866096389,1.074142324369,0.152525480045,-0.304021790945,-1.004001530814,-0.840876653018,1.535517877037,-0.313442425566,-0.967697312338,-0.956074110916
807,0.278558226424,2.570463337221,0.581047704804,-0.116275170741,-0.972791130656,-1.177525272592,0.559953735736,0.916341950498,0.571672248268,1.121664784738
808,-2.180291819709,-1.760167020776,-1.626056673981,-0.319603787757,1.884088275400,0.602909522001,-0.130061630161,-1.238551893493,0.168753240195,-0.521208895640
809,-0.203959557839,0.968010756738,0.256279421526,-0.842171112173,0.096743466680,0.184957284821,0.767940302504,-0.986078824292,0.357315777078,0.378646106150
810,-0.402392621577,-0.212565060591,2.006233113548,1.459085338830,-1.559166143689,-0.004930159355,-0.374968009580,0.433113424199,-0.231250831925,1.753277290965
811,-1.023764108368,-0.058420517756,-1.788030476661,-1.254220873653,0.219337757381,-1.616191469365,0.267756229520,-0.247145465093,-1.272720600100,0.457706211740
812,0.957442495744,1.810542972374,0.443686761491,-1.343709955203,1.103736140411,0.281779310615,0.161200723462,1.520647741048,-0.263989801383,0.898675374389
813,1.246770540274,1.435632530436,-0.802446538309,3.126802486741,-0.071119466295,0.051295719048,-1.224264251073,0.114933938960,1.491647931553,0.007330020175
814,1.221446350883,-2.238261619851,-1.019810211774,0.934599452981,-0.785907586735,-0.591985010972,1.899467103981,-0.272651161665,0.070751586622,-0.020459083431
815,-0.152537851525,-0.587783272432,1.799331055897,-0.361667366107,-1.580314993160,0.997962968321,0.779050012036,0.532021418416,-0.368380665381,-0.690071878266
816,-1.016239281230,-0.172838658167,0.925212217416,-1.554078474013,0.412224242948,-2.446639839528,-0.927322060473,-0.313587005523,-0.289560476799,-0.794367370589
817,0.406485234424,2.313867870881,-1.435855098291,-0.028648748821,-2.226557805161,-0.619088720759,1.260854791712,2.384647936267,1.868938775345,-1.496224425838
818,0.778301074770,-0.146977650897,-0.596918690181,0.588909453152,-0.253023157002,1.703427601789,-1.192471359396,-1.198003758675,0.201546933595,-1.224007297168
819,0.365410186974,-1.359590952125,0.147192239790,-0.036534635320,-1.520687402573,0.250787491158,1.574588623861,-0.792951912710,-0.586349743235,1.163632826040
820,0.941741780463,-1.692548147590,2.493584962446,-0.036411391102,-2.114705118060,-0.312427125033,-0.918569553886,-0.117985197066,0.872955912901,-0.621278099180
821,0.367722120994,1.412378186426,0.554048742594,-0.451884931454,-0.551407959474,-0.756131571106,0.042305561496,0.651667524646,0.436353201365,-1.939769754985
822,1.203519047019,1.192905026743,-0.169424121010,-1.050327094141,0.220865891382,-1.504252102854,-1.397111024503,-0.097438952463,-1.097298639152,-0.871344350563
823,-0.618251566471,-1.401915135612,-1.563279085050,0.471600570084,-1.935795864446,2.352673358049,0.014222043311,0.494645757793,0.064833821520,-1.776397167814
824,0.052042391467,0.847563068731,-0.464276310057,1.535655574904,1.462985666909,-0.499913520843,-1.190801509119,0.853395824441,-1.165900895943,0.316162424237
825,-0.242895262631,0.977210060532,-0.190598685066,-1.926529007845,-0.493717685706,-0.934787446195,-0.077920312814,0.545740319431,-0.392157760452,1.392014324362
826,1.045360482527,-0.071706497158,0.166299419146,0.070413124097,0.048502658230,-0.656496906933,-0.302561367244,-0.006716385570,-1.076240713623,0.618884559287
827,-0.915641343903,-0.768752737399,-0.242531626786,-0.409429209600,-0.389837601556,1.487293297515,0.581482640502,-0.630681996706,0.541126425174,0.940800213357
828,-1.803577050930,0.342931353879,1.740201471569,0.093701810150,-2.199487302200,1.005068871339,1.537664531231,-0.937066045847,-1.021057377357,0.412612628519
829,-0.925321349964,-1.171869345069,-0.982556320041,1.051734961098,-0.237219308262,0.565417208031,-0.513395514622,1.255157262792,0.039430266223,-0.227106367622
830,-0.104492923842,-0.279923763036,0.794217711942,-0.004989800133,1.319216091813,0.488418970285,2.057304584281,-0.974933320678,0.111505464536,-1.176266681385
831,-1.645351157058,-2.169263830800,0.111876079053,-0.582026426598,1.582219086280,0.305366071784,0.577532796181,-0.751381639723,-0.793301647253,1.095430939640
832,0.689539682918,-0.332196847863,1.884658419932,-0.725583336537,0.144571850508,0.119973551591,-0.196200856418,0.601661850335,-0.197631876638,-0.197958262566
833,-0.410374816114,0.383557487893,0.412277894453,-0.316728863414,1.932190357024,-0.036001973720,0.901524023138,0.378347412030,-0.321420978048,-1.783048535474
834,-0.492956945588,-0.116657466307,-1.150651432721,-0.800329228530,0.282211248663,0.330936480823,-0.816127367726,2.315067609903,1.191790576410,-0.614030600732
835,-1.232893460272,0.903467505902,0.667084933788,-1.862049259598,-1.216896948884,0.004959966628,0.186487848173,1.659691207819,-0.881865844304,-0.532596143041
836,1.628866500239,0.552399163850,1.725430334290,0.476425263303,-0.241896045607,0.102889228761,-0.698436255228,1.424677978744,-3.097237161098,-0.770932472152
837,-0.250175554525,-0.028505481576,-1.052560018749,-0.427023716266,0.371619679896,0.039402940726,-0.017221499397,-1.086369944233,-1.383647011080,-0.400936502714
838,-0.139732954382,-1.682034378470,0.916269813029,1.456091865624,0.120047305180,-1.228240670304,-0.272679995519,0.571797862449,-1.467535768961,0.453728087304
839,-0.134059486537,-0.729175597096,-1.618558248496,0.063060233325,0.313678553839,-0.145281377470,0.757380373666,-1.593306198331,2.029213306736,-0.955075812159
840,-0.161838431756,-0.054923632645,-0.559951268947,-1.693894897297,-0.528879557249,0.161865189173,0.164843992265,-0.098259780297,-0.427571393428,1.041807393008
841,-1.140870956220,0.035816315383,-0.450116432024,-1.450887219223,0.011627705964,-0.445525449350,0.412957149762,0.684965309521,-0.006391436519,0.373017768626
842,-1.766599446055,-0.400229351993,0.105299137549,2.048350926056,0.041621387140,0.168812543095,1.213861636705,-1.660597698772,0.972616063689,0.855574278757
843,0.978655847575,-0.267486403374,1.397669156799,0.223748638786,-2.514510235227,0.163365020403,-0.667544484337,0.675355350235,0.791151015701,0.276910793984
844,-0.153039866784,-1.142151750886,0.155386219430,-1.894413602735,-1.125658122407,0.053767240398,1.065649981917,-0.438362966305,-0.525542896537,0.386826305248
845,-0.128632857553,0.208944809554,-1.970867835636,1.008751915330,-1.350761014403,1.020688815664,0.847343938056,0.070471243366,0.753316233075,-1.691378322413
846,-1.657714237689,-0.721545377109,-0.254686102722,-0.023577617683,0.115207966408,1.122656886083,1.250900077554,0.600572652436,-0.370175011771,0.649326166890
847,0.023280137538,-0.595312709674,-1.769488411307,-0.108283058313,0.137885450828,0.683504553653,-1.247798776421,0.059711342173,1.398910127768,-1.001781148367
848,1.292803072419,0.756442286035,1.285253132839,-0.399939892678,1.472883872368,-0.445619242211,-0.216309524093,1.287753088483,-0.633375429799,0.604326706523
849,1.201768872513,-0.878282104284,0.946399421329,0.280378282152,0.525414892642,-0.098796587459,0.866647763290,-0.347093195199,1.149744601361,0.165614003055
850,-1.703990042731,-2.425513779230,-1.305614214657,-0.808558939103,-1.017250393383,-1.057296050459,0.116003285063,0.016751151402,0.369877976855,2.064588265682
851,-0.644806401423,-0.842255008340,0.318497505824,-0.455169790754,0.477108262395,0.249774363094,0.984393305251,-0.763134173933,-1.021373113945,-0.862149927106
852,1.688987949880,-0.807650032167,0.892115310127,1.351828348154,0.045749259554,0.332690625315,-0.547284255428,0.012964730314,-0.253040732636,-0.196548584397
853,-0.845903610708,-0.214014876129,1.354190392026,-0.694908025282,0.866993988584,-0.749708405896,-3.034847551668,0.210653331477,1.056464687257,1.008790093250
854,0.332436162730,-0.156850441611,1.285364826407,0.226758027110,-0.557536635696,-1.887983317915,0.611805876797,-0.013531336276,0.714502455014,0.258255158988
855,-0.452997531731,-0.340919782007,-0.513117554765,0.751761799051,-0.071784908464,-1.763103013293,0.357428166917,-2.098772183603,-1.512579049855,0.517297330633
856,-1.286715157270,-2.116279161757,2.009905057124,-0.927190895334,1.166577827940,0.473670150118,0.732303982861,-0.305639126850,0.068339327616,0.314156135867
857,0.093152562144,0.029953073301,0.608182875985,-0.023466007346,-0.705663270006,-0.008434670697,-2.186893726975,0.467073086339,-0.929464240272,1.813572492699
858,-0.058086129920,0.814595282071,1.740551751848,-0.217877909101,1.450742200158,-0.638180586848,0.489761106971,-1.414347882075,-1.718571867913,-0.960606682948
859,1.219094896626,0.537869629925,-0.149785476414,-0.503975812944,0.998478978647,-0.626676515798,1.049628869019,-1.423608592686,1.596382099092,-1.447084329859
860,2.012984519330,-1.094267868454,-0.399215153709,-0.995912343941,-0.385103600912,1.027535789990,0.974974483990,1.337360155719,0.708691866785,-0.416447330789
861,0.824038566774,1.370940541282,0.641970130449,0.311507266133,0.874855685342,-0.245450296067,-0.036977799607,-2.537809237369,0.086206819305,0.988131963770
862,0.452702139099,0.626991792733,0.890722196912,-0.600142459609,0.912158113478,0.282194574155,-2.281029148206,-1.657261502790,1.304079767770,-1.589989371558
863,0.958602901919,0.891953184474,0.883930527678,-1.175376655470,1.463621233366,-0.776739057800,2.042695201247,-0.429527768488,0.757435970200,-0.907313886899
864,0.481914987933,-0.444923035516,0.041961405964,-0.693520908194,-0.411316346846,-0.452396166831,-1.038829257695,-1.773636214221,0.612432659684,-0.614819516931
865,0.141444044505,-0.514612803920,-1.039098216475,1.864309099323,0.386700792208,-0.470381326124,-0.453209164699,0.137389797040,0.170575874067,1.174100262545
866,0.685926560159,-2.300478587243,0.739825269470,0.843654610543,-1.862499455814,-0.425501760877,0.083294990065,-0.351140813873,-0.119706404501,-0.495550107567
867,1.861358089381,-1.723062908856,1.289610391865,-1.136571505945,-0.130844495379,0.573154518062,-0.683212626558,-0.196018030160,0.489471681511,0.054681508824
868,1.677323833718,-0.469024255167,1.942526213695,-0.470250425420,-1.702892018682,1.192617893072,1.171483857098,-0.917546390851,-0.738751044228,1.506670903838
869,-1.560724284947,-0.532478155368,-0.137749441094,0.013305530968,-1.577343009319,1.225652317420,-0.578048891738,-0.050151619406,0.902015903813,0.328020576266
870,0.197695434354,-0.354554775821,-0.046507777675,0.685164532138,-0.220229400002,0.917898140521,0.104215948382,-0.751737329072,0.653197975776,-0.739876324192
871,0.286668247306,-0.041682830324,0.078673988803,-0.298640674330,1.460884395400,1.203269546943,1.156106288089,-1.189955876741,1.538049640160,-1.080010515463
872,0.749520251452,2.307418347904,1.100196092548,-0.184959293849,1.172390020790,-0.231883819424,0.193436310652,1.268109009882,-2.342073121184,-0.907472728437
873,-1.822534748063,0.122861919865,-0.075422511416,0.299620548908,0.756354711143,0.762697682886,-0.444586799456,1.151219483559,1.001777837057,-1.337047438505
874,-1.388046178448,0.500675562587,0.062070536280,-1.084096833397,1.162282095970,0.788660703735,0.490941227172,-0.574520095938,0.709823150726,-1.417210125904
875,-1.295190180168,-0.462062223081,1.698833750680,-0.623388034675,0.514659471615,0.213596131111,-1.613447458221,-2.805204067228,-1.188158147565,-2.718845799036
876,0.636045762556,1.994479430381,-0.136779973724,0.236609642281,-0.051283646628,-0.060983004763,0.046408843652,1.249796862888,1.031996923215,1.222308734985
877,-0.463903347179,-0.082825527556,1.692173075769,-0.159429253571,-0.284968897791,-1.792421549857,0.681212955844,-1.313326695809,0.452300766338,1.638899964940
878,-0.190219495735,-0.583050033595,0.840561415455,-2.592108956930,1.360448041345,0.147000038614,0.896004877025,0.981743805310,-0.878781149529,-2.496654338701
879,0.387987463326,-0.676154008707,-2.334369163040,0.043175441701,0.142490447767,1.203683408606,-1.502536914352,-0.610533750087,0.636682402422,-0.396356425495
880,-1.982341166143,1.473313349359,0.961213878082,-0.986861914414,1.183224785235,-2.247988724800,0.252081693475,-0.662105399710,0.616431387002,0.073072272387
881,0.862783489756,0.135952314088,1.456263781638,1.220598697285,-0.548418018742,1.102485162880,0.722410029250,-2.476951194350,-1.320339791151,0.407930084365
882,-0.317437345538,0.356638995936,-0.912018359631,0.646452845548,0.927484411214,-0.162268720044,-0.412137338701,0.244121565570,-1.984480603040,0.975147104759
883,1.094155580925,-0.892377891157,0.384506525298,1.715393590332,-0.975021239245,0.824258902515,0.616651636381,0.677854167382,0.440090396937,0.327763678105
884,0.066865537603,-1.004292764816,0.976645202729,1.410568318436,-1.786909745120,-1.014886509909,-0.433979786729,-0.023526562099,1.169706720139,0.516099494561
885,-0.371773986443,1.812848329533,-1.380076733898,-0.935027104757,-0.109118962490,1.330970841700,0.471736783660,-0.863688587136,0.623827761551,1.810183723051
886,-0.613606959103,-0.376878567613,0.084135794843,-1.312158674259,0.256292888470,2.481696046487,-2.410201114820,-0.809890074829,0.910021212749,-0.560688261683
887,-0.224568911824,0.470560957073,0.987720524472,-0.943104636354,0.406872206364,0.806891211414,-0.347128004283,1.070644958028,0.117522719401,-1.148125967561
888,-0.103938410427,1.137991060074,-0.648045452117,-0.861399333319,0.513062575124,-1.085841952527,-0.401187922787,0.673490021261,-0.841351979864,0.432545147241
889,-1.528290056666,0.654989941976,-0.459736217936,-0.026049033085,0.247439583820,-0.197274199629,0.448348243987,0.373792857192,-0.872581538553,1.611880636825
890,-2.536280293580,-0.555134901729,-0.514706693374,-0.330156827749,-0.689643299369,0.232594121726,-0.083190375580,0.074745178040,0.437566512585,0.854393275742
891,0.033591265765,1.076272954121,0.607913375020,0.010331929889,-0.507358214978,0.948870308238,-0.442510699248,1.050728422099,-0.656621037907,-0.075689989007
892,1.145875128293,2.077456412296,0.104381921508,-0.271769866591,1.011966070359,-0.569762163055,0.531900394199,-0.521284795737,1.203199052857,0.588878521753
893,1.156135284985,-0.815955248924,0.419259240018,-0.050101310204,0.920472603402,0.261860011855,-0.126987398678,0.356545475956,-1.207693030602,1.574470333089
894,-0.819062774996,0.000118412436,-0.956671525964,0.392800029144,-1.556500376799,-0.260532682251,0.062399331298,0.265610826348,1.020169669238,-1.435039155704
895,-0.122990779249,-1.199142057374,-0.877533103969,-0.717443565336,0.572809946588,-0.138334222612,0.763216340764,0.051721032073,0.037327019233,0.555265267665
896,-0.365660176051,0.332595078143,-0.344320444617,0.866262986235,-0.341654958924,-0.917939123150,-0.449493137998,0.213606091381,0.080574481208,0.021210538102
897,-0.847172537750,0.106892406705,0.566508305040,-0.107740948459,0.297829281175,-0.403088648897,-0.770698751698,-2.499119180523,-0.509455012708,0.155243631421
898,-0.668841297713,-0.176010514367,-0.635649877302,0.036298363382,0.267261095220,-2.525115788989,-1.718932162137,0.102444913424,-0.084833534469,-0.246812826476
899,-1.595719419516,-2.214402486574,-0.397788134113,-0.406918195297,-0.200767430981,0.032360591144,0.563967312892,-0.584697916655,-1.036980688291,0.547647628159
900,0.021761774478,-1.033036800618,0.174633450169,-1.077653503888,-1.494830410154,0.772532257888,-1.092738478493,0.253285441393,1.177995879497,0.024638921798
901,0.537083787161,-2.120193492783,-0.492219130274,0.416997724450,0.364569894780,1.317407014837,0.243348896509,0.244383980872,-0.124723781866,1.009672714596
902,-1.994186163525,0.588971368832,0.868209354480,2.562168557653,0.062204227525,-1.265607818714,1.604692417002,-0.091853990266,-1.685296154870,0.439032317016
903,0.590908810037,1.248206086687,0.942141275663,1.861458751222,-1.464860302598,0.505930458331,-0.997990098804,0.131462348630,-0.064735492170,-0.641840235012
904,0.649236975878,-0.773372895723,-2.272466635115,-0.735690373145,-0.483307530500,0.854759990086,0.205384120517,0.247350041029,-0.494371270321,-0.664686698961
905,1.621115571677,0.116185689822,-0.505384350361,-1.058870456744,0.110510034704,1.504083587905,0.535489561856,1.471329350983,-0.695970241537,1.465324858742
906,0.316089114518,0.584598143088,-0.446117268804,-1.190282678725,0.759862219565,-1.039710336300,0.068393643136,-1.670456940083,1.076087426715,0.125720804950
907,-0.085387372935,-1.066119027488,1.769415130766,-2.472361638095,1.288799996728,-0.197750415273,0.987324629407,-0.606726483131,-1.265288611259,-0.109901207514
908,-0.884554117417,-1.235327055719,-0.306914735319,-1.276540389813,0.018635223405,0.025954093484,-0.568167013714,2.454314891883,1.171815394342,1.072715537450
909,0.225189711732,-0.973548093707,0.303134635093,-3.237712256718,0.934510589979,0.513035336645,0.646340550094,1.739659235728,-0.410191893624,-0.559402183752
910,0.006213555144,0.031485136429,1.792829973832,0.070238380692,0.517550825804,-0.993548643406,0.972020770685,1.289008007085,0.215890634248,1.245374697245
911,-0.994472837791,1.654249631379,-0.649872922928,0.964836579537,0.201800139283,-1.129562732329,0.233687294883,0.159309276062,-1.133604309222,-1.183924820695
912,1.188114605659,1.136813800259,-0.625735098148,1.364821273887,0.122237175861,-1.762944661223,-0.097525474754,0.232592146593,0.352811276821,-1.890187442766
913,-0.032597215291,0.997865671370,-0.303288386167,1.694532854579,-1.612288245862,-0.386062284150,0.241218388528,-0.279412865232,0.469813973891,0.566572493710
914,-0.074534499485,-1.176968328714,-0.312551098497,0.778411964364,-0.715524356180,0.454566376000,-0.658840633574,1.002303097484,-0.167565828391,-1.817757211600
915,1.438325721368,-0.478567776206,-0.169938427912,-0.326057712430,-0.495254751489,0.801632554238,-0.268840719944,1.024246448735,1.005467508053,0.564440171831
916,1.361808275596,-1.388848304818,1.734513139035,-0.036642714740,0.889673962020,1.102054050372,0.409102071991,-1.179985236587,-0.229780292983,0.305804035437
917,-0.325806742245,-2.191199332030,0.311373111779,-0.536574059522,0.554733842549,-0.953289306138,-0.598869729619,-0.364983907725,-0.414574647712,0.677211979007
918,0.694076256459,0.843506697671,2.201115674592,0.749173955893,-1.230036817101,-1.018181882483,0.995442262633,-0.890870995676,0.990913269941,1.895398060840
919,0.966428952924,-1.610143638573,0.023426829399,1.104847942867,0.203443907245,0.688424114979,-0.410327320546,0.750956882789,1.347714062222,-0.360409058376
920,-0.278214708506,0.050134718172,0.756925726034,-0.323500919916,-0.419359437158,-0.773049898940,0.782067793053,0.500254778359,-0.764200712384,-0.057760190517
921,0.785669577514,0.370139700220,-0.389616308611,1.877117056603,1.144547560134,0.910287225902,0.248776601544,0.397867343731,-0.050524572726,1.142299866059
922,1.078525742673,-0.114528038951,-1.503081790268,-0.039382648357,0.192059034072,-0.157987409404,1.398278258554,0.872845206156,0.940524471579,-0.328025283902
923,-0.867150739608,0.602691851922,0.831587867353,1.623291984541,-1.702329325486,2.167868004379,-0.211733104788,-1.365504275987,-0.398685241616,-0.570721586989
924,3.389719228412,0.882088874695,-0.874622121906,0.438801832527,-1.223973677584,0.919145166651,0.840867467851,0.095837245142,-1.096807136586,-0.862436738428
925,1.644228380065,-0.206851619705,-0.936454266509,0.538738591509,-0.447457463342,0.621395217147,-0.670198332167,-0.256195881245,2.357043354706,0.458642160207
926,0.678148981977,0.368889660551,1.007254348576,0.810024688461,0.073441331382,-1.140298726583,1.775203302958,-0.400037456712,0.947225706722,0.427147768848
927,0.020838194694,0.088694418389,-2.470170553720,0.591079731885,0.572450945747,-0.128295174296,0.152859845215,0.096857664609,-1.687611448814,0.422437733241
928,-0.119769651634,-0.986935269030,0.504573134625,-0.310735682941,-0.028281881131,-0.846400401001,-1.165306785406,-0.001478895844,0.716251098436,2.248605472508
929,0.995416728167,0.499066021312,-0.117369500573,-0.062007230172,0.583690112393,0.602919755687,-0.987559371300,1.429619782948,-1.539781331777,-0.130042214449
930,-1.210784875905,1.481113570574,-0.878777871472,0.807618535705,0.496348716103,0.669399270883,0.837940193314,0.686894582528,-2.236250900181,-0.025076847431
931,1.715515739049,-0.739888923649,-0.256699349732,0.330561438556,0.187101107963,-0.246106913662,1.032009458334,0.037447632317,0.924782834200,-0.482008406422
932,-0.633616806116,-0.486439916737,0.348834631061,-1.511491592962,1.795394252201,0.966980819743,0.560659542190,-0.939432798707,-0.497724931344,1.951851780350
933,-0.237183221956,0.498105084609,0.163051076951,-0.773490959337,0.971380758711,1.594228564096,0.442731479377,-1.915726435670,2.038744271192,-0.514322865377
934,-0.817656528828,1.220031269117,0.802655607258,0.533822684357,0.342916602243,0.875160678132,-0.201586357317,1.360257164526,-1.088506242759,-1.529050074360
935,0.308543405016,-0.383149448100,-0.950948182664,-0.036926246541,1.436075062856,-1.240323651831,0.117012810640,-0.252915956751,-0.185660206477,-0.657547243491
936,3.166685162726,0.617498473446,-0.610979946074,1.612785938180,2.786358583289,-0.694077125242,0.281240906028,-0.007584742433,1.785075950566,-0.535888823888
937,-0.105007179242,-1.672783914267,1.830155583861,0.556375371593,-0.570276394099,-1.643277753217,1.110094718989,1.406195330132,0.793230666836,1.086913763817
938,-0.031298783667,-0.836253992746,-1.734570107160,0.338200785736,1.083030760688,-0.915219596876,-0.034248481048,0.749287052282,1.066374454086,-1.958694350086
939,0.811344285583,0.514267649273,1.015342957714,-0.605134681630,-0.341698357206,-0.930322225286,1.792637224733,1.003532767436,0.034616913640,1.279814266510
940,-0.273332364668,-0.193441990672,-0.338656110944,-1.784400725839,1.286981003998,0.405201096822,0.666510346798,-0.719674902765,1.252845484953,2.036622436358
941,0.137793388893,-0.497221315230,1.369217766113,-2.780732920977,-0.291383367772,-1.759915398345,1.196475288770,1.348911798632,2.034737166027,-0.469271811559
942,1.021477233420,0.134873950910,-0.613667132563,-0.371116690308,1.113666075322,0.142405584815,0.832929112579,0.512023435874,0.348476553162,0.522509403248
943,-0.221476683080,0.246489344812,-0.434324981889,-0.438457838390,-2.377423437610,1.275765760122,0.002791394884,1.183898164447,0.599624632718,-1.786253214719
944,2.803466043241,-0.354852675440,-0.243647998191,0.335610163931,0.201615340687,-2.575976625071,1.257117002672,0.160743757130,1.196778799494,0.365483697151
945,-0.295030348468,1.280408717114,0.215737162083,0.276005820887,0.076431040269,-0.103971129040,-0.513770945938,-0.507796084406,2.265040837659,0.912158550702
946,0.188156499419,0.113992511605,0.160095668018,-0.442130456628,-0.264855161187,-0.578718710564,-0.508015500211,-0.672878531410,-1.200552206720,-3.054329792381
947,-0.810319707770,-1.225375259238,-1.398445979761,-2.197101621450,2.039795842374,-0.169425432134,-1.265357249494,-0.322222046332,1.082011549459,-0.186004207779
948,0.287385029151,-1.048760374938,-0.494683010579,0.920276907555,0.520669119008,0.886634303321,-1.399320519565,-0.682574472862,-0.170605300100,0.747856710465
949,-1.769149194783,0.115592921727,2.776948352916,0.943592856280,-0.808832997448,0.585479221414,1.127615086677,-0.745807170961,-0.971966947242,-0.162890479080
950,0.426042238656,0.853052058693,-0.138112302183,0.751726550676,-1.215921906463,-0.119481944165,-0.797391996927,-1.344437671351,-0.970403113572,-1.373441869416
951,-0.308573581307,1.805490453516,-0.976955153149,0.419528028486,0.583756863901,0.283994779520,-1.560070339357,-1.363539943965,-0.972194470647,1.154986535731
952,0.845511132978,-0.140464328039,-0.911036496078,0.431424680497,0.128895516756,0.388432251063,0.074148655144,1.530701623877,-0.304333509427,-0.664256792398
953,-1.013275007136,0.688789444345,-0.567437334068,-0.322760201873,0.539684462142,-2.383508442096,0.032872600406,-0.265135277100,-1.030694559443,-0.823018331700
954,-0.758524786923,0.385066558436,1.209211301314,-0.685117045983,-0.522917202188,-0.229423914535,0.486879416574,0.124496334730,0.763060909838,1.160388414851
955,-1.293414085459,0.688289272298,0.469582002805,0.468451964641,1.665506565028,0.450517438777,0.399430405549,-0.704341517061,0.709341978057,-0.560255281346
956,0.099643873094,1.648695178051,-0.144526278180,-1.451294271490,-1.162579836677,-0.429927574532,0.985230201634,0.657917081529,1.528590702030,-0.702880103681
957,1.048017142984,-1.263791725929,-1.137588762939,-0.513826800724,-0.372699728077,-1.408779085681,-0.009410748215,0.385978077934,1.668322724338,-0.512546878595
958,-2.047130178503,-0.148505183624,0.493242423808,-1.583071005899,0.511816801682,0.501973557412,-1.152968184259,0.846649934543,-0.005355152962,0.600094094937
959,-0.117687589554,-0.953545534790,-0.505324680164,-0.074871119148,-0.953126433870,-0.672569369308,-1.149052707431,0.406429303232,-1.905919557399,-0.236489021678
960,-1.280174053818,-1.333621478939,-0.543827379536,0.485289027672,-0.625953867348,0.987369080381,-0.675563356075,0.605024564460,0.455404292080,0.751394748556
961,-0.116987329892,1.438044364233,1.826024263410,-0.949707156801,-1.003183813653,-0.341560772452,-0.616264391809,0.922024301128,0.860394373609,0.190322927982
962,-0.582533570249,1.601614617158,1.055329101986,1.084467785074,0.752451725331,-0.654921261691,0.682086223991,-0.910245876508,-0.052763407929,1.708605391169
963,0.108124574659,-0.267011062435,-0.172369305532,0.284532311481,1.317275847846,2.081956738072,-2.853857863895,-0.079796940750,0.965260598630,0.697210551452
964,-0.348591872439,-0.252611479273,-0.514964350228,-0.103940736875,0.281208425731,0.585737709340,-0.053026374469,-0.208797665598,-0.993732884402,-0.199790851751
965,-1.153435582147,-1.195055845718,0.495206869947,0.085999423343,1.269685907479,-0.660059044410,2.472765556522,-1.366512391089,0.251660643228,-0.357580949961
966,-0.073859405923,0.140208313950,-0.590891262686,-1.119352947437,-0.204371511605,0.967649672236,0.860627313910,-0.022106045195,0.440516353833,0.654184951297
967,0.469310195665,2.426035182167,-1.649984918247,-0.614264900456,1.034454262119,-0.000798832747,0.660205421519,0.298300148902,-0.199619325966,-0.623967642054
968,-0.145565776868,0.063302814016,1.433608874159,1.022712574052,0.315412095586,-1.416538116503,-3.087789186565,1.062683987182,0.807848708047,0.080801073615
969,1.022388381154,-0.347715054404,0.260555971133,-0.730304886767,-0.929141089301,-0.459731086272,-1.225754947675,0.215512550995,-0.342175472491,-1.232941693148
970,1.826223475306,0.962089427998,2.630519546783,1.456847172614,-0.581136348901,2.006622660046,-0.008195118169,-0.460281392585,-0.672186934490,-0.772098867590
971,0.615333916049,0.521003449583,-0.425906881755,-0.390237973295,0.603906392608,-1.840638294073,1.217695339685,-0.461552129346,-0.803839223018,-0.335069979825
972,-0.468395838239,1.467021991302,1.108407696514,-0.773347990199,0.730621526965,-0.170524937798,-0.678586597123,-1.327397229036,-0.445334116003,-0.634720474407
973,-0.761009260046,-1.635484175886,0.691587933443,0.124374428226,-0.782811022947,0.582950273586,-0.641841650241,-0.399151698443,2.827311903607,0.939362179182
974,-1.000375196923,-1.946211251538,1.400861914066,0.988589519499,0.564087473144,-1.538260816582,0.720889348002,-1.633045358500,-0.355773467002,0.492647273923
975,0.956399531170,1.388052555749,0.292153371645,0.721611230505,0.157458829022,0.028521357115,-1.265187919442,0.875931745005,-0.382001534520,1.273563131937
976,-0.410387763077,0.709569225508,-0.148949524556,-1.172015974788,-0.947774517418,-0.216454880338,-0.047997849429,-0.258604545414,0.667312196633,2.299812082980
977,0.239221302761,0.366447051235,1.329527619761,-1.056716864891,-0.591023549154,-0.674816813522,0.568229349753,1.961318896073,-0.358415769774,-1.034438671372
978,1.529236748550,0.546378241804,0.176723243386,0.232507442443,-0.978988616830,0.513909634340,-0.088637188101,1.589597726070,-0.438202421395,-0.225988591040
979,0.327388043126,1.296154413991,-0.321699014257,-0.380861066746,0.514509405474,-0.903305865774,0.400771627055,0.743839750359,0.157776793812,0.418361141561
980,-0.637993815288,0.896414337995,-0.560237827334,0.938171284970,-0.952678037466,-0.512419427986,1.388369152441,1.104014350755,0.252897040327,-1.554681812541
981,1.026782878728,0.436106844975,-0.656446154907,0.949319434826,-0.404825825258,0.433311477431,-0.397145435219,-0.659772942619,-0.661181212042,-0.261333175425
982,0.195499078575,0.922452227556,-1.027995128455,-0.983051483092,-0.499769261404,0.165956407662,-1.890036328345,-1.032220631517,-0.024587383879,0.094093619165
983,-0.264780802099,0.063152646397,0.266935844168,0.146647425964,-0.671508685876,-0.724619870158,0.681937597903,-1.021911113834,0.610848585957,-0.596332020364
984,-0.016667015872,-1.255167978132,0.352492985870,-0.529294476768,2.088525581870,-0.578572227935,-0.882680305306,1.222220015420,0.636711305786,-2.365148851036
985,-0.324065808885,-1.288189563941,0.499218844463,-0.630009656121,0.387946050290,1.288154425980,-1.351081554095,0.300831922282,0.642547013594,1.653780672031
986,-1.155139367270,-0.751735135262,1.362075712135,-0.294790711235,-0.153455077112,-0.265634764979,-1.967944904912,-0.650434657656,0.235821515546,-3.156775557099
987,-1.437849975318,-0.073207480446,-1.133748559443,0.156985081956,-0.670735359121,1.149299967309,1.261702446752,-1.780023064147,-1.330049669749,0.334796831299
988,0.140148147030,0.537097085703,-1.416282412010,-2.017856913864,1.092694100759,-2.024203032055,0.170848714105,-1.328883774177,0.343142718366,-0.623522561490
989,-1.967924534322,-0.809749218090,1.095250027069,0.689072006811,-0.184851805100,-0.351933062634,-0.184748386001,0.634385902140,0.337844371095,-0.133080551604
990,-0.244688252991,-1.056164447161,0.466157153612,0.935998745277,-0.752158197313,-0.375334962080,-0.006271031038,-1.110140252812,-0.713350835989,0.401331253260
991,-0.170207599425,-0.017894544595,1.180661889368,-1.446174290087,-0.936588454261,-0.708734826973,-0.546069665844,-1.364511564600,0.476475046909,0.879640992373
992,-0.327574294467,0.098695521441,0.420111146508,-2.786106210431,-0.647170014851,0.745714393566,-0.837286621932,-1.084578190832,-0.446118170654,-0.747444225605
993,0.233648943258,2.341793476492,0.646594066879,-0.732829110350,-0.338592235574,0.828348584457,0.280859602002,0.247583482504,-1.933870762527,-0.708762196503
994,0.710851517665,-0.328260592170,-0.837752487993,0.136694947426,2.456426157377,-1.389815219697,-0.158497355399,1.227281477958,0.835683777815,0.771040592674
995,-0.016771707796,-1.107308843876,0.533056423576,0.851728825874,-0.807015170814,-0.465750326589,0.746516157327,0.046918974313,1.214573556689,-1.541365468607
996,-0.679978586375,-0.197632543498,-0.986586658181,-1.115389939619,-0.439085924550,-0.374076716921,-0.391650156261,-0.223559936372,-1.154562668503,-0.413470860076
997,-0.574607732276,0.170500883716,0.320457899651,0.061652829910,0.139530765758,0.340340819065,-0.748308797152,-0.487488175206,-1.138554763549,-0.096564808665
998,-0.879831866299,1.214646469009,1.937054624037,-1.223835570510,0.105980209649,-3.109645715516,-1.172661079221,1.264189149561,-0.555786054040,0.120257918581
999,2.206584983755,0.549979611328,-0.901014433429,-0.395604462477,0.620644227380,0.212847459655,0.714570355757,0.013896333019,-1.521252429296,-0.443424308537
1000,0.379805098019,-0.313321889254,2.235844558810,0.530707591662,1.394153730237,-1.582709246211,0.573167988593,-1.007614435814,0.623992810089,0.118085693502
