case,Q1,Q2,Q3,Q4,Q5,Q6,Q7,Q8,Q9,Q10,Q11,Q12,Q13,Q14,Q15,Q16,Q17,Q18,Q19,Q20
1,1.500000,1.500000,1.500000,1.500000,1.500000,1.500000,1.500000,1.500000,1.500000,1.500000,1.500000,1.500000,1.500000,1.500000,1.500000,1.500000,1.500000,1.500000,1.500000,101.500000
2,1.500000,1.500000,1.500000,1.500000,1.500000,1.500000,1.500000,1.500000,1.500000,1.500000,1.500000,1.500000,1.500000,1.500000,1.500000,1.500000,1.500000,1.500000,1.500000,101.500000
3,1.500000,1.500000,1.500000,1.500000,1.500000,1.500000,1.500000,1.500000,1.500000,1.500000,1.500000,1.500000,1.500000,1.500000,1.500000,1.500000,1.500000,1.500000,1.500000,101.500000
4,1.500000,1.500000,1.500000,1.500000,1.500000,1.410000,1.410000,1.410000,1.410000,1.410000,1.410000,1.410000,1.410000,1.410000,1.410000,1.320000,1.320000,1.320000,1.320000,89.320000
5,1.500000,1.500000,1.500000,1.410000,1.320000,1.320000,1.230000,1.230000,1.230000,1.230000,1.230000,1.140000,1.050000,1.050000,1.050000,1.050000,1.050000,1.050000,1.050000,64.960000
6,1.500000,1.500000,1.500000,1.500000,1.500000,1.500000,1.500000,1.500000,1.500000,1.500000,1.500000,1.500000,1.500000,1.500000,1.410000,1.410000,1.230000,1.230000,1.230000,83.230000
7,1.500000,1.500000,1.500000,1.500000,1.500000,1.500000,1.500000,1.500000,1.500000,1.500000,1.500000,1.500000,1.500000,1.500000,1.500000,1.500000,1.500000,1.500000,1.500000,101.500000
8,1.500000,1.500000,1.500000,1.500000,1.500000,1.500000,1.500000,1.500000,1.500000,1.500000,1.500000,1.500000,1.500000,1.410000,1.410000,1.410000,1.410000,1.410000,1.410000,95.410000
9,1.500000,1.500000,1.500000,1.500000,1.500000,1.500000,1.500000,1.500000,1.500000,1.500000,1.410000,1.410000,1.410000,1.410000,1.410000,1.410000,1.410000,1.410000,1.410000,89.320000
10,1.500000,1.500000,1.500000,1.500000,1.500000,1.500000,1.500000,1.500000,1.500000,1.500000,1.500000,1.500000,1.500000,1.500000,1.500000,1.500000,1.500000,1.500000,1.410000,95.410000
11,1.500000,1.500000,1.500000,1.500000,1.500000,1.500000,1.500000,1.500000,1.500000,1.500000,1.500000,1.500000,1.500000,1.500000,1.500000,1.500000,1.500000,1.500000,1.500000,101.500000
12,1.500000,1.500000,1.500000,1.500000,1.500000,1.410000,1.410000,1.410000,1.410000,1.410000,1.410000,1.410000,1.410000,1.410000,1.410000,1.410000,1.410000,1.410000,1.410000,95.410000
13,1.500000,1.500000,1.500000,1.500000,1.500000,1.500000,1.500000,1.500000,1.500000,1.500000,1.500000,1.500000,1.500000,1.500000,1.500000,1.500000,1.500000,1.500000,1.500000,101.500000
14,1.500000,1.500000,1.500000,1.500000,1.410000,1.410000,1.410000,1.410000,1.410000,1.410000,1.410000,1.410000,1.410000,1.410000,1.410000,1.410000,1.410000,1.410000,1.410000,95.410000
15,1.500000,1.500000,1.500000,1.500000,1.500000,1.500000,1.500000,1.500000,1.500000,1.500000,1.500000,1.500000,1.500000,1.500000,1.500000,1.500000,1.500000,1.500000,1.500000,101.500000
16,1.500000,1.500000,1.500000,1.500000,1.500000,1.500000,1.500000,1.500000,1.500000,1.500000,1.500000,1.410000,1.410000,1.410000,1.410000,1.410000,1.410000,1.410000,1.410000,95.410000
17,1.500000,1.500000,1.500000,1.500000,1.500000,1.500000,1.500000,1.500000,1.500000,1.500000,1.500000,1.500000,1.500000,1.500000,1.500000,1.500000,1.500000,1.500000,1.410000,95.410000
18,1.500000,1.500000,1.500000,1.500000,1.500000,1.500000,1.500000,1.500000,1.500000,1.500000,1.500000,1.500000,1.500000,1.410000,1.320000,1.320000,1.320000,1.320000,1.320000,89.320000
19,1.500000,1.500000,1.500000,1.500000,1.500000,1.500000,1.500000,1.500000,1.500000,1.500000,1.500000,1.500000,1.500000,1.500000,1.500000,1.500000,1.500000,1.410000,1.410000,95.410000
20,1.500000,1.410000,1.410000,1.410000,1.410000,1.410000,1.410000,1.410000,1.410000,1.410000,1.410000,1.410000,1.410000,1.320000,1.320000,1.320000,1.320000,1.320000,1.320000,83.230000
21,1.500000,1.500000,1.500000,1.500000,1.500000,1.500000,1.500000,1.500000,1.500000,1.500000,1.500000,1.500000,1.500000,1.500000,1.500000,1.500000,1.500000,1.500000,1.500000,101.500000
22,1.500000,1.500000,1.500000,1.500000,1.500000,1.500000,1.500000,1.500000,1.500000,1.500000,1.500000,1.500000,1.500000,1.500000,1.500000,1.500000,1.500000,1.500000,1.500000,101.500000
23,1.500000,1.410000,1.410000,1.410000,1.410000,1.410000,1.410000,1.410000,1.410000,1.410000,1.410000,1.410000,1.410000,1.410000,1.410000,1.410000,1.410000,1.320000,1.320000,89.320000
24,1.500000,1.500000,1.500000,1.500000,1.500000,1.500000,1.500000,1.500000,1.500000,1.500000,1.500000,1.500000,1.500000,1.500000,1.500000,1.500000,1.500000,1.500000,1.500000,101.500000
25,1.500000,1.500000,1.500000,1.500000,1.500000,1.500000,1.500000,1.500000,1.500000,1.500000,1.500000,1.500000,1.500000,1.500000,1.500000,1.500000,1.500000,1.500000,1.500000,101.500000
26,1.500000,1.500000,1.500000,1.410000,1.410000,1.410000,1.410000,1.320000,1.320000,1.320000,1.320000,1.320000,1.320000,1.230000,1.230000,1.140000,1.140000,1.050000,1.050000,71.050000
27,1.500000,1.500000,1.500000,1.500000,1.500000,1.500000,1.500000,1.500000,1.500000,1.410000,1.410000,1.410000,1.410000,1.410000,1.410000,1.410000,1.410000,1.410000,1.410000,95.410000
28,1.500000,1.500000,1.500000,1.500000,1.500000,1.410000,1.410000,1.410000,1.410000,1.410000,1.410000,1.410000,1.410000,1.410000,1.410000,1.410000,1.410000,1.410000,1.320000,89.320000
29,1.500000,1.500000,1.500000,1.500000,1.500000,1.500000,1.500000,1.500000,1.500000,1.500000,1.500000,1.500000,1.410000,1.410000,1.410000,1.410000,1.410000,1.410000,1.410000,95.410000
30,1.500000,1.500000,1.500000,1.500000,1.500000,1.500000,1.500000,1.500000,1.500000,1.500000,1.500000,1.500000,1.500000,1.500000,1.410000,1.410000,1.410000,1.410000,1.410000,95.410000
31,1.500000,1.500000,1.500000,1.500000,1.500000,1.500000,1.500000,1.410000,1.410000,1.410000,1.410000,1.320000,1.320000,1.320000,1.320000,1.230000,1.230000,1.230000,1.230000,83.230000
32,1.500000,1.500000,1.410000,1.410000,1.410000,1.410000,1.410000,1.410000,1.410000,1.410000,1.410000,1.410000,1.410000,1.410000,1.410000,1.410000,1.410000,1.320000,1.320000,89.320000
33,1.500000,1.500000,1.500000,1.500000,1.500000,1.500000,1.500000,1.500000,1.500000,1.500000,1.410000,1.410000,1.410000,1.410000,1.320000,1.320000,1.320000,1.320000,1.320000,89.320000
34,1.500000,1.500000,1.500000,1.500000,1.500000,1.500000,1.500000,1.500000,1.500000,1.500000,1.500000,1.500000,1.500000,1.500000,1.500000,1.500000,1.500000,1.500000,1.500000,101.500000
35,1.500000,1.500000,1.500000,1.500000,1.500000,1.500000,1.500000,1.500000,1.500000,1.500000,1.500000,1.500000,1.500000,1.500000,1.500000,1.500000,1.500000,1.500000,1.500000,101.500000
36,1.500000,1.500000,1.500000,1.500000,1.500000,1.500000,1.500000,1.500000,1.500000,1.500000,1.410000,1.410000,1.410000,1.320000,1.320000,1.320000,1.320000,1.320000,1.320000,83.230000
37,1.500000,1.500000,1.500000,1.500000,1.500000,1.500000,1.500000,1.500000,1.500000,1.500000,1.500000,1.500000,1.500000,1.500000,1.500000,1.500000,1.500000,1.500000,1.500000,95.410000
38,1.500000,1.500000,1.500000,1.500000,1.410000,1.410000,1.410000,1.410000,1.410000,1.410000,1.410000,1.410000,1.320000,1.320000,1.320000,1.320000,1.320000,1.320000,1.320000,89.320000
39,1.500000,1.500000,1.500000,1.500000,1.500000,1.500000,1.500000,1.500000,1.500000,1.500000,1.500000,1.500000,1.410000,1.410000,1.410000,1.230000,1.230000,1.230000,1.230000,83.230000
40,1.500000,1.500000,1.500000,1.500000,1.500000,1.500000,1.500000,1.500000,1.500000,1.500000,1.410000,1.410000,1.320000,1.320000,1.320000,1.320000,1.320000,1.320000,1.230000,83.230000
41,1.500000,1.500000,1.500000,1.500000,1.500000,1.500000,1.500000,1.500000,1.500000,1.500000,1.500000,1.500000,1.500000,1.500000,1.500000,1.500000,1.500000,1.500000,1.500000,101.500000
42,1.500000,1.500000,1.500000,1.500000,1.500000,1.500000,1.500000,1.500000,1.500000,1.500000,1.500000,1.500000,1.500000,1.500000,1.500000,1.500000,1.500000,1.500000,1.500000,101.500000
43,1.500000,1.410000,1.410000,1.410000,1.410000,1.410000,1.410000,1.410000,1.410000,1.410000,1.410000,1.410000,1.410000,1.320000,1.320000,1.320000,1.320000,1.320000,1.230000,83.230000
44,1.500000,1.500000,1.410000,1.410000,1.410000,1.410000,1.410000,1.410000,1.410000,1.410000,1.320000,1.320000,1.320000,1.320000,1.320000,1.230000,1.230000,1.230000,1.230000,83.230000
45,1.500000,1.500000,1.500000,1.500000,1.500000,1.500000,1.500000,1.500000,1.500000,1.500000,1.500000,1.500000,1.500000,1.500000,1.500000,1.500000,1.500000,1.500000,1.500000,101.500000
46,1.500000,1.500000,1.500000,1.500000,1.500000,1.500000,1.500000,1.500000,1.410000,1.410000,1.410000,1.410000,1.410000,1.410000,1.410000,1.410000,1.410000,1.320000,1.320000,89.320000
47,1.500000,1.410000,1.410000,1.230000,1.230000,1.230000,1.230000,1.230000,1.230000,1.230000,1.230000,1.230000,1.230000,1.230000,1.230000,1.230000,1.230000,1.230000,1.230000,83.230000
48,1.500000,1.500000,1.500000,1.500000,1.500000,1.500000,1.500000,1.500000,1.500000,1.500000,1.500000,1.500000,1.500000,1.500000,1.500000,1.500000,1.500000,1.500000,1.500000,101.500000
49,1.500000,1.500000,1.500000,1.500000,1.500000,1.500000,1.500000,1.410000,1.410000,1.410000,1.410000,1.410000,1.410000,1.410000,1.320000,1.320000,1.320000,1.230000,1.230000,77.140000
50,1.500000,1.500000,1.500000,1.500000,1.500000,1.500000,1.410000,1.410000,1.410000,1.410000,1.410000,1.410000,1.410000,1.410000,1.410000,1.410000,1.410000,1.320000,1.320000,89.320000
51,1.500000,1.500000,1.500000,1.500000,1.500000,1.500000,1.500000,1.500000,1.500000,1.500000,1.500000,1.500000,1.410000,1.410000,1.410000,1.410000,1.410000,1.410000,1.410000,95.410000
52,1.500000,1.500000,1.500000,1.500000,1.500000,1.500000,1.500000,1.500000,1.500000,1.500000,1.500000,1.500000,1.500000,1.500000,1.500000,1.500000,1.500000,1.500000,1.500000,101.500000
53,1.500000,1.500000,1.500000,1.500000,1.410000,1.320000,1.320000,1.320000,1.320000,1.320000,1.320000,1.320000,1.320000,1.320000,1.320000,1.320000,1.320000,1.320000,1.320000,89.320000
54,1.500000,1.410000,1.410000,1.410000,1.410000,1.410000,1.410000,1.410000,1.410000,1.410000,1.410000,1.410000,1.410000,1.410000,1.410000,1.410000,1.410000,1.320000,1.320000,89.320000
55,1.500000,1.500000,1.500000,1.410000,1.410000,1.410000,1.320000,1.320000,1.320000,1.320000,1.320000,1.320000,1.320000,1.320000,1.320000,1.320000,1.230000,1.230000,1.230000,83.230000
56,1.500000,1.320000,1.320000,1.230000,1.230000,1.230000,1.230000,1.230000,1.230000,1.230000,1.230000,1.140000,1.140000,1.140000,1.140000,1.140000,1.140000,1.050000,1.050000,64.960000
57,1.500000,1.410000,1.320000,1.320000,1.320000,1.230000,1.230000,1.230000,1.230000,1.230000,1.230000,1.230000,1.230000,1.230000,1.230000,1.230000,1.230000,1.230000,1.230000,83.230000
58,1.500000,1.500000,1.500000,1.410000,1.410000,1.320000,1.320000,1.320000,1.320000,1.320000,1.320000,1.320000,1.320000,1.320000,1.320000,1.320000,1.320000,1.320000,1.320000,89.320000
59,1.410000,1.410000,1.410000,1.410000,1.320000,1.320000,1.320000,1.320000,1.230000,1.230000,1.230000,1.230000,1.140000,1.140000,1.140000,1.140000,1.140000,1.140000,1.140000,71.050000
60,1.500000,1.500000,1.500000,1.500000,1.500000,1.500000,1.500000,1.500000,1.500000,1.500000,1.410000,1.410000,1.410000,1.410000,1.320000,1.320000,1.320000,1.320000,1.320000,89.320000
61,1.500000,1.500000,1.500000,1.500000,1.500000,1.500000,1.500000,1.500000,1.500000,1.500000,1.500000,1.500000,1.500000,1.500000,1.500000,1.500000,1.500000,1.500000,1.500000,101.500000
62,1.500000,1.500000,1.500000,1.500000,1.500000,1.500000,1.500000,1.500000,1.500000,1.500000,1.500000,1.500000,1.500000,1.500000,1.500000,1.500000,1.500000,1.500000,1.500000,101.500000
63,1.500000,1.500000,1.500000,1.500000,1.500000,1.500000,1.500000,1.500000,1.500000,1.500000,1.500000,1.500000,1.500000,1.500000,1.500000,1.500000,1.500000,1.500000,1.500000,101.500000
64,1.500000,1.410000,1.410000,1.410000,1.410000,1.410000,1.410000,1.410000,1.410000,1.410000,1.410000,1.410000,1.410000,1.410000,1.230000,1.230000,1.230000,1.230000,1.230000,83.230000
65,1.500000,1.500000,1.500000,1.500000,1.500000,1.320000,1.140000,1.140000,1.140000,1.140000,1.140000,1.050000,1.050000,0.960000,0.960000,0.960000,0.960000,0.870000,0.870000,58.870000
66,1.500000,1.500000,1.500000,1.500000,1.500000,1.500000,1.500000,1.500000,1.500000,1.500000,1.500000,1.500000,1.500000,1.500000,1.500000,1.500000,1.500000,1.500000,1.500000,101.500000
67,1.500000,1.500000,1.500000,1.500000,1.410000,1.410000,1.410000,1.410000,1.410000,1.410000,1.410000,1.410000,1.320000,1.320000,1.230000,1.230000,1.230000,1.230000,1.230000,83.230000
68,1.500000,1.500000,1.500000,1.500000,1.500000,1.410000,1.410000,1.410000,1.410000,1.410000,1.410000,1.410000,1.410000,1.410000,1.410000,1.410000,1.410000,1.410000,1.410000,95.410000
69,1.500000,1.410000,1.410000,1.410000,1.410000,1.320000,1.320000,1.320000,1.320000,1.320000,1.320000,1.320000,1.320000,1.320000,1.320000,1.320000,1.320000,1.320000,1.320000,89.320000
70,1.500000,1.500000,1.500000,1.500000,1.500000,1.500000,1.500000,1.500000,1.500000,1.500000,1.410000,1.410000,1.410000,1.410000,1.410000,1.320000,1.320000,1.320000,1.320000,89.320000
71,1.500000,1.500000,1.500000,1.500000,1.500000,1.500000,1.500000,1.500000,1.500000,1.500000,1.500000,1.500000,1.500000,1.410000,1.410000,1.410000,1.410000,1.410000,1.410000,95.410000
72,1.500000,1.500000,1.500000,1.500000,1.500000,1.500000,1.500000,1.500000,1.500000,1.500000,1.500000,1.500000,1.410000,1.410000,1.410000,1.410000,1.410000,1.410000,1.410000,95.410000
73,1.500000,1.500000,1.500000,1.410000,1.410000,1.410000,1.410000,1.410000,1.410000,1.410000,1.410000,1.410000,1.410000,1.410000,1.410000,1.410000,1.410000,1.410000,1.410000,95.410000
74,1.410000,1.410000,1.320000,1.320000,1.230000,1.230000,1.140000,1.140000,1.140000,1.140000,1.050000,1.050000,0.960000,0.960000,0.960000,0.960000,0.960000,0.960000,0.960000,58.870000
75,1.500000,1.500000,1.500000,1.500000,1.500000,1.500000,1.500000,1.500000,1.500000,1.500000,1.500000,1.500000,1.500000,1.500000,1.500000,1.500000,1.500000,1.500000,1.500000,101.500000
76,1.500000,1.500000,1.500000,1.500000,1.410000,1.410000,1.410000,1.410000,1.410000,1.410000,1.410000,1.410000,1.410000,1.410000,1.410000,1.410000,1.410000,1.410000,1.410000,95.410000
77,1.500000,1.500000,1.500000,1.500000,1.500000,1.500000,1.500000,1.500000,1.500000,1.500000,1.410000,1.410000,1.410000,1.410000,1.410000,1.410000,1.410000,1.410000,1.410000,89.320000
78,1.500000,1.500000,1.500000,1.500000,1.410000,1.410000,1.410000,1.320000,1.320000,1.320000,1.320000,1.320000,1.320000,1.320000,1.320000,1.320000,1.320000,1.320000,1.320000,89.320000
79,1.500000,1.500000,1.500000,1.500000,1.500000,1.500000,1.500000,1.500000,1.320000,1.320000,1.320000,1.320000,1.320000,1.320000,1.320000,1.320000,1.320000,1.320000,1.320000,89.320000
80,1.500000,1.500000,1.500000,1.500000,1.500000,1.500000,1.500000,1.500000,1.500000,1.500000,1.500000,1.500000,1.500000,1.500000,1.500000,1.500000,1.500000,1.410000,1.410000,95.410000
81,1.500000,1.500000,1.500000,1.500000,1.500000,1.500000,1.500000,1.500000,1.500000,1.500000,1.410000,1.410000,1.410000,1.410000,1.410000,1.410000,1.410000,1.410000,1.410000,95.410000
82,1.500000,1.500000,1.500000,1.500000,1.500000,1.500000,1.500000,1.500000,1.500000,1.500000,1.500000,1.500000,1.500000,1.500000,1.500000,1.500000,1.500000,1.500000,1.500000,101.500000
83,1.500000,1.500000,1.410000,1.410000,1.410000,1.410000,1.410000,1.320000,1.320000,1.140000,1.140000,1.140000,1.140000,1.140000,1.140000,1.140000,1.140000,1.140000,1.140000,71.050000
84,1.500000,1.500000,1.500000,1.500000,1.500000,1.500000,1.500000,1.500000,1.500000,1.500000,1.500000,1.500000,1.500000,1.500000,1.500000,1.500000,1.500000,1.500000,1.500000,101.500000
85,1.500000,1.500000,1.500000,1.500000,1.500000,1.500000,1.500000,1.500000,1.500000,1.500000,1.500000,1.500000,1.500000,1.500000,1.500000,1.500000,1.500000,1.500000,1.500000,101.500000
86,1.500000,1.500000,1.500000,1.500000,1.500000,1.500000,1.500000,1.500000,1.500000,1.500000,1.500000,1.500000,1.500000,1.410000,1.410000,1.410000,1.410000,1.410000,1.410000,95.410000
87,1.500000,1.500000,1.410000,1.410000,1.410000,1.410000,1.410000,1.410000,1.410000,1.320000,1.320000,1.320000,1.320000,1.320000,1.320000,1.320000,1.320000,1.320000,1.320000,83.230000
88,1.410000,1.410000,1.410000,1.410000,1.410000,1.320000,1.320000,1.320000,1.320000,1.320000,1.320000,1.320000,1.320000,1.320000,1.230000,1.230000,1.230000,1.140000,1.140000,77.140000
89,1.500000,1.500000,1.500000,1.500000,1.500000,1.500000,1.500000,1.500000,1.500000,1.500000,1.500000,1.500000,1.500000,1.500000,1.500000,1.500000,1.500000,1.500000,1.500000,95.410000
90,1.500000,1.500000,1.500000,1.500000,1.500000,1.500000,1.500000,1.500000,1.500000,1.500000,1.500000,1.500000,1.500000,1.500000,1.500000,1.500000,1.500000,1.500000,1.500000,101.500000
91,1.500000,1.500000,1.500000,1.500000,1.410000,1.410000,1.410000,1.410000,1.410000,1.410000,1.410000,1.410000,1.410000,1.410000,1.410000,1.320000,1.320000,1.320000,1.320000,89.320000
92,1.500000,1.500000,1.500000,1.500000,1.500000,1.320000,1.320000,1.320000,1.320000,1.320000,1.320000,1.320000,1.320000,1.320000,1.320000,1.320000,1.320000,1.320000,1.320000,89.320000
93,1.500000,1.500000,1.410000,1.410000,1.410000,1.410000,1.410000,1.410000,1.230000,1.230000,1.230000,1.230000,1.140000,1.140000,1.140000,1.140000,1.140000,1.140000,1.140000,77.140000
94,1.410000,1.410000,1.410000,1.320000,1.230000,1.230000,1.230000,1.230000,1.230000,1.230000,1.230000,1.230000,1.230000,1.230000,1.230000,1.230000,1.230000,1.230000,1.230000,77.140000
95,1.500000,1.500000,1.500000,1.500000,1.500000,1.500000,1.500000,1.500000,1.500000,1.500000,1.500000,1.410000,1.410000,1.320000,1.320000,1.320000,1.320000,1.320000,1.320000,89.320000
96,1.410000,1.410000,1.410000,1.410000,1.410000,1.410000,1.410000,1.320000,1.320000,1.320000,1.320000,1.230000,1.230000,1.230000,1.230000,1.230000,1.230000,1.230000,1.230000,83.230000
97,1.500000,1.500000,1.500000,1.500000,1.500000,1.500000,1.500000,1.500000,1.500000,1.500000,1.500000,1.500000,1.500000,1.500000,1.500000,1.500000,1.500000,1.500000,1.500000,101.500000
98,1.500000,1.410000,1.410000,1.410000,1.410000,1.410000,1.320000,1.320000,1.320000,1.320000,1.320000,1.320000,1.320000,1.320000,1.320000,1.320000,1.320000,1.320000,1.320000,89.320000
99,1.500000,1.500000,1.500000,1.500000,1.500000,1.500000,1.500000,1.500000,1.410000,1.410000,1.410000,1.410000,1.410000,1.410000,1.410000,1.410000,1.410000,1.410000,1.410000,95.410000
100,1.500000,1.500000,1.410000,1.410000,1.410000,1.410000,1.410000,1.410000,1.410000,1.410000,1.410000,1.410000,1.410000,1.410000,1.410000,1.410000,1.410000,1.410000,1.410000,95.410000
101,1.500000,1.500000,1.500000,1.500000,1.500000,1.500000,1.500000,1.500000,1.500000,1.410000,1.410000,1.410000,1.410000,1.410000,1.410000,1.410000,1.410000,1.410000,1.410000,95.410000
102,1.500000,1.500000,1.500000,1.500000,1.500000,1.500000,1.500000,1.500000,1.500000,1.410000,1.410000,1.410000,1.410000,1.410000,1.410000,1.410000,1.410000,1.410000,1.410000,95.410000
103,1.500000,1.410000,1.410000,1.410000,1.320000,1.230000,1.230000,1.230000,1.230000,1.230000,1.230000,1.230000,1.230000,1.230000,1.230000,1.230000,1.230000,1.230000,1.140000,77.140000
104,1.500000,1.500000,1.500000,1.500000,1.500000,1.500000,1.500000,1.500000,1.500000,1.500000,1.500000,1.410000,1.410000,1.410000,1.410000,1.410000,1.410000,1.410000,1.410000,95.410000
105,1.500000,1.500000,1.500000,1.500000,1.500000,1.500000,1.500000,1.500000,1.500000,1.500000,1.500000,1.500000,1.500000,1.500000,1.500000,1.500000,1.500000,1.500000,1.500000,101.500000
106,1.500000,1.500000,1.500000,1.500000,1.500000,1.500000,1.500000,1.500000,1.500000,1.500000,1.500000,1.500000,1.500000,1.500000,1.410000,1.410000,1.410000,1.410000,1.410000,95.410000
107,1.500000,1.500000,1.500000,1.500000,1.500000,1.500000,1.500000,1.500000,1.500000,1.500000,1.500000,1.500000,1.500000,1.500000,1.500000,1.410000,1.410000,1.410000,1.410000,95.410000
108,1.500000,1.500000,1.500000,1.500000,1.500000,1.410000,1.320000,1.320000,1.320000,1.320000,1.320000,1.320000,1.230000,1.230000,1.230000,1.230000,1.230000,1.230000,1.140000,77.140000
109,1.500000,1.500000,1.500000,1.500000,1.500000,1.500000,1.500000,1.500000,1.500000,1.500000,1.500000,1.500000,1.500000,1.500000,1.500000,1.500000,1.500000,1.500000,1.500000,101.500000
110,1.500000,1.500000,1.500000,1.500000,1.410000,1.410000,1.320000,1.320000,1.320000,1.320000,1.320000,1.320000,1.320000,1.320000,1.320000,1.320000,1.320000,1.320000,1.320000,89.320000
111,1.500000,1.500000,1.500000,1.500000,1.500000,1.500000,1.500000,1.500000,1.410000,1.410000,1.320000,1.320000,1.320000,1.320000,1.320000,1.320000,1.320000,1.320000,1.320000,89.320000
112,1.500000,1.500000,1.500000,1.500000,1.500000,1.500000,1.500000,1.500000,1.500000,1.500000,1.500000,1.410000,1.410000,1.410000,1.410000,1.410000,1.320000,1.320000,1.320000,89.320000
113,1.500000,1.500000,1.500000,1.500000,1.500000,1.500000,1.500000,1.500000,1.500000,1.500000,1.500000,1.500000,1.410000,1.410000,1.410000,1.410000,1.410000,1.410000,1.410000,95.410000
114,1.410000,1.320000,1.320000,1.320000,1.320000,1.140000,1.140000,1.140000,1.140000,1.140000,1.050000,1.050000,1.050000,1.050000,1.050000,1.050000,1.050000,1.050000,1.050000,71.050000
115,1.500000,1.500000,1.500000,1.500000,1.500000,1.500000,1.500000,1.500000,1.500000,1.500000,1.500000,1.500000,1.500000,1.500000,1.410000,1.410000,1.410000,1.410000,1.410000,95.410000
116,1.500000,1.500000,1.500000,1.500000,1.410000,1.410000,1.410000,1.410000,1.410000,1.410000,1.410000,1.410000,1.410000,1.410000,1.410000,1.320000,1.320000,1.320000,1.320000,89.320000
117,1.500000,1.500000,1.500000,1.500000,1.500000,1.500000,1.500000,1.500000,1.500000,1.500000,1.500000,1.500000,1.500000,1.500000,1.410000,1.410000,1.410000,1.410000,1.410000,95.410000
118,1.500000,1.500000,1.500000,1.410000,1.410000,1.410000,1.410000,1.410000,1.410000,1.320000,1.320000,1.230000,1.230000,1.230000,1.230000,1.230000,1.230000,1.140000,1.140000,77.140000
119,1.500000,1.500000,1.500000,1.410000,1.410000,1.410000,1.410000,1.410000,1.410000,1.320000,1.320000,1.320000,1.320000,1.320000,1.320000,1.140000,1.140000,1.140000,1.140000,77.140000
120,1.500000,1.500000,1.500000,1.500000,1.500000,1.500000,1.410000,1.410000,1.320000,1.320000,1.320000,1.320000,1.320000,1.320000,1.230000,1.230000,1.230000,1.230000,1.230000,83.230000
121,1.500000,1.500000,1.500000,1.500000,1.500000,1.500000,1.500000,1.500000,1.410000,1.410000,1.320000,1.320000,1.320000,1.320000,1.320000,1.320000,1.320000,1.320000,1.320000,89.320000
122,1.500000,1.500000,1.500000,1.500000,1.500000,1.500000,1.500000,1.500000,1.500000,1.500000,1.500000,1.500000,1.500000,1.500000,1.500000,1.500000,1.500000,1.500000,1.500000,101.500000
123,1.500000,1.500000,1.500000,1.500000,1.500000,1.500000,1.500000,1.500000,1.500000,1.500000,1.500000,1.500000,1.500000,1.500000,1.500000,1.500000,1.500000,1.500000,1.500000,101.500000
124,1.500000,1.500000,1.500000,1.500000,1.500000,1.410000,1.410000,1.410000,1.320000,1.230000,1.140000,1.140000,1.140000,1.140000,1.050000,1.050000,1.050000,1.050000,1.050000,71.050000
125,1.500000,1.500000,1.500000,1.500000,1.500000,1.500000,1.500000,1.500000,1.500000,1.500000,1.500000,1.500000,1.500000,1.500000,1.500000,1.500000,1.500000,1.500000,1.500000,101.500000
126,1.500000,1.500000,1.500000,1.500000,1.500000,1.500000,1.410000,1.410000,1.410000,1.410000,1.320000,1.230000,1.230000,1.230000,1.140000,1.140000,1.140000,1.050000,1.050000,64.960000
127,1.500000,1.410000,1.410000,1.320000,1.320000,1.320000,1.320000,1.320000,1.320000,1.320000,1.320000,1.320000,1.320000,1.320000,1.230000,1.230000,1.230000,1.230000,1.230000,83.230000
128,1.500000,1.500000,1.500000,1.500000,1.500000,1.500000,1.500000,1.500000,1.500000,1.500000,1.500000,1.500000,1.410000,1.410000,1.410000,1.410000,1.320000,1.320000,1.230000,83.230000
129,1.500000,1.500000,1.500000,1.500000,1.500000,1.500000,1.500000,1.410000,1.410000,1.410000,1.410000,1.410000,1.410000,1.410000,1.410000,1.410000,1.410000,1.410000,1.410000,95.410000
130,1.500000,1.410000,1.410000,1.410000,1.320000,1.320000,1.320000,1.320000,1.320000,1.320000,1.320000,1.320000,1.320000,1.320000,1.320000,1.320000,1.320000,1.320000,1.320000,89.320000
131,1.500000,1.500000,1.500000,1.500000,1.500000,1.500000,1.500000,1.500000,1.500000,1.500000,1.500000,1.500000,1.500000,1.410000,1.410000,1.410000,1.410000,1.410000,1.410000,95.410000
132,1.500000,1.410000,1.410000,1.410000,1.410000,1.410000,1.410000,1.410000,1.410000,1.320000,1.320000,1.320000,1.230000,1.230000,1.230000,1.230000,1.230000,1.230000,1.230000,83.230000
133,1.500000,1.500000,1.410000,1.410000,1.410000,1.410000,1.320000,1.320000,1.320000,1.320000,1.320000,1.320000,1.320000,1.320000,1.320000,1.320000,1.320000,1.320000,1.320000,89.320000
134,1.500000,1.500000,1.500000,1.500000,1.500000,1.500000,1.500000,1.500000,1.500000,1.500000,1.500000,1.500000,1.500000,1.500000,1.500000,1.500000,1.500000,1.500000,1.500000,101.500000
135,1.500000,1.500000,1.500000,1.500000,1.500000,1.500000,1.500000,1.500000,1.500000,1.500000,1.500000,1.500000,1.500000,1.500000,1.500000,1.500000,1.500000,1.500000,1.500000,101.500000
136,1.500000,1.500000,1.500000,1.500000,1.500000,1.500000,1.500000,1.500000,1.500000,1.500000,1.500000,1.500000,1.500000,1.500000,1.500000,1.500000,1.500000,1.500000,1.500000,101.500000
137,1.500000,1.500000,1.500000,1.500000,1.500000,1.500000,1.500000,1.500000,1.500000,1.410000,1.410000,1.410000,1.320000,1.320000,1.320000,1.320000,1.320000,1.320000,1.320000,89.320000
138,1.500000,1.500000,1.500000,1.500000,1.500000,1.500000,1.500000,1.500000,1.500000,1.500000,1.500000,1.500000,1.500000,1.500000,1.500000,1.500000,1.500000,1.500000,1.500000,101.500000
139,1.500000,1.500000,1.500000,1.500000,1.500000,1.500000,1.500000,1.500000,1.500000,1.500000,1.500000,1.500000,1.500000,1.500000,1.500000,1.500000,1.410000,1.410000,1.410000,89.320000
140,1.320000,1.230000,1.230000,1.140000,1.050000,1.050000,1.050000,1.050000,0.960000,0.960000,0.870000,0.870000,0.870000,0.870000,0.870000,0.870000,0.870000,0.870000,0.870000,58.870000
141,1.500000,1.500000,1.500000,1.410000,1.410000,1.410000,1.410000,1.410000,1.410000,1.410000,1.410000,1.410000,1.410000,1.410000,1.410000,1.410000,1.410000,1.410000,1.410000,89.320000
142,1.500000,1.500000,1.500000,1.500000,1.500000,1.500000,1.500000,1.500000,1.500000,1.500000,1.500000,1.410000,1.410000,1.410000,1.410000,1.410000,1.410000,1.410000,1.410000,95.410000
143,1.500000,1.500000,1.500000,1.500000,1.500000,1.500000,1.500000,1.500000,1.500000,1.500000,1.500000,1.500000,1.500000,1.500000,1.500000,1.500000,1.500000,1.500000,1.500000,101.500000
144,1.410000,1.410000,1.410000,1.410000,1.410000,1.410000,1.320000,1.320000,1.320000,1.320000,1.320000,1.320000,1.320000,1.140000,1.140000,1.140000,1.140000,1.140000,1.140000,71.050000
145,1.500000,1.500000,1.500000,1.500000,1.500000,1.500000,1.500000,1.500000,1.500000,1.500000,1.500000,1.500000,1.500000,1.500000,1.500000,1.500000,1.500000,1.500000,1.500000,101.500000
146,1.500000,1.500000,1.500000,1.500000,1.500000,1.500000,1.500000,1.500000,1.500000,1.500000,1.500000,1.500000,1.500000,1.500000,1.500000,1.500000,1.500000,1.500000,1.500000,101.500000
147,1.500000,1.500000,1.500000,1.500000,1.500000,1.500000,1.500000,1.500000,1.500000,1.500000,1.500000,1.500000,1.500000,1.410000,1.410000,1.410000,1.410000,1.410000,1.410000,95.410000
148,1.410000,1.410000,1.410000,1.410000,1.410000,1.410000,1.410000,1.410000,1.410000,1.320000,1.320000,1.320000,1.320000,1.230000,1.230000,1.230000,1.230000,1.230000,1.230000,83.230000
149,1.500000,1.500000,1.500000,1.500000,1.500000,1.500000,1.500000,1.500000,1.500000,1.500000,1.500000,1.500000,1.500000,1.500000,1.500000,1.410000,1.410000,1.410000,1.320000,89.320000
150,1.500000,1.500000,1.410000,1.410000,1.410000,1.410000,1.410000,1.410000,1.410000,1.410000,1.410000,1.410000,1.410000,1.410000,1.410000,1.410000,1.410000,1.410000,1.320000,89.320000
151,1.500000,1.500000,1.500000,1.500000,1.500000,1.500000,1.410000,1.410000,1.410000,1.410000,1.410000,1.410000,1.410000,1.410000,1.410000,1.410000,1.410000,1.410000,1.410000,95.410000
152,1.500000,1.500000,1.500000,1.500000,1.500000,1.500000,1.410000,1.410000,1.320000,1.320000,1.320000,1.320000,1.320000,1.320000,1.230000,1.230000,1.230000,1.230000,1.230000,83.230000
153,1.410000,1.410000,1.320000,1.320000,1.320000,1.320000,1.320000,1.230000,1.230000,1.230000,1.230000,1.140000,1.140000,1.140000,1.140000,1.140000,1.140000,1.140000,1.140000,77.140000
154,1.500000,1.500000,1.500000,1.500000,1.500000,1.500000,1.500000,1.500000,1.500000,1.500000,1.500000,1.500000,1.500000,1.500000,1.500000,1.500000,1.500000,1.500000,1.500000,101.500000
155,1.500000,1.500000,1.500000,1.500000,1.500000,1.500000,1.500000,1.500000,1.410000,1.410000,1.410000,1.320000,1.230000,1.140000,1.140000,1.140000,1.140000,1.140000,1.140000,71.050000
156,1.500000,1.500000,1.500000,1.500000,1.500000,1.500000,1.500000,1.500000,1.500000,1.500000,1.500000,1.500000,1.500000,1.500000,1.500000,1.500000,1.500000,1.500000,1.410000,95.410000
157,1.500000,1.500000,1.500000,1.500000,1.500000,1.500000,1.500000,1.500000,1.500000,1.500000,1.500000,1.500000,1.500000,1.500000,1.500000,1.500000,1.500000,1.500000,1.500000,101.500000
158,1.500000,1.500000,1.500000,1.500000,1.500000,1.500000,1.500000,1.500000,1.500000,1.500000,1.500000,1.500000,1.500000,1.500000,1.500000,1.500000,1.500000,1.500000,1.500000,101.500000
159,1.500000,1.500000,1.500000,1.500000,1.500000,1.410000,1.410000,1.410000,1.410000,1.410000,1.410000,1.320000,1.320000,1.230000,1.230000,1.230000,1.230000,1.230000,1.230000,83.230000
160,1.500000,1.500000,1.500000,1.500000,1.500000,1.500000,1.500000,1.500000,1.500000,1.500000,1.500000,1.500000,1.500000,1.500000,1.500000,1.410000,1.320000,1.320000,1.320000,89.320000
161,1.500000,1.500000,1.500000,1.500000,1.500000,1.500000,1.500000,1.500000,1.500000,1.500000,1.410000,1.320000,1.320000,1.320000,1.320000,1.320000,1.320000,1.320000,1.320000,89.320000
162,1.500000,1.500000,1.500000,1.500000,1.500000,1.500000,1.500000,1.500000,1.500000,1.500000,1.500000,1.500000,1.500000,1.500000,1.500000,1.500000,1.500000,1.500000,1.500000,101.500000
163,1.500000,1.500000,1.500000,1.500000,1.500000,1.500000,1.500000,1.410000,1.320000,1.320000,1.230000,1.230000,1.230000,1.230000,1.230000,1.140000,1.140000,1.140000,1.140000,77.140000
164,1.500000,1.500000,1.500000,1.500000,1.500000,1.500000,1.500000,1.500000,1.500000,1.500000,1.500000,1.500000,1.500000,1.500000,1.500000,1.500000,1.500000,1.500000,1.320000,89.320000
165,1.500000,1.500000,1.500000,1.500000,1.500000,1.500000,1.500000,1.500000,1.500000,1.500000,1.500000,1.500000,1.410000,1.410000,1.410000,1.410000,1.410000,1.410000,1.320000,89.320000
166,1.500000,1.500000,1.500000,1.500000,1.410000,1.410000,1.410000,1.410000,1.410000,1.410000,1.410000,1.410000,1.320000,1.320000,1.320000,1.320000,1.320000,1.320000,1.320000,89.320000
167,1.500000,1.500000,1.500000,1.500000,1.500000,1.500000,1.500000,1.500000,1.500000,1.500000,1.500000,1.500000,1.500000,1.500000,1.500000,1.500000,1.500000,1.500000,1.500000,101.500000
168,1.500000,1.500000,1.500000,1.500000,1.500000,1.500000,1.500000,1.410000,1.410000,1.410000,1.410000,1.410000,1.410000,1.410000,1.410000,1.410000,1.410000,1.410000,1.410000,95.410000
169,1.500000,1.500000,1.500000,1.500000,1.500000,1.500000,1.500000,1.500000,1.500000,1.410000,1.410000,1.410000,1.410000,1.410000,1.410000,1.410000,1.410000,1.410000,1.410000,95.410000
170,1.500000,1.500000,1.500000,1.500000,1.500000,1.500000,1.500000,1.500000,1.500000,1.500000,1.500000,1.410000,1.410000,1.410000,1.410000,1.410000,1.410000,1.410000,1.410000,95.410000
171,1.500000,1.500000,1.500000,1.500000,1.410000,1.320000,1.230000,1.230000,1.230000,1.230000,1.230000,1.230000,1.230000,1.230000,1.230000,1.230000,1.230000,1.230000,1.230000,83.230000
172,1.500000,1.500000,1.500000,1.500000,1.500000,1.500000,1.500000,1.500000,1.500000,1.500000,1.500000,1.500000,1.500000,1.500000,1.500000,1.500000,1.500000,1.500000,1.500000,101.500000
173,1.500000,1.500000,1.500000,1.500000,1.500000,1.500000,1.500000,1.500000,1.500000,1.500000,1.500000,1.500000,1.500000,1.500000,1.500000,1.500000,1.500000,1.500000,1.500000,101.500000
174,1.500000,1.500000,1.500000,1.500000,1.500000,1.320000,1.230000,1.140000,1.140000,1.140000,1.140000,1.140000,1.050000,1.050000,1.050000,1.050000,0.960000,0.960000,0.960000,64.960000
175,1.500000,1.500000,1.500000,1.500000,1.500000,1.500000,1.500000,1.500000,1.500000,1.500000,1.500000,1.500000,1.500000,1.500000,1.500000,1.500000,1.410000,1.410000,1.410000,95.410000
176,1.500000,1.500000,1.500000,1.500000,1.410000,1.410000,1.410000,1.410000,1.410000,1.410000,1.410000,1.410000,1.410000,1.410000,1.410000,1.410000,1.320000,1.320000,1.230000,83.230000
177,1.500000,1.500000,1.500000,1.500000,1.500000,1.500000,1.500000,1.500000,1.500000,1.500000,1.500000,1.500000,1.500000,1.500000,1.500000,1.500000,1.500000,1.500000,1.500000,101.500000
178,1.500000,1.500000,1.500000,1.500000,1.500000,1.500000,1.500000,1.500000,1.500000,1.500000,1.500000,1.500000,1.500000,1.500000,1.500000,1.500000,1.500000,1.500000,1.410000,95.410000
179,1.500000,1.500000,1.500000,1.500000,1.500000,1.500000,1.410000,1.320000,1.230000,1.230000,1.230000,1.230000,1.230000,1.230000,1.140000,1.140000,1.140000,1.140000,1.140000,77.140000
180,1.500000,1.500000,1.500000,1.500000,1.500000,1.500000,1.500000,1.410000,1.410000,1.410000,1.410000,1.410000,1.410000,1.410000,1.410000,1.410000,1.410000,1.410000,1.410000,95.410000
181,1.500000,1.500000,1.500000,1.500000,1.500000,1.500000,1.410000,1.410000,1.410000,1.410000,1.410000,1.410000,1.410000,1.410000,1.410000,1.410000,1.410000,1.410000,1.410000,95.410000
182,1.500000,1.410000,1.410000,1.410000,1.320000,1.320000,1.320000,1.320000,1.320000,1.230000,1.230000,1.230000,1.230000,1.230000,1.230000,1.230000,1.140000,1.140000,1.140000,77.140000
183,1.500000,1.500000,1.500000,1.500000,1.500000,1.500000,1.500000,1.500000,1.410000,1.410000,1.410000,1.410000,1.410000,1.320000,1.320000,1.320000,1.320000,1.320000,1.320000,77.140000
184,1.500000,1.500000,1.500000,1.500000,1.410000,1.410000,1.410000,1.410000,1.410000,1.410000,1.410000,1.410000,1.410000,1.410000,1.410000,1.410000,1.410000,1.410000,1.410000,95.410000
185,1.500000,1.500000,1.500000,1.410000,1.410000,1.320000,1.320000,1.320000,1.320000,1.320000,1.320000,1.320000,1.320000,1.320000,1.320000,1.320000,1.320000,1.320000,1.320000,89.320000
186,1.500000,1.500000,1.500000,1.500000,1.500000,1.500000,1.500000,1.500000,1.500000,1.500000,1.500000,1.500000,1.500000,1.500000,1.500000,1.500000,1.500000,1.500000,1.500000,101.500000
187,1.500000,1.500000,1.500000,1.500000,1.500000,1.500000,1.500000,1.500000,1.500000,1.410000,1.410000,1.410000,1.410000,1.410000,1.320000,1.320000,1.320000,1.320000,1.320000,89.320000
188,1.500000,1.500000,1.410000,1.410000,1.410000,1.410000,1.410000,1.410000,1.410000,1.410000,1.410000,1.320000,1.320000,1.320000,1.320000,1.320000,1.320000,1.320000,1.320000,89.320000
189,1.500000,1.500000,1.500000,1.500000,1.500000,1.500000,1.500000,1.500000,1.500000,1.500000,1.500000,1.500000,1.500000,1.500000,1.500000,1.500000,1.500000,1.500000,1.500000,101.500000
190,1.500000,1.500000,1.500000,1.500000,1.500000,1.500000,1.500000,1.500000,1.500000,1.500000,1.500000,1.500000,1.500000,1.500000,1.500000,1.500000,1.500000,1.500000,1.500000,101.500000
191,1.500000,1.500000,1.500000,1.500000,1.500000,1.500000,1.500000,1.500000,1.500000,1.500000,1.500000,1.500000,1.500000,1.500000,1.500000,1.500000,1.500000,1.320000,1.320000,89.320000
192,1.500000,1.500000,1.500000,1.500000,1.410000,1.410000,1.410000,1.410000,1.410000,1.410000,1.410000,1.410000,1.410000,1.410000,1.410000,1.410000,1.320000,1.320000,1.320000,89.320000
193,1.500000,1.500000,1.500000,1.410000,1.410000,1.410000,1.410000,1.410000,1.410000,1.410000,1.320000,1.320000,1.320000,1.320000,1.320000,1.320000,1.320000,1.320000,1.320000,89.320000
194,1.500000,1.500000,1.500000,1.500000,1.500000,1.500000,1.500000,1.500000,1.500000,1.500000,1.500000,1.500000,1.500000,1.500000,1.500000,1.500000,1.500000,1.500000,1.500000,101.500000
195,1.500000,1.500000,1.500000,1.500000,1.500000,1.500000,1.500000,1.500000,1.500000,1.500000,1.500000,1.500000,1.500000,1.500000,1.500000,1.410000,1.410000,1.410000,1.410000,95.410000
196,1.500000,1.500000,1.500000,1.500000,1.500000,1.410000,1.410000,1.410000,1.410000,1.410000,1.410000,1.410000,1.320000,1.320000,1.320000,1.230000,1.230000,1.230000,1.230000,83.230000
197,1.500000,1.500000,1.500000,1.500000,1.500000,1.500000,1.500000,1.500000,1.500000,1.500000,1.500000,1.500000,1.500000,1.500000,1.500000,1.500000,1.500000,1.500000,1.500000,101.500000
198,1.500000,1.500000,1.500000,1.500000,1.500000,1.410000,1.410000,1.410000,1.410000,1.320000,1.320000,1.320000,1.320000,1.320000,1.320000,1.320000,1.320000,1.320000,1.320000,83.230000
199,1.500000,1.320000,1.320000,1.320000,1.320000,1.320000,1.320000,1.320000,1.320000,1.230000,1.230000,1.230000,1.230000,1.230000,1.230000,1.230000,1.230000,1.140000,1.140000,77.140000
200,1.500000,1.500000,1.500000,1.410000,1.410000,1.410000,1.410000,1.410000,1.410000,1.410000,1.410000,1.410000,1.410000,1.410000,1.410000,1.410000,1.410000,1.410000,1.410000,95.410000
201,1.500000,1.500000,1.410000,1.410000,1.410000,1.410000,1.410000,1.410000,1.410000,1.410000,1.410000,1.320000,1.320000,1.320000,1.320000,1.320000,1.320000,1.320000,1.320000,89.320000
202,1.410000,1.410000,1.410000,1.410000,1.410000,1.410000,1.410000,1.410000,1.410000,1.410000,1.410000,1.410000,1.410000,1.410000,1.410000,1.410000,1.410000,1.410000,1.320000,89.320000
203,1.500000,1.500000,1.500000,1.500000,1.500000,1.500000,1.500000,1.500000,1.500000,1.500000,1.500000,1.500000,1.500000,1.500000,1.500000,1.500000,1.500000,1.500000,1.500000,101.500000
204,1.500000,1.500000,1.500000,1.500000,1.500000,1.500000,1.320000,1.320000,1.320000,1.230000,1.230000,1.230000,1.230000,1.140000,1.140000,1.140000,1.140000,1.140000,1.140000,77.140000
205,1.500000,1.500000,1.500000,1.500000,1.500000,1.500000,1.500000,1.500000,1.410000,1.410000,1.410000,1.230000,1.230000,1.230000,1.230000,1.140000,1.050000,1.050000,1.050000,71.050000
206,1.500000,1.500000,1.500000,1.500000,1.500000,1.500000,1.500000,1.500000,1.500000,1.500000,1.500000,1.500000,1.500000,1.500000,1.500000,1.500000,1.500000,1.500000,1.500000,101.500000
207,1.500000,1.500000,1.410000,1.410000,1.410000,1.410000,1.410000,1.410000,1.320000,1.320000,1.320000,1.320000,1.320000,1.320000,1.320000,1.320000,1.320000,1.320000,1.320000,89.320000
208,1.500000,1.500000,1.500000,1.500000,1.500000,1.500000,1.500000,1.500000,1.500000,1.500000,1.500000,1.500000,1.500000,1.500000,1.500000,1.500000,1.500000,1.500000,1.500000,101.500000
209,1.500000,1.500000,1.500000,1.500000,1.500000,1.500000,1.500000,1.500000,1.500000,1.500000,1.500000,1.500000,1.500000,1.500000,1.500000,1.500000,1.500000,1.500000,1.500000,101.500000
210,1.320000,1.320000,1.230000,1.230000,1.140000,1.140000,1.140000,1.140000,1.140000,1.140000,1.140000,1.140000,1.140000,1.140000,1.140000,1.050000,1.050000,1.050000,1.050000,64.960000
211,1.500000,1.500000,1.500000,1.500000,1.500000,1.500000,1.500000,1.500000,1.410000,1.410000,1.410000,1.410000,1.320000,1.320000,1.320000,1.320000,1.320000,1.320000,1.320000,89.320000
212,1.500000,1.410000,1.410000,1.410000,1.410000,1.410000,1.410000,1.410000,1.410000,1.410000,1.410000,1.410000,1.410000,1.410000,1.410000,1.320000,1.320000,1.320000,1.230000,83.230000
213,1.500000,1.410000,1.410000,1.410000,1.320000,1.140000,1.050000,1.050000,1.050000,1.050000,0.960000,0.960000,0.960000,0.960000,0.870000,0.870000,0.870000,0.870000,0.870000,58.870000
214,1.500000,1.500000,1.500000,1.500000,1.500000,1.500000,1.500000,1.410000,1.410000,1.230000,1.230000,1.230000,1.230000,1.230000,1.140000,1.140000,1.140000,1.140000,1.140000,77.140000
215,1.500000,1.500000,1.500000,1.500000,1.320000,1.320000,1.320000,1.230000,1.230000,1.140000,1.140000,1.140000,1.140000,1.140000,1.140000,1.140000,1.140000,1.140000,1.140000,77.140000
216,1.500000,1.410000,1.410000,1.410000,1.230000,1.140000,1.050000,0.960000,0.960000,0.960000,0.870000,0.870000,0.870000,0.870000,0.870000,0.870000,0.870000,0.870000,0.870000,58.870000
217,1.500000,1.500000,1.500000,1.500000,1.500000,1.500000,1.500000,1.500000,1.500000,1.500000,1.500000,1.500000,1.500000,1.500000,1.500000,1.500000,1.500000,1.500000,1.500000,101.500000
218,1.500000,1.410000,1.410000,1.410000,1.410000,1.410000,1.410000,1.410000,1.320000,1.320000,1.320000,1.320000,1.230000,1.230000,1.230000,1.140000,1.140000,1.140000,1.140000,77.140000
219,1.500000,1.410000,1.410000,1.410000,1.410000,1.410000,1.410000,1.410000,1.320000,1.320000,1.230000,1.230000,1.230000,1.230000,1.230000,1.230000,1.230000,1.230000,1.230000,83.230000
220,1.500000,1.500000,1.500000,1.500000,1.500000,1.500000,1.500000,1.500000,1.500000,1.500000,1.410000,1.410000,1.410000,1.410000,1.410000,1.410000,1.410000,1.410000,1.410000,95.410000
221,1.500000,1.500000,1.500000,1.500000,1.500000,1.410000,1.410000,1.410000,1.410000,1.410000,1.410000,1.410000,1.410000,1.410000,1.320000,1.320000,1.320000,1.230000,1.230000,83.230000
222,1.500000,1.500000,1.500000,1.500000,1.500000,1.500000,1.500000,1.500000,1.410000,1.410000,1.410000,1.410000,1.410000,1.320000,1.230000,1.230000,1.230000,1.140000,1.140000,71.050000
223,1.320000,1.230000,1.140000,0.960000,0.870000,0.870000,0.870000,0.870000,0.870000,0.870000,0.870000,0.870000,0.870000,0.870000,0.870000,0.870000,0.870000,0.870000,0.870000,58.870000
224,1.500000,1.500000,1.500000,1.410000,1.320000,1.320000,1.320000,1.320000,1.320000,1.320000,1.320000,1.320000,1.320000,1.320000,1.320000,1.230000,1.230000,1.230000,1.140000,71.050000
225,1.500000,1.500000,1.500000,1.500000,1.500000,1.500000,1.410000,1.410000,1.410000,1.410000,1.410000,1.410000,1.410000,1.410000,1.410000,1.410000,1.410000,1.410000,1.410000,95.410000
226,1.500000,1.500000,1.500000,1.500000,1.500000,1.500000,1.500000,1.500000,1.500000,1.500000,1.500000,1.500000,1.500000,1.500000,1.500000,1.500000,1.500000,1.500000,1.410000,95.410000
227,1.500000,1.500000,1.500000,1.500000,1.500000,1.500000,1.500000,1.500000,1.500000,1.500000,1.500000,1.500000,1.500000,1.500000,1.500000,1.500000,1.500000,1.500000,1.500000,101.500000
228,1.500000,1.500000,1.500000,1.500000,1.500000,1.500000,1.500000,1.500000,1.500000,1.500000,1.500000,1.500000,1.410000,1.410000,1.320000,1.320000,1.320000,1.320000,1.320000,89.320000
229,1.500000,1.410000,1.410000,1.410000,1.410000,1.410000,1.410000,1.410000,1.410000,1.410000,1.410000,1.410000,1.410000,1.320000,1.320000,1.320000,1.320000,1.320000,1.320000,89.320000
230,1.500000,1.500000,1.500000,1.500000,1.500000,1.500000,1.500000,1.500000,1.500000,1.500000,1.500000,1.500000,1.500000,1.500000,1.500000,1.500000,1.500000,1.500000,1.500000,101.500000
231,1.500000,1.500000,1.500000,1.500000,1.500000,1.500000,1.500000,1.500000,1.500000,1.500000,1.500000,1.500000,1.500000,1.500000,1.500000,1.500000,1.500000,1.500000,1.500000,101.500000
232,1.410000,1.410000,1.320000,1.320000,1.320000,1.320000,1.320000,1.320000,1.320000,1.320000,1.320000,1.320000,1.320000,1.320000,1.320000,1.320000,1.230000,1.230000,1.140000,77.140000
233,1.500000,1.500000,1.500000,1.500000,1.500000,1.500000,1.500000,1.500000,1.500000,1.500000,1.500000,1.500000,1.410000,1.410000,1.410000,1.410000,1.320000,1.320000,1.320000,89.320000
234,1.500000,1.500000,1.500000,1.500000,1.500000,1.500000,1.500000,1.410000,1.410000,1.410000,1.410000,1.410000,1.410000,1.410000,1.410000,1.410000,1.410000,1.410000,1.320000,89.320000
235,1.500000,1.500000,1.500000,1.500000,1.500000,1.500000,1.500000,1.500000,1.500000,1.500000,1.410000,1.410000,1.410000,1.410000,1.410000,1.410000,1.410000,1.410000,1.410000,89.320000
236,1.500000,1.500000,1.500000,1.500000,1.500000,1.500000,1.500000,1.500000,1.500000,1.500000,1.500000,1.500000,1.500000,1.500000,1.500000,1.500000,1.500000,1.500000,1.500000,101.500000
237,1.500000,1.410000,1.410000,1.410000,1.410000,1.410000,1.410000,1.410000,1.410000,1.410000,1.410000,1.410000,1.410000,1.410000,1.410000,1.410000,1.410000,1.410000,1.410000,95.410000
238,1.500000,1.500000,1.500000,1.500000,1.500000,1.500000,1.500000,1.500000,1.500000,1.500000,1.500000,1.500000,1.500000,1.500000,1.500000,1.500000,1.500000,1.500000,1.500000,101.500000
239,1.500000,1.500000,1.500000,1.500000,1.500000,1.500000,1.500000,1.500000,1.500000,1.500000,1.500000,1.500000,1.500000,1.500000,1.410000,1.410000,1.410000,1.410000,1.410000,95.410000
240,1.500000,1.500000,1.500000,1.500000,1.500000,1.410000,1.320000,1.320000,1.320000,1.320000,1.320000,1.320000,1.320000,1.320000,1.320000,1.320000,1.320000,1.320000,1.320000,89.320000
241,1.410000,1.410000,1.410000,1.410000,1.410000,1.410000,1.410000,1.410000,1.410000,1.410000,1.410000,1.410000,1.410000,1.320000,1.320000,1.320000,1.320000,1.320000,1.320000,89.320000
242,1.500000,1.410000,1.320000,1.230000,1.140000,1.050000,1.050000,1.050000,1.050000,1.050000,1.050000,0.960000,0.960000,0.960000,0.960000,0.960000,0.960000,0.960000,0.960000,58.870000
243,1.500000,1.500000,1.500000,1.500000,1.500000,1.500000,1.500000,1.500000,1.410000,1.410000,1.410000,1.410000,1.410000,1.410000,1.410000,1.320000,1.320000,1.320000,1.320000,89.320000
244,1.500000,1.500000,1.500000,1.500000,1.500000,1.500000,1.500000,1.500000,1.500000,1.500000,1.500000,1.500000,1.500000,1.500000,1.500000,1.500000,1.500000,1.500000,1.500000,101.500000
245,1.500000,1.500000,1.500000,1.410000,1.410000,1.410000,1.410000,1.410000,1.410000,1.320000,1.320000,1.320000,1.320000,1.320000,1.320000,1.320000,1.320000,1.320000,1.320000,89.320000
246,1.500000,1.500000,1.500000,1.500000,1.500000,1.500000,1.500000,1.500000,1.500000,1.500000,1.500000,1.500000,1.500000,1.500000,1.500000,1.500000,1.500000,1.500000,1.500000,95.410000
247,1.320000,1.230000,1.140000,1.140000,1.140000,1.140000,1.140000,1.140000,1.140000,1.140000,1.140000,1.140000,1.140000,1.140000,1.050000,0.960000,0.960000,0.960000,0.960000,64.960000
248,1.500000,1.500000,1.410000,1.410000,1.410000,1.410000,1.410000,1.410000,1.410000,1.410000,1.410000,1.410000,1.410000,1.410000,1.410000,1.410000,1.320000,1.320000,1.320000,89.320000
249,1.500000,1.500000,1.500000,1.500000,1.500000,1.500000,1.500000,1.500000,1.410000,1.410000,1.410000,1.410000,1.410000,1.320000,1.320000,1.320000,1.320000,1.320000,1.320000,89.320000
250,1.500000,1.500000,1.500000,1.500000,1.500000,1.500000,1.500000,1.500000,1.500000,1.500000,1.500000,1.500000,1.500000,1.500000,1.500000,1.500000,1.500000,1.500000,1.500000,101.500000
251,1.500000,1.500000,1.500000,1.500000,1.500000,1.500000,1.500000,1.500000,1.500000,1.500000,1.500000,1.500000,1.500000,1.500000,1.500000,1.500000,1.500000,1.500000,1.500000,101.500000
252,1.410000,1.410000,1.410000,1.320000,1.320000,1.320000,1.320000,1.230000,1.230000,1.230000,1.230000,1.230000,1.230000,1.230000,1.140000,1.140000,1.140000,1.140000,1.140000,77.140000
253,1.500000,1.410000,1.410000,1.410000,1.320000,1.320000,1.320000,1.320000,1.230000,1.230000,1.230000,1.230000,1.230000,1.230000,1.230000,1.230000,1.230000,1.230000,1.230000,83.230000
254,1.500000,1.500000,1.500000,1.500000,1.500000,1.500000,1.500000,1.500000,1.500000,1.500000,1.500000,1.500000,1.500000,1.500000,1.500000,1.500000,1.500000,1.500000,1.500000,101.500000
255,1.500000,1.500000,1.500000,1.500000,1.500000,1.500000,1.500000,1.500000,1.500000,1.410000,1.410000,1.410000,1.410000,1.410000,1.410000,1.410000,1.410000,1.410000,1.410000,95.410000
256,1.500000,1.500000,1.500000,1.500000,1.410000,1.410000,1.410000,1.410000,1.410000,1.410000,1.410000,1.410000,1.410000,1.410000,1.410000,1.320000,1.320000,1.320000,1.320000,89.320000
257,1.500000,1.500000,1.500000,1.500000,1.500000,1.500000,1.500000,1.500000,1.500000,1.500000,1.500000,1.500000,1.500000,1.410000,1.410000,1.410000,1.410000,1.410000,1.410000,95.410000
258,1.500000,1.500000,1.500000,1.500000,1.500000,1.500000,1.500000,1.500000,1.500000,1.500000,1.500000,1.500000,1.500000,1.500000,1.500000,1.500000,1.500000,1.500000,1.500000,101.500000
259,1.500000,1.500000,1.500000,1.410000,1.410000,1.410000,1.410000,1.410000,1.410000,1.410000,1.410000,1.410000,1.410000,1.410000,1.410000,1.410000,1.410000,1.410000,1.410000,83.230000
260,1.500000,1.500000,1.500000,1.500000,1.410000,1.410000,1.410000,1.410000,1.410000,1.410000,1.410000,1.410000,1.410000,1.410000,1.410000,1.410000,1.410000,1.410000,1.410000,95.410000
261,1.500000,1.500000,1.500000,1.500000,1.500000,1.500000,1.500000,1.500000,1.500000,1.500000,1.500000,1.500000,1.500000,1.500000,1.500000,1.500000,1.500000,1.500000,1.410000,95.410000
262,1.500000,1.500000,1.500000,1.500000,1.500000,1.500000,1.500000,1.500000,1.500000,1.500000,1.500000,1.500000,1.500000,1.500000,1.500000,1.500000,1.500000,1.500000,1.500000,101.500000
263,1.410000,1.410000,1.410000,1.410000,1.410000,1.410000,1.410000,1.410000,1.410000,1.410000,1.410000,1.410000,1.410000,1.410000,1.410000,1.410000,1.410000,1.410000,1.410000,95.410000
264,1.500000,1.500000,1.500000,1.500000,1.500000,1.500000,1.500000,1.500000,1.500000,1.500000,1.500000,1.500000,1.500000,1.500000,1.500000,1.500000,1.500000,1.500000,1.500000,101.500000
265,1.500000,1.500000,1.500000,1.410000,1.410000,1.410000,1.410000,1.410000,1.410000,1.410000,1.410000,1.320000,1.320000,1.320000,1.320000,1.320000,1.320000,1.320000,1.320000,89.320000
266,1.500000,1.500000,1.410000,1.410000,1.410000,1.410000,1.320000,1.320000,1.140000,1.140000,1.140000,1.140000,1.140000,1.140000,1.140000,1.140000,1.140000,1.140000,1.140000,77.140000
267,1.500000,1.410000,1.410000,1.410000,1.410000,1.410000,1.410000,1.410000,1.410000,1.410000,1.410000,1.410000,1.410000,1.410000,1.410000,1.320000,1.320000,1.320000,1.320000,89.320000
268,1.500000,1.500000,1.500000,1.500000,1.500000,1.500000,1.410000,1.410000,1.410000,1.230000,1.230000,1.230000,1.230000,1.230000,1.230000,1.230000,1.230000,1.140000,1.050000,71.050000
269,1.410000,1.410000,1.410000,1.410000,1.410000,1.410000,1.410000,1.410000,1.410000,1.320000,1.320000,1.320000,1.320000,1.320000,1.320000,1.320000,1.320000,1.320000,1.320000,89.320000
270,1.500000,1.500000,1.410000,1.410000,1.410000,1.410000,1.410000,1.410000,1.410000,1.410000,1.410000,1.410000,1.410000,1.410000,1.410000,1.410000,1.410000,1.410000,1.410000,89.320000
271,1.500000,1.500000,1.500000,1.500000,1.500000,1.500000,1.500000,1.500000,1.500000,1.500000,1.500000,1.500000,1.500000,1.500000,1.500000,1.500000,1.410000,1.410000,1.410000,95.410000
272,1.500000,1.500000,1.500000,1.500000,1.410000,1.410000,1.410000,1.410000,1.140000,1.140000,1.140000,1.140000,1.140000,1.050000,1.050000,1.050000,1.050000,0.870000,0.870000,58.870000
273,1.500000,1.500000,1.500000,1.500000,1.500000,1.500000,1.500000,1.500000,1.500000,1.500000,1.500000,1.500000,1.500000,1.500000,1.500000,1.500000,1.500000,1.500000,1.500000,101.500000
274,1.500000,1.500000,1.500000,1.500000,1.500000,1.410000,1.410000,1.410000,1.410000,1.410000,1.410000,1.410000,1.410000,1.320000,1.320000,1.320000,1.320000,1.230000,1.230000,83.230000
275,1.500000,1.500000,1.500000,1.500000,1.500000,1.500000,1.500000,1.500000,1.500000,1.500000,1.500000,1.500000,1.500000,1.500000,1.500000,1.500000,1.410000,1.410000,1.410000,95.410000
276,1.500000,1.500000,1.500000,1.500000,1.410000,1.410000,1.410000,1.410000,1.410000,1.410000,1.410000,1.410000,1.410000,1.410000,1.410000,1.410000,1.320000,1.320000,1.320000,89.320000
277,1.500000,1.500000,1.500000,1.500000,1.500000,1.500000,1.500000,1.500000,1.500000,1.500000,1.500000,1.500000,1.500000,1.500000,1.500000,1.500000,1.500000,1.410000,1.410000,95.410000
278,1.410000,1.320000,1.230000,1.230000,1.230000,1.230000,1.230000,1.230000,1.230000,1.230000,1.230000,1.230000,1.230000,1.140000,1.140000,1.140000,1.050000,1.050000,1.050000,71.050000
279,1.500000,1.500000,1.500000,1.500000,1.500000,1.500000,1.500000,1.500000,1.500000,1.500000,1.500000,1.500000,1.500000,1.500000,1.500000,1.500000,1.500000,1.500000,1.500000,101.500000
280,1.500000,1.500000,1.500000,1.500000,1.500000,1.500000,1.500000,1.500000,1.500000,1.500000,1.500000,1.410000,1.410000,1.410000,1.410000,1.410000,1.410000,1.410000,1.410000,95.410000
281,1.500000,1.500000,1.500000,1.500000,1.500000,1.500000,1.500000,1.500000,1.500000,1.500000,1.500000,1.500000,1.500000,1.500000,1.500000,1.500000,1.500000,1.500000,1.500000,101.500000
282,1.500000,1.500000,1.410000,1.410000,1.410000,1.410000,1.410000,1.410000,1.410000,1.410000,1.410000,1.410000,1.410000,1.410000,1.410000,1.410000,1.410000,1.410000,1.410000,95.410000
283,1.500000,1.500000,1.500000,1.500000,1.500000,1.500000,1.500000,1.500000,1.500000,1.500000,1.500000,1.500000,1.500000,1.500000,1.500000,1.410000,1.410000,1.410000,1.410000,95.410000
284,1.500000,1.500000,1.500000,1.500000,1.500000,1.500000,1.500000,1.500000,1.500000,1.500000,1.500000,1.500000,1.500000,1.500000,1.500000,1.500000,1.500000,1.500000,1.500000,101.500000
285,1.500000,1.500000,1.500000,1.500000,1.500000,1.500000,1.500000,1.500000,1.500000,1.500000,1.500000,1.500000,1.500000,1.500000,1.500000,1.500000,1.500000,1.500000,1.500000,101.500000
286,1.500000,1.500000,1.500000,1.410000,1.410000,1.410000,1.410000,1.410000,1.410000,1.410000,1.410000,1.410000,1.410000,1.410000,1.410000,1.410000,1.410000,1.410000,1.410000,95.410000
287,1.500000,1.500000,1.500000,1.500000,1.500000,1.500000,1.500000,1.500000,1.500000,1.500000,1.500000,1.500000,1.410000,1.410000,1.410000,1.320000,1.320000,1.320000,1.320000,89.320000
288,1.410000,1.410000,1.320000,1.320000,1.320000,1.320000,1.320000,1.320000,1.320000,1.320000,1.320000,1.230000,1.230000,1.230000,1.230000,1.230000,1.230000,1.230000,1.230000,83.230000
289,1.500000,1.500000,1.500000,1.500000,1.500000,1.500000,1.500000,1.500000,1.500000,1.500000,1.500000,1.500000,1.500000,1.500000,1.500000,1.500000,1.500000,1.410000,1.410000,95.410000
290,1.500000,1.500000,1.500000,1.500000,1.500000,1.500000,1.500000,1.500000,1.500000,1.500000,1.500000,1.500000,1.500000,1.500000,1.500000,1.500000,1.500000,1.500000,1.500000,101.500000
291,1.500000,1.500000,1.500000,1.500000,1.500000,1.320000,1.320000,1.320000,1.320000,1.320000,1.320000,1.320000,1.320000,1.230000,1.230000,1.230000,1.230000,1.230000,1.230000,83.230000
292,1.500000,1.500000,1.500000,1.500000,1.500000,1.500000,1.500000,1.500000,1.500000,1.500000,1.500000,1.500000,1.500000,1.500000,1.500000,1.500000,1.500000,1.500000,1.500000,101.500000
293,1.500000,1.500000,1.500000,1.500000,1.500000,1.500000,1.410000,1.410000,1.410000,1.410000,1.410000,1.410000,1.410000,1.410000,1.410000,1.410000,1.410000,1.410000,1.410000,95.410000
294,1.500000,1.500000,1.500000,1.500000,1.500000,1.500000,1.500000,1.500000,1.500000,1.500000,1.500000,1.500000,1.500000,1.500000,1.500000,1.410000,1.410000,1.410000,1.410000,95.410000
295,1.500000,1.500000,1.500000,1.500000,1.500000,1.500000,1.500000,1.500000,1.500000,1.500000,1.500000,1.500000,1.500000,1.500000,1.500000,1.410000,1.410000,1.410000,1.410000,95.410000
296,1.410000,1.320000,1.320000,1.320000,1.230000,1.140000,1.140000,1.140000,1.140000,1.140000,1.140000,1.140000,1.050000,1.050000,1.050000,1.050000,1.050000,1.050000,1.050000,71.050000
297,1.500000,1.500000,1.500000,1.410000,1.410000,1.410000,1.410000,1.320000,1.320000,1.320000,1.320000,1.320000,1.320000,1.320000,1.320000,1.320000,1.320000,1.320000,1.320000,83.230000
298,1.500000,1.500000,1.410000,1.410000,1.410000,1.410000,1.410000,1.410000,1.410000,1.410000,1.410000,1.410000,1.410000,1.410000,1.410000,1.410000,1.410000,1.410000,1.410000,95.410000
299,1.500000,1.500000,1.500000,1.500000,1.500000,1.500000,1.500000,1.500000,1.500000,1.500000,1.500000,1.500000,1.500000,1.500000,1.500000,1.500000,1.500000,1.410000,1.410000,95.410000
300,1.500000,1.500000,1.500000,1.500000,1.500000,1.500000,1.500000,1.500000,1.500000,1.410000,1.410000,1.410000,1.410000,1.410000,1.410000,1.410000,1.410000,1.410000,1.410000,95.410000
301,1.500000,1.500000,1.500000,1.500000,1.500000,1.500000,1.500000,1.500000,1.500000,1.500000,1.500000,1.500000,1.500000,1.500000,1.500000,1.500000,1.500000,1.500000,1.500000,101.500000
302,1.500000,1.500000,1.500000,1.500000,1.410000,1.410000,1.410000,1.410000,1.410000,1.410000,1.410000,1.410000,1.410000,1.320000,1.320000,1.320000,1.320000,1.320000,1.320000,89.320000
303,1.500000,1.500000,1.500000,1.500000,1.500000,1.500000,1.500000,1.500000,1.500000,1.500000,1.500000,1.500000,1.500000,1.410000,1.410000,1.410000,1.410000,1.410000,1.410000,95.410000
304,1.500000,1.500000,1.500000,1.500000,1.500000,1.500000,1.500000,1.500000,1.500000,1.500000,1.500000,1.500000,1.500000,1.500000,1.500000,1.500000,1.500000,1.500000,1.500000,101.500000
305,1.500000,1.500000,1.500000,1.500000,1.500000,1.500000,1.500000,1.500000,1.500000,1.500000,1.500000,1.410000,1.410000,1.410000,1.410000,1.410000,1.410000,1.410000,1.410000,95.410000
306,1.500000,1.500000,1.500000,1.500000,1.500000,1.500000,1.500000,1.500000,1.500000,1.500000,1.500000,1.500000,1.500000,1.500000,1.500000,1.500000,1.500000,1.500000,1.500000,101.500000
307,1.500000,1.500000,1.500000,1.500000,1.500000,1.500000,1.500000,1.500000,1.500000,1.500000,1.500000,1.500000,1.410000,1.410000,1.410000,1.410000,1.410000,1.410000,1.410000,95.410000
308,1.500000,1.500000,1.500000,1.500000,1.500000,1.500000,1.500000,1.500000,1.410000,1.410000,1.410000,1.410000,1.410000,1.410000,1.410000,1.410000,1.410000,1.410000,1.410000,95.410000
309,1.500000,1.500000,1.500000,1.500000,1.500000,1.500000,1.500000,1.500000,1.500000,1.500000,1.500000,1.500000,1.500000,1.500000,1.500000,1.500000,1.500000,1.500000,1.500000,101.500000
310,1.500000,1.410000,1.230000,1.230000,1.230000,1.230000,1.140000,1.140000,1.140000,1.140000,1.140000,1.050000,1.050000,1.050000,1.050000,1.050000,1.050000,1.050000,1.050000,71.050000
311,1.500000,1.500000,1.500000,1.500000,1.500000,1.410000,1.410000,1.410000,1.410000,1.320000,1.230000,1.230000,1.230000,1.230000,1.230000,1.230000,1.050000,1.050000,0.960000,64.960000
312,1.500000,1.500000,1.500000,1.500000,1.500000,1.500000,1.500000,1.500000,1.500000,1.500000,1.500000,1.500000,1.500000,1.500000,1.500000,1.500000,1.500000,1.500000,1.500000,101.500000
313,1.500000,1.500000,1.500000,1.500000,1.500000,1.500000,1.500000,1.500000,1.500000,1.500000,1.500000,1.500000,1.500000,1.500000,1.500000,1.500000,1.500000,1.500000,1.500000,101.500000
314,1.500000,1.500000,1.500000,1.410000,1.410000,1.410000,1.410000,1.410000,1.410000,1.410000,1.410000,1.410000,1.410000,1.410000,1.410000,1.410000,1.410000,1.410000,1.410000,95.410000
315,1.500000,1.500000,1.500000,1.410000,1.410000,1.410000,1.410000,1.410000,1.410000,1.320000,1.320000,1.320000,1.320000,1.320000,1.320000,1.320000,1.320000,1.320000,1.320000,83.230000
316,1.500000,1.500000,1.500000,1.500000,1.500000,1.500000,1.500000,1.500000,1.500000,1.500000,1.500000,1.500000,1.500000,1.500000,1.500000,1.500000,1.500000,1.500000,1.500000,95.410000
317,1.500000,1.500000,1.500000,1.500000,1.500000,1.500000,1.500000,1.500000,1.500000,1.500000,1.500000,1.500000,1.500000,1.500000,1.500000,1.500000,1.500000,1.410000,1.410000,95.410000
318,1.500000,1.500000,1.500000,1.500000,1.500000,1.500000,1.500000,1.500000,1.500000,1.500000,1.500000,1.500000,1.500000,1.500000,1.500000,1.500000,1.500000,1.500000,1.500000,101.500000
319,1.500000,1.500000,1.500000,1.500000,1.500000,1.500000,1.500000,1.500000,1.500000,1.500000,1.500000,1.500000,1.500000,1.500000,1.500000,1.500000,1.500000,1.500000,1.500000,101.500000
320,1.500000,1.500000,1.500000,1.500000,1.500000,1.500000,1.500000,1.500000,1.410000,1.410000,1.410000,1.410000,1.410000,1.410000,1.410000,1.410000,1.320000,1.320000,1.320000,89.320000
321,1.410000,1.410000,1.410000,1.410000,1.320000,1.230000,1.230000,1.140000,1.140000,1.140000,1.050000,1.050000,1.050000,0.960000,0.870000,0.870000,0.870000,0.870000,0.870000,52.780000
322,1.500000,1.500000,1.500000,1.410000,1.410000,1.410000,1.410000,1.410000,1.410000,1.410000,1.410000,1.410000,1.410000,1.410000,1.410000,1.410000,1.410000,1.410000,1.410000,95.410000
323,1.500000,1.500000,1.500000,1.500000,1.500000,1.500000,1.410000,1.410000,1.410000,1.410000,1.410000,1.410000,1.410000,1.410000,1.410000,1.410000,1.410000,1.410000,1.410000,95.410000
324,1.500000,1.500000,1.500000,1.500000,1.500000,1.500000,1.500000,1.500000,1.500000,1.500000,1.500000,1.500000,1.500000,1.500000,1.500000,1.500000,1.500000,1.500000,1.500000,101.500000
325,1.500000,1.500000,1.500000,1.500000,1.500000,1.500000,1.500000,1.500000,1.500000,1.500000,1.500000,1.500000,1.500000,1.500000,1.500000,1.500000,1.500000,1.500000,1.500000,101.500000
326,1.500000,1.500000,1.500000,1.500000,1.410000,1.410000,1.410000,1.410000,1.410000,1.410000,1.410000,1.410000,1.410000,1.410000,1.410000,1.410000,1.410000,1.410000,1.410000,95.410000
327,1.500000,1.500000,1.500000,1.500000,1.500000,1.500000,1.500000,1.500000,1.500000,1.410000,1.410000,1.410000,1.410000,1.410000,1.410000,1.410000,1.410000,1.410000,1.410000,95.410000
328,1.500000,1.500000,1.500000,1.500000,1.500000,1.500000,1.500000,1.500000,1.500000,1.500000,1.500000,1.500000,1.500000,1.500000,1.500000,1.500000,1.500000,1.500000,1.500000,101.500000
329,1.320000,1.230000,1.230000,1.230000,1.230000,1.230000,1.230000,1.230000,1.230000,1.050000,1.050000,1.050000,1.050000,1.050000,1.050000,1.050000,1.050000,1.050000,1.050000,71.050000
330,1.500000,1.500000,1.500000,1.500000,1.500000,1.500000,1.500000,1.500000,1.500000,1.500000,1.500000,1.500000,1.500000,1.500000,1.410000,1.410000,1.410000,1.410000,1.410000,95.410000
331,1.500000,1.500000,1.500000,1.500000,1.500000,1.410000,1.410000,1.410000,1.410000,1.410000,1.410000,1.410000,1.410000,1.410000,1.410000,1.410000,1.410000,1.410000,1.410000,95.410000
332,1.500000,1.500000,1.500000,1.500000,1.500000,1.500000,1.500000,1.500000,1.500000,1.500000,1.500000,1.500000,1.500000,1.500000,1.500000,1.500000,1.500000,1.500000,1.500000,101.500000
333,1.500000,1.500000,1.500000,1.500000,1.500000,1.500000,1.500000,1.500000,1.410000,1.320000,1.320000,1.320000,1.320000,1.230000,1.230000,1.230000,1.230000,1.230000,1.230000,83.230000
334,1.500000,1.500000,1.500000,1.500000,1.500000,1.500000,1.500000,1.500000,1.500000,1.500000,1.500000,1.500000,1.500000,1.500000,1.500000,1.500000,1.500000,1.500000,1.500000,101.500000
335,1.500000,1.500000,1.500000,1.500000,1.500000,1.500000,1.500000,1.410000,1.410000,1.410000,1.410000,1.410000,1.410000,1.410000,1.410000,1.410000,1.410000,1.410000,1.410000,95.410000
336,1.500000,1.500000,1.410000,1.410000,1.320000,1.320000,1.320000,1.320000,1.320000,1.320000,1.320000,1.320000,1.320000,1.320000,1.320000,1.320000,1.320000,1.320000,1.320000,89.320000
337,1.500000,1.500000,1.500000,1.500000,1.500000,1.500000,1.500000,1.500000,1.500000,1.500000,1.500000,1.500000,1.500000,1.500000,1.500000,1.500000,1.500000,1.500000,1.500000,101.500000
338,1.500000,1.500000,1.500000,1.500000,1.500000,1.410000,1.410000,1.410000,1.410000,1.410000,1.410000,1.410000,1.410000,1.410000,1.410000,1.410000,1.410000,1.410000,1.410000,95.410000
339,1.500000,1.500000,1.500000,1.500000,1.500000,1.500000,1.500000,1.500000,1.500000,1.500000,1.500000,1.500000,1.500000,1.500000,1.500000,1.500000,1.500000,1.500000,1.500000,101.500000
340,1.500000,1.500000,1.500000,1.500000,1.500000,1.500000,1.500000,1.500000,1.500000,1.500000,1.500000,1.500000,1.500000,1.500000,1.500000,1.500000,1.500000,1.500000,1.500000,101.500000
341,1.500000,1.500000,1.500000,1.500000,1.500000,1.500000,1.500000,1.500000,1.500000,1.500000,1.500000,1.500000,1.500000,1.500000,1.500000,1.500000,1.500000,1.500000,1.500000,95.410000
342,1.500000,1.500000,1.500000,1.500000,1.500000,1.500000,1.500000,1.500000,1.500000,1.500000,1.500000,1.500000,1.500000,1.500000,1.500000,1.500000,1.500000,1.500000,1.500000,101.500000
343,1.500000,1.500000,1.500000,1.500000,1.500000,1.500000,1.500000,1.500000,1.500000,1.500000,1.500000,1.500000,1.410000,1.410000,1.410000,1.410000,1.410000,1.410000,1.410000,95.410000
344,1.500000,1.410000,1.410000,1.410000,1.410000,1.410000,1.410000,1.410000,1.410000,1.410000,1.410000,1.410000,1.410000,1.410000,1.410000,1.410000,1.410000,1.410000,1.410000,95.410000
345,1.500000,1.500000,1.500000,1.500000,1.500000,1.500000,1.500000,1.500000,1.410000,1.410000,1.410000,1.410000,1.410000,1.320000,1.320000,1.320000,1.320000,1.320000,1.320000,89.320000
346,1.500000,1.500000,1.500000,1.500000,1.500000,1.500000,1.500000,1.500000,1.500000,1.500000,1.500000,1.500000,1.500000,1.500000,1.500000,1.410000,1.410000,1.410000,1.410000,95.410000
347,1.500000,1.500000,1.500000,1.500000,1.500000,1.500000,1.500000,1.500000,1.500000,1.500000,1.500000,1.500000,1.500000,1.500000,1.500000,1.500000,1.500000,1.500000,1.500000,101.500000
348,1.500000,1.500000,1.500000,1.500000,1.500000,1.500000,1.500000,1.500000,1.500000,1.500000,1.500000,1.500000,1.500000,1.500000,1.500000,1.500000,1.500000,1.500000,1.410000,95.410000
349,1.500000,1.500000,1.500000,1.500000,1.500000,1.500000,1.500000,1.500000,1.500000,1.500000,1.500000,1.500000,1.500000,1.500000,1.500000,1.500000,1.500000,1.500000,1.500000,101.500000
350,1.500000,1.500000,1.500000,1.500000,1.500000,1.500000,1.500000,1.500000,1.410000,1.410000,1.410000,1.410000,1.410000,1.410000,1.410000,1.410000,1.410000,1.410000,1.410000,89.320000
351,1.500000,1.410000,1.410000,1.320000,1.320000,1.230000,1.230000,1.230000,1.230000,1.230000,1.230000,1.230000,1.230000,1.230000,1.140000,1.140000,1.140000,1.140000,1.140000,71.050000
352,1.500000,1.500000,1.410000,1.410000,1.410000,1.320000,1.320000,1.320000,1.320000,1.320000,1.320000,1.320000,1.320000,1.320000,1.320000,1.320000,1.320000,1.320000,1.320000,89.320000
353,1.500000,1.500000,1.410000,1.230000,1.230000,1.230000,1.230000,1.230000,1.230000,1.140000,1.140000,1.140000,1.140000,1.140000,1.140000,1.140000,1.140000,1.140000,1.140000,77.140000
354,1.500000,1.500000,1.500000,1.500000,1.500000,1.500000,1.500000,1.500000,1.500000,1.500000,1.500000,1.500000,1.500000,1.500000,1.500000,1.500000,1.500000,1.500000,1.500000,101.500000
355,1.500000,1.500000,1.500000,1.500000,1.500000,1.500000,1.500000,1.500000,1.500000,1.500000,1.500000,1.500000,1.500000,1.500000,1.410000,1.410000,1.410000,1.410000,1.410000,95.410000
356,1.500000,1.500000,1.500000,1.500000,1.500000,1.500000,1.500000,1.500000,1.500000,1.500000,1.500000,1.500000,1.500000,1.500000,1.500000,1.410000,1.410000,1.410000,1.410000,95.410000
357,1.500000,1.500000,1.500000,1.500000,1.500000,1.500000,1.500000,1.500000,1.500000,1.500000,1.500000,1.410000,1.410000,1.410000,1.410000,1.410000,1.320000,1.320000,1.320000,89.320000
358,1.500000,1.410000,1.410000,1.320000,1.320000,1.230000,1.140000,1.140000,1.140000,1.140000,1.140000,1.140000,1.140000,1.140000,1.050000,1.050000,1.050000,1.050000,1.050000,71.050000
359,1.500000,1.500000,1.500000,1.500000,1.500000,1.500000,1.500000,1.500000,1.500000,1.500000,1.410000,1.410000,1.410000,1.410000,1.410000,1.410000,1.410000,1.410000,1.410000,95.410000
360,1.500000,1.500000,1.500000,1.500000,1.500000,1.500000,1.500000,1.500000,1.500000,1.500000,1.500000,1.500000,1.500000,1.500000,1.500000,1.500000,1.500000,1.500000,1.500000,101.500000
361,1.500000,1.500000,1.500000,1.500000,1.500000,1.500000,1.500000,1.500000,1.500000,1.500000,1.500000,1.500000,1.500000,1.410000,1.410000,1.320000,1.320000,1.320000,1.320000,89.320000
362,1.410000,1.320000,1.320000,1.320000,1.320000,1.320000,1.320000,1.320000,1.320000,1.320000,1.320000,1.230000,1.230000,1.140000,1.140000,1.140000,1.140000,1.050000,1.050000,71.050000
363,1.500000,1.500000,1.500000,1.500000,1.500000,1.500000,1.500000,1.500000,1.500000,1.500000,1.500000,1.500000,1.500000,1.500000,1.500000,1.500000,1.500000,1.500000,1.500000,101.500000
364,1.500000,1.500000,1.500000,1.500000,1.500000,1.500000,1.500000,1.500000,1.410000,1.410000,1.410000,1.410000,1.410000,1.410000,1.410000,1.410000,1.410000,1.410000,1.410000,95.410000
365,1.500000,1.500000,1.500000,1.500000,1.500000,1.500000,1.500000,1.500000,1.500000,1.500000,1.500000,1.500000,1.500000,1.500000,1.500000,1.500000,1.500000,1.500000,1.500000,101.500000
366,1.500000,1.500000,1.500000,1.500000,1.500000,1.500000,1.500000,1.500000,1.500000,1.500000,1.500000,1.500000,1.410000,1.410000,1.410000,1.410000,1.410000,1.320000,1.320000,89.320000
367,1.500000,1.500000,1.500000,1.500000,1.500000,1.500000,1.500000,1.500000,1.500000,1.500000,1.410000,1.410000,1.410000,1.410000,1.410000,1.320000,1.320000,1.320000,1.320000,83.230000
368,1.500000,1.500000,1.500000,1.500000,1.500000,1.500000,1.500000,1.500000,1.500000,1.500000,1.500000,1.500000,1.410000,1.410000,1.410000,1.410000,1.410000,1.410000,1.410000,95.410000
369,1.500000,1.500000,1.500000,1.500000,1.500000,1.320000,1.320000,1.230000,1.230000,1.230000,1.230000,1.230000,1.230000,1.230000,1.230000,1.230000,1.230000,1.230000,1.230000,77.140000
370,1.500000,1.500000,1.500000,1.500000,1.500000,1.500000,1.500000,1.500000,1.500000,1.500000,1.500000,1.500000,1.500000,1.500000,1.500000,1.320000,1.320000,1.320000,1.320000,89.320000
371,1.500000,1.500000,1.500000,1.500000,1.500000,1.500000,1.500000,1.500000,1.500000,1.500000,1.500000,1.500000,1.500000,1.500000,1.500000,1.500000,1.500000,1.500000,1.500000,101.500000
372,1.500000,1.500000,1.500000,1.500000,1.500000,1.500000,1.500000,1.500000,1.500000,1.500000,1.500000,1.500000,1.410000,1.320000,1.320000,1.230000,1.230000,1.230000,1.230000,83.230000
373,1.500000,1.500000,1.500000,1.500000,1.500000,1.500000,1.500000,1.500000,1.500000,1.410000,1.410000,1.410000,1.410000,1.410000,1.410000,1.410000,1.410000,1.410000,1.410000,95.410000
374,1.500000,1.410000,1.410000,1.410000,1.410000,1.410000,1.410000,1.410000,1.410000,1.410000,1.410000,1.410000,1.410000,1.410000,1.410000,1.410000,1.410000,1.320000,1.320000,89.320000
375,1.410000,1.410000,1.320000,1.320000,1.320000,1.320000,1.320000,1.320000,1.320000,1.320000,1.320000,1.320000,1.230000,1.230000,1.050000,1.050000,0.960000,0.960000,0.960000,64.960000
376,1.500000,1.410000,1.410000,1.320000,1.320000,1.320000,1.230000,1.230000,1.140000,1.140000,1.140000,1.140000,1.140000,1.140000,1.140000,1.140000,1.140000,1.140000,1.140000,77.140000
377,1.500000,1.500000,1.500000,1.500000,1.500000,1.500000,1.500000,1.500000,1.500000,1.500000,1.500000,1.500000,1.500000,1.500000,1.500000,1.500000,1.500000,1.500000,1.500000,101.500000
378,1.500000,1.500000,1.410000,1.410000,1.410000,1.410000,1.410000,1.410000,1.410000,1.410000,1.410000,1.410000,1.410000,1.410000,1.410000,1.410000,1.410000,1.410000,1.410000,95.410000
379,1.500000,1.500000,1.500000,1.500000,1.500000,1.500000,1.500000,1.500000,1.500000,1.500000,1.500000,1.500000,1.500000,1.500000,1.500000,1.500000,1.500000,1.500000,1.500000,95.410000
380,1.500000,1.500000,1.500000,1.410000,1.410000,1.410000,1.410000,1.410000,1.410000,1.410000,1.410000,1.320000,1.320000,1.320000,1.320000,1.320000,1.320000,1.230000,1.230000,83.230000
381,1.500000,1.500000,1.500000,1.500000,1.500000,1.500000,1.500000,1.500000,1.500000,1.500000,1.500000,1.500000,1.500000,1.500000,1.500000,1.500000,1.500000,1.500000,1.500000,101.500000
382,1.500000,1.500000,1.500000,1.410000,1.320000,1.320000,1.320000,1.320000,1.230000,1.230000,1.230000,1.230000,1.230000,1.230000,1.230000,1.230000,1.230000,1.230000,1.230000,83.230000
383,1.500000,1.500000,1.500000,1.500000,1.500000,1.500000,1.500000,1.500000,1.500000,1.500000,1.410000,1.410000,1.410000,1.410000,1.410000,1.410000,1.410000,1.410000,1.410000,95.410000
384,1.500000,1.500000,1.500000,1.500000,1.500000,1.500000,1.500000,1.500000,1.410000,1.410000,1.410000,1.410000,1.410000,1.410000,1.410000,1.410000,1.320000,1.320000,1.320000,89.320000
385,1.410000,1.410000,1.410000,1.410000,1.410000,1.410000,1.410000,1.410000,1.410000,1.410000,1.410000,1.320000,1.320000,1.320000,1.320000,1.320000,1.320000,1.320000,1.320000,89.320000
386,1.500000,1.500000,1.500000,1.500000,1.500000,1.410000,1.410000,1.320000,1.320000,1.320000,1.320000,1.320000,1.230000,1.140000,1.050000,1.050000,1.050000,1.050000,1.050000,71.050000
387,1.500000,1.500000,1.500000,1.500000,1.500000,1.500000,1.500000,1.500000,1.500000,1.500000,1.500000,1.500000,1.500000,1.500000,1.500000,1.500000,1.500000,1.500000,1.500000,101.500000
388,1.500000,1.500000,1.410000,1.410000,1.320000,1.230000,1.230000,1.230000,1.230000,1.230000,1.230000,1.230000,1.230000,1.140000,1.140000,1.140000,1.140000,1.050000,1.050000,71.050000
389,1.500000,1.500000,1.500000,1.500000,1.500000,1.500000,1.500000,1.410000,1.410000,1.410000,1.410000,1.320000,1.320000,1.320000,1.320000,1.320000,1.230000,1.230000,1.230000,83.230000
390,1.410000,1.410000,1.410000,1.410000,1.320000,1.320000,1.320000,1.320000,1.320000,1.230000,1.230000,1.230000,1.140000,1.140000,1.140000,1.140000,1.140000,1.140000,1.140000,71.050000
391,1.410000,1.410000,1.410000,1.320000,1.320000,1.320000,1.320000,1.320000,1.320000,1.320000,1.320000,1.320000,1.320000,1.230000,1.230000,1.230000,1.230000,1.230000,1.230000,83.230000
392,1.500000,1.500000,1.500000,1.500000,1.500000,1.410000,1.410000,1.410000,1.320000,1.320000,1.230000,1.140000,1.140000,1.140000,1.140000,1.140000,1.140000,1.140000,1.140000,77.140000
393,1.500000,1.500000,1.500000,1.500000,1.500000,1.500000,1.500000,1.410000,1.410000,1.410000,1.320000,1.320000,1.320000,1.320000,1.320000,1.320000,1.320000,1.320000,1.320000,89.320000
394,1.500000,1.500000,1.500000,1.500000,1.500000,1.500000,1.500000,1.500000,1.500000,1.500000,1.500000,1.500000,1.500000,1.500000,1.500000,1.500000,1.500000,1.410000,1.410000,95.410000
395,1.500000,1.500000,1.500000,1.500000,1.500000,1.500000,1.410000,1.410000,1.230000,1.230000,1.230000,1.230000,1.230000,1.230000,1.230000,1.230000,1.230000,1.230000,1.230000,77.140000
396,1.500000,1.500000,1.500000,1.500000,1.500000,1.500000,1.500000,1.500000,1.500000,1.500000,1.500000,1.500000,1.500000,1.500000,1.500000,1.500000,1.500000,1.500000,1.500000,95.410000
397,1.500000,1.500000,1.500000,1.500000,1.500000,1.410000,1.410000,1.410000,1.410000,1.410000,1.410000,1.410000,1.410000,1.410000,1.320000,1.230000,1.140000,1.140000,1.140000,77.140000
398,1.500000,1.500000,1.500000,1.500000,1.500000,1.500000,1.410000,1.410000,1.410000,1.410000,1.410000,1.410000,1.410000,1.410000,1.410000,1.410000,1.410000,1.410000,1.410000,95.410000
399,1.500000,1.500000,1.500000,1.500000,1.500000,1.500000,1.500000,1.500000,1.500000,1.500000,1.500000,1.500000,1.500000,1.500000,1.500000,1.500000,1.500000,1.500000,1.320000,89.320000
400,1.500000,1.500000,1.500000,1.500000,1.500000,1.410000,1.410000,1.410000,1.410000,1.410000,1.230000,1.230000,1.230000,1.140000,1.140000,1.140000,1.140000,1.140000,1.140000,77.140000
401,1.500000,1.500000,1.500000,1.500000,1.500000,1.500000,1.500000,1.500000,1.500000,1.500000,1.500000,1.410000,1.410000,1.410000,1.410000,1.410000,1.410000,1.410000,1.410000,95.410000
402,1.500000,1.500000,1.500000,1.500000,1.500000,1.500000,1.500000,1.500000,1.500000,1.500000,1.500000,1.500000,1.500000,1.500000,1.500000,1.410000,1.410000,1.410000,1.410000,95.410000
403,1.500000,1.410000,1.410000,1.410000,1.410000,1.410000,1.410000,1.320000,1.320000,1.320000,1.320000,1.320000,1.320000,1.320000,1.320000,1.320000,1.320000,1.320000,1.320000,89.320000
404,1.500000,1.500000,1.500000,1.500000,1.500000,1.500000,1.500000,1.500000,1.500000,1.500000,1.500000,1.500000,1.500000,1.500000,1.500000,1.500000,1.500000,1.500000,1.500000,101.500000
405,1.500000,1.500000,1.410000,1.410000,1.410000,1.410000,1.410000,1.410000,1.410000,1.410000,1.410000,1.410000,1.320000,1.320000,1.230000,1.230000,1.230000,1.230000,1.230000,83.230000
406,1.500000,1.500000,1.500000,1.500000,1.500000,1.500000,1.500000,1.500000,1.500000,1.500000,1.500000,1.500000,1.500000,1.500000,1.500000,1.500000,1.500000,1.500000,1.500000,101.500000
407,1.320000,1.320000,1.320000,1.230000,1.230000,1.140000,1.140000,1.140000,1.140000,1.140000,1.050000,1.050000,1.050000,1.050000,1.050000,1.050000,1.050000,1.050000,1.050000,71.050000
408,1.500000,1.500000,1.500000,1.500000,1.320000,1.320000,1.320000,1.320000,1.140000,1.140000,1.140000,1.140000,1.140000,1.140000,1.140000,1.140000,1.140000,1.140000,1.140000,77.140000
409,1.500000,1.500000,1.500000,1.410000,1.410000,1.410000,1.410000,1.410000,1.410000,1.410000,1.410000,1.410000,1.410000,1.410000,1.410000,1.410000,1.410000,1.410000,1.410000,95.410000
410,1.500000,1.500000,1.500000,1.500000,1.500000,1.500000,1.410000,1.410000,1.320000,1.320000,1.230000,1.230000,1.230000,1.230000,1.230000,1.140000,1.140000,1.140000,1.140000,71.050000
411,1.500000,1.500000,1.500000,1.410000,1.410000,1.410000,1.410000,1.410000,1.410000,1.410000,1.410000,1.230000,1.140000,1.140000,1.140000,1.140000,1.140000,1.140000,1.140000,77.140000
412,1.500000,1.500000,1.500000,1.500000,1.500000,1.500000,1.500000,1.500000,1.500000,1.500000,1.500000,1.500000,1.500000,1.500000,1.500000,1.500000,1.500000,1.500000,1.500000,101.500000
413,1.500000,1.500000,1.500000,1.500000,1.500000,1.500000,1.500000,1.500000,1.500000,1.500000,1.500000,1.500000,1.500000,1.500000,1.500000,1.500000,1.500000,1.500000,1.500000,101.500000
414,1.500000,1.500000,1.410000,1.320000,1.320000,1.320000,1.320000,1.320000,1.320000,1.320000,1.320000,1.320000,1.320000,1.320000,1.320000,1.230000,1.230000,1.230000,1.230000,83.230000
415,1.500000,1.500000,1.500000,1.500000,1.500000,1.500000,1.500000,1.500000,1.500000,1.500000,1.500000,1.500000,1.500000,1.500000,1.500000,1.500000,1.500000,1.500000,1.500000,101.500000
416,1.500000,1.410000,1.320000,1.320000,1.320000,1.230000,1.230000,1.230000,1.230000,1.230000,1.140000,1.140000,1.140000,1.140000,1.140000,1.140000,1.140000,1.140000,1.140000,77.140000
417,1.500000,1.500000,1.500000,1.500000,1.500000,1.500000,1.500000,1.500000,1.410000,1.320000,1.320000,1.320000,1.320000,1.320000,1.320000,1.320000,1.320000,1.320000,1.320000,89.320000
418,1.500000,1.500000,1.500000,1.500000,1.500000,1.500000,1.500000,1.500000,1.500000,1.500000,1.500000,1.500000,1.500000,1.500000,1.500000,1.500000,1.500000,1.500000,1.500000,101.500000
419,1.500000,1.500000,1.410000,1.410000,1.410000,1.410000,1.320000,1.320000,1.320000,1.320000,1.320000,1.320000,1.320000,1.320000,1.320000,1.320000,1.320000,1.320000,1.320000,89.320000
420,1.500000,1.500000,1.410000,1.410000,1.410000,1.410000,1.410000,1.410000,1.410000,1.410000,1.410000,1.410000,1.410000,1.410000,1.410000,1.410000,1.410000,1.320000,1.320000,89.320000
421,1.500000,1.500000,1.500000,1.500000,1.500000,1.410000,1.410000,1.320000,1.320000,1.320000,1.230000,1.230000,1.230000,1.230000,1.230000,1.230000,1.230000,1.230000,1.230000,83.230000
422,1.500000,1.500000,1.500000,1.500000,1.500000,1.500000,1.500000,1.500000,1.500000,1.500000,1.500000,1.500000,1.500000,1.500000,1.500000,1.500000,1.500000,1.500000,1.500000,101.500000
423,1.500000,1.500000,1.500000,1.500000,1.500000,1.500000,1.500000,1.500000,1.500000,1.500000,1.500000,1.410000,1.410000,1.410000,1.320000,1.320000,1.320000,1.320000,1.320000,89.320000
424,1.410000,1.320000,1.320000,1.320000,1.320000,1.230000,1.230000,1.230000,1.230000,1.230000,1.230000,1.230000,1.230000,1.230000,1.230000,1.140000,1.140000,1.140000,1.140000,77.140000
425,1.500000,1.500000,1.410000,1.410000,1.410000,1.410000,1.410000,1.320000,1.320000,1.320000,1.320000,1.320000,1.320000,1.320000,1.230000,1.230000,1.230000,1.230000,1.230000,83.230000
426,1.410000,1.410000,1.410000,1.410000,1.410000,1.410000,1.410000,1.410000,1.410000,1.410000,1.410000,1.320000,1.320000,1.320000,1.320000,1.320000,1.320000,1.320000,1.320000,89.320000
427,1.500000,1.410000,1.320000,1.320000,1.320000,1.320000,1.230000,1.230000,1.230000,1.230000,1.140000,1.140000,1.050000,1.050000,1.050000,1.050000,1.050000,1.050000,1.050000,58.870000
428,1.500000,1.500000,1.500000,1.500000,1.500000,1.500000,1.500000,1.500000,1.410000,1.410000,1.410000,1.410000,1.410000,1.410000,1.410000,1.410000,1.410000,1.410000,1.410000,95.410000
429,1.500000,1.500000,1.500000,1.500000,1.500000,1.500000,1.500000,1.500000,1.500000,1.500000,1.500000,1.500000,1.500000,1.500000,1.500000,1.500000,1.500000,1.500000,1.500000,101.500000
430,1.410000,1.410000,1.410000,1.410000,1.410000,1.410000,1.410000,1.410000,1.410000,1.410000,1.410000,1.410000,1.410000,1.410000,1.410000,1.410000,1.410000,1.410000,1.410000,89.320000
431,1.500000,1.410000,1.410000,1.410000,1.410000,1.410000,1.410000,1.410000,1.410000,1.410000,1.410000,1.410000,1.410000,1.410000,1.410000,1.410000,1.410000,1.410000,1.410000,95.410000
432,1.410000,1.410000,1.410000,1.410000,1.410000,1.320000,1.320000,1.320000,1.320000,1.320000,1.320000,1.320000,1.320000,1.320000,1.320000,1.320000,1.320000,1.320000,1.320000,89.320000
433,1.500000,1.500000,1.500000,1.500000,1.500000,1.500000,1.500000,1.500000,1.500000,1.500000,1.500000,1.500000,1.500000,1.500000,1.500000,1.500000,1.410000,1.410000,1.410000,95.410000
434,1.500000,1.410000,1.410000,1.410000,1.410000,1.410000,1.410000,1.410000,1.410000,1.320000,1.320000,1.320000,1.320000,1.320000,1.320000,1.320000,1.320000,1.320000,1.320000,89.320000
435,1.500000,1.500000,1.500000,1.500000,1.500000,1.500000,1.500000,1.500000,1.500000,1.410000,1.410000,1.410000,1.410000,1.320000,1.320000,1.320000,1.320000,1.230000,1.230000,83.230000
436,1.500000,1.500000,1.500000,1.500000,1.500000,1.500000,1.500000,1.500000,1.500000,1.500000,1.500000,1.500000,1.410000,1.410000,1.410000,1.410000,1.410000,1.320000,1.320000,89.320000
437,1.500000,1.500000,1.500000,1.500000,1.500000,1.500000,1.500000,1.500000,1.500000,1.500000,1.500000,1.500000,1.500000,1.500000,1.500000,1.500000,1.500000,1.500000,1.500000,95.410000
438,1.500000,1.500000,1.500000,1.410000,1.410000,1.320000,1.320000,1.320000,1.320000,1.320000,1.320000,1.320000,1.320000,1.320000,1.320000,1.320000,1.320000,1.320000,1.320000,89.320000
439,1.500000,1.500000,1.500000,1.410000,1.410000,1.410000,1.410000,1.410000,1.320000,1.320000,1.320000,1.230000,1.230000,1.230000,1.140000,1.140000,1.140000,1.140000,1.140000,77.140000
440,1.500000,1.410000,1.410000,1.410000,1.410000,1.410000,1.410000,1.410000,1.410000,1.410000,1.410000,1.410000,1.410000,1.410000,1.410000,1.410000,1.410000,1.410000,1.320000,89.320000
441,1.500000,1.500000,1.500000,1.500000,1.500000,1.500000,1.500000,1.500000,1.410000,1.410000,1.410000,1.410000,1.410000,1.410000,1.410000,1.410000,1.410000,1.410000,1.410000,95.410000
442,1.500000,1.500000,1.500000,1.500000,1.410000,1.410000,1.320000,1.320000,1.140000,1.140000,1.050000,1.050000,1.050000,1.050000,1.050000,0.960000,0.960000,0.960000,0.960000,64.960000
443,1.500000,1.500000,1.500000,1.500000,1.500000,1.500000,1.500000,1.500000,1.500000,1.500000,1.500000,1.500000,1.500000,1.500000,1.500000,1.500000,1.500000,1.500000,1.500000,101.500000
444,1.500000,1.500000,1.500000,1.500000,1.500000,1.500000,1.500000,1.500000,1.500000,1.500000,1.500000,1.500000,1.500000,1.500000,1.500000,1.500000,1.500000,1.500000,1.500000,101.500000
445,1.500000,1.500000,1.500000,1.500000,1.500000,1.500000,1.500000,1.500000,1.410000,1.410000,1.410000,1.410000,1.410000,1.410000,1.410000,1.410000,1.410000,1.410000,1.410000,83.230000
446,1.500000,1.500000,1.500000,1.500000,1.500000,1.500000,1.500000,1.500000,1.500000,1.500000,1.500000,1.500000,1.500000,1.500000,1.410000,1.410000,1.410000,1.410000,1.410000,95.410000
447,1.500000,1.500000,1.500000,1.500000,1.410000,1.410000,1.410000,1.320000,1.230000,1.230000,1.230000,1.230000,1.230000,1.230000,1.230000,1.230000,1.230000,1.230000,1.140000,77.140000
448,1.500000,1.500000,1.500000,1.500000,1.500000,1.500000,1.500000,1.500000,1.500000,1.500000,1.500000,1.500000,1.500000,1.500000,1.500000,1.500000,1.500000,1.500000,1.500000,101.500000
449,1.500000,1.500000,1.500000,1.500000,1.500000,1.500000,1.500000,1.500000,1.500000,1.500000,1.410000,1.410000,1.410000,1.410000,1.410000,1.410000,1.410000,1.410000,1.410000,95.410000
450,1.500000,1.500000,1.500000,1.500000,1.500000,1.500000,1.500000,1.500000,1.500000,1.500000,1.500000,1.500000,1.500000,1.500000,1.500000,1.500000,1.500000,1.500000,1.500000,101.500000
451,1.500000,1.500000,1.500000,1.500000,1.500000,1.500000,1.500000,1.500000,1.500000,1.410000,1.410000,1.410000,1.410000,1.410000,1.410000,1.320000,1.320000,1.320000,1.320000,89.320000
452,1.500000,1.500000,1.500000,1.500000,1.500000,1.500000,1.500000,1.500000,1.500000,1.500000,1.500000,1.500000,1.500000,1.500000,1.500000,1.500000,1.500000,1.500000,1.500000,101.500000
453,1.500000,1.500000,1.500000,1.500000,1.500000,1.410000,1.320000,1.320000,1.320000,1.320000,1.230000,1.230000,1.230000,1.230000,1.230000,1.230000,1.230000,1.230000,1.140000,77.140000
454,1.500000,1.500000,1.500000,1.410000,1.320000,1.320000,1.320000,1.140000,1.140000,1.140000,1.140000,1.140000,1.140000,1.140000,1.140000,1.140000,1.140000,1.140000,1.140000,77.140000
455,1.500000,1.500000,1.500000,1.500000,1.500000,1.500000,1.500000,1.500000,1.500000,1.500000,1.500000,1.500000,1.500000,1.500000,1.500000,1.410000,1.410000,1.410000,1.410000,95.410000
456,1.500000,1.500000,1.500000,1.500000,1.500000,1.500000,1.500000,1.500000,1.500000,1.500000,1.500000,1.500000,1.500000,1.500000,1.500000,1.500000,1.500000,1.500000,1.500000,101.500000
457,1.500000,1.500000,1.500000,1.410000,1.410000,1.410000,1.410000,1.410000,1.410000,1.230000,1.140000,1.140000,1.140000,1.140000,1.140000,1.140000,1.140000,1.140000,1.140000,77.140000
458,1.500000,1.500000,1.500000,1.500000,1.500000,1.500000,1.500000,1.500000,1.500000,1.500000,1.500000,1.500000,1.500000,1.500000,1.500000,1.500000,1.500000,1.500000,1.410000,95.410000
459,1.500000,1.500000,1.500000,1.500000,1.500000,1.500000,1.500000,1.500000,1.500000,1.500000,1.500000,1.500000,1.500000,1.500000,1.500000,1.500000,1.500000,1.500000,1.500000,101.500000
460,1.500000,1.500000,1.500000,1.410000,1.410000,1.410000,1.320000,1.320000,1.320000,1.230000,1.230000,1.230000,1.230000,1.230000,1.230000,1.230000,1.230000,1.230000,1.230000,83.230000
461,1.500000,1.500000,1.410000,1.410000,1.410000,1.410000,1.410000,1.320000,1.320000,1.230000,1.230000,1.230000,1.230000,1.230000,1.230000,1.230000,1.230000,1.230000,1.230000,83.230000
462,1.500000,1.500000,1.320000,1.230000,1.230000,1.230000,1.230000,1.230000,1.230000,1.230000,1.230000,1.230000,1.230000,1.230000,1.230000,1.230000,1.230000,1.230000,1.230000,83.230000
463,1.500000,1.500000,1.500000,1.500000,1.500000,1.500000,1.500000,1.500000,1.500000,1.500000,1.500000,1.500000,1.500000,1.500000,1.500000,1.500000,1.500000,1.500000,1.500000,101.500000
464,1.500000,1.500000,1.500000,1.500000,1.500000,1.500000,1.410000,1.410000,1.320000,1.320000,1.230000,1.230000,1.230000,1.230000,1.230000,1.230000,1.230000,1.230000,1.230000,83.230000
465,1.500000,1.410000,1.410000,1.410000,1.410000,1.410000,1.410000,1.410000,1.410000,1.410000,1.410000,1.410000,1.410000,1.410000,1.410000,1.320000,1.320000,1.320000,1.320000,89.320000
466,1.500000,1.500000,1.500000,1.410000,1.410000,1.410000,1.410000,1.410000,1.410000,1.410000,1.410000,1.410000,1.410000,1.410000,1.410000,1.410000,1.410000,1.320000,1.230000,83.230000
467,1.500000,1.500000,1.500000,1.500000,1.500000,1.500000,1.500000,1.500000,1.500000,1.500000,1.500000,1.500000,1.500000,1.500000,1.500000,1.500000,1.500000,1.500000,1.500000,101.500000
468,1.500000,1.500000,1.500000,1.500000,1.410000,1.410000,1.410000,1.410000,1.410000,1.410000,1.410000,1.410000,1.410000,1.410000,1.410000,1.410000,1.320000,1.320000,1.320000,89.320000
469,1.500000,1.500000,1.500000,1.500000,1.410000,1.410000,1.410000,1.410000,1.410000,1.320000,1.320000,1.320000,1.320000,1.320000,1.320000,1.320000,1.320000,1.320000,1.320000,89.320000
470,1.500000,1.500000,1.500000,1.500000,1.500000,1.500000,1.500000,1.500000,1.500000,1.500000,1.500000,1.500000,1.500000,1.500000,1.500000,1.410000,1.410000,1.410000,1.320000,89.320000
471,1.500000,1.410000,1.410000,1.410000,1.410000,1.410000,1.410000,1.320000,1.320000,1.320000,1.320000,1.320000,1.320000,1.320000,1.140000,1.140000,1.140000,1.140000,1.140000,77.140000
472,1.500000,1.500000,1.500000,1.500000,1.500000,1.500000,1.500000,1.500000,1.500000,1.500000,1.500000,1.500000,1.410000,1.410000,1.410000,1.410000,1.320000,1.320000,1.320000,89.320000
473,1.500000,1.500000,1.500000,1.500000,1.500000,1.500000,1.500000,1.500000,1.410000,1.410000,1.410000,1.410000,1.410000,1.410000,1.410000,1.410000,1.410000,1.410000,1.410000,95.410000
474,1.500000,1.500000,1.500000,1.500000,1.500000,1.500000,1.500000,1.500000,1.500000,1.410000,1.410000,1.410000,1.320000,1.320000,1.320000,1.320000,1.320000,1.320000,1.320000,89.320000
475,1.500000,1.500000,1.500000,1.500000,1.500000,1.500000,1.500000,1.500000,1.500000,1.500000,1.500000,1.500000,1.500000,1.500000,1.500000,1.500000,1.500000,1.500000,1.500000,101.500000
476,1.500000,1.500000,1.500000,1.500000,1.500000,1.500000,1.500000,1.500000,1.500000,1.500000,1.500000,1.500000,1.500000,1.500000,1.500000,1.500000,1.410000,1.410000,1.410000,95.410000
477,1.500000,1.500000,1.500000,1.500000,1.500000,1.500000,1.500000,1.500000,1.500000,1.500000,1.500000,1.500000,1.500000,1.500000,1.500000,1.500000,1.500000,1.500000,1.500000,101.500000
478,1.500000,1.500000,1.500000,1.500000,1.500000,1.500000,1.500000,1.500000,1.500000,1.500000,1.500000,1.410000,1.410000,1.410000,1.410000,1.410000,1.410000,1.410000,1.410000,95.410000
479,1.500000,1.410000,1.230000,1.230000,1.230000,1.230000,1.140000,1.140000,1.050000,1.050000,1.050000,1.050000,1.050000,1.050000,0.960000,0.960000,0.960000,0.960000,0.960000,64.960000
480,1.500000,1.500000,1.500000,1.500000,1.500000,1.500000,1.500000,1.500000,1.500000,1.500000,1.500000,1.500000,1.500000,1.500000,1.500000,1.500000,1.500000,1.500000,1.500000,101.500000
481,1.500000,1.500000,1.500000,1.500000,1.500000,1.500000,1.500000,1.500000,1.500000,1.500000,1.500000,1.500000,1.500000,1.500000,1.410000,1.410000,1.410000,1.410000,1.410000,95.410000
482,1.500000,1.500000,1.500000,1.500000,1.500000,1.500000,1.500000,1.500000,1.500000,1.500000,1.500000,1.500000,1.500000,1.500000,1.500000,1.500000,1.500000,1.500000,1.500000,101.500000
483,1.500000,1.500000,1.500000,1.500000,1.500000,1.500000,1.410000,1.410000,1.410000,1.410000,1.320000,1.320000,1.320000,1.320000,1.320000,1.320000,1.320000,1.320000,1.320000,89.320000
484,1.500000,1.410000,1.410000,1.410000,1.410000,1.410000,1.320000,1.320000,1.320000,1.320000,1.230000,1.230000,1.230000,1.230000,1.230000,1.230000,1.230000,1.230000,1.230000,83.230000
485,1.500000,1.500000,1.500000,1.500000,1.500000,1.500000,1.500000,1.500000,1.500000,1.500000,1.500000,1.500000,1.500000,1.500000,1.500000,1.500000,1.500000,1.500000,1.500000,101.500000
486,1.500000,1.500000,1.500000,1.410000,1.410000,1.410000,1.410000,1.410000,1.410000,1.410000,1.410000,1.410000,1.410000,1.410000,1.410000,1.410000,1.410000,1.410000,1.410000,95.410000
487,1.410000,1.410000,1.320000,1.320000,1.320000,1.320000,1.320000,1.230000,1.230000,1.230000,1.140000,1.140000,1.140000,1.140000,1.140000,1.140000,1.140000,1.140000,1.140000,77.140000
488,1.500000,1.500000,1.500000,1.500000,1.500000,1.500000,1.410000,1.410000,1.410000,1.410000,1.410000,1.410000,1.410000,1.410000,1.320000,1.320000,1.320000,1.230000,1.230000,83.230000
489,1.500000,1.500000,1.500000,1.410000,1.410000,1.410000,1.410000,1.410000,1.410000,1.410000,1.410000,1.410000,1.410000,1.410000,1.410000,1.410000,1.410000,1.410000,1.320000,89.320000
490,1.500000,1.500000,1.500000,1.410000,1.410000,1.410000,1.410000,1.410000,1.410000,1.410000,1.410000,1.410000,1.410000,1.410000,1.410000,1.410000,1.410000,1.410000,1.410000,95.410000
491,1.500000,1.500000,1.500000,1.500000,1.500000,1.500000,1.500000,1.500000,1.500000,1.500000,1.500000,1.500000,1.500000,1.410000,1.410000,1.410000,1.410000,1.410000,1.410000,95.410000
492,1.500000,1.500000,1.500000,1.500000,1.500000,1.500000,1.500000,1.410000,1.410000,1.410000,1.410000,1.410000,1.410000,1.410000,1.410000,1.410000,1.410000,1.410000,1.410000,95.410000
493,1.500000,1.500000,1.500000,1.500000,1.500000,1.500000,1.500000,1.500000,1.500000,1.500000,1.500000,1.500000,1.500000,1.500000,1.500000,1.500000,1.500000,1.500000,1.500000,101.500000
494,1.500000,1.500000,1.500000,1.410000,1.410000,1.410000,1.410000,1.320000,1.320000,1.320000,1.320000,1.320000,1.320000,1.320000,1.320000,1.320000,1.320000,1.320000,1.320000,89.320000
495,1.500000,1.500000,1.500000,1.500000,1.500000,1.500000,1.500000,1.500000,1.500000,1.500000,1.500000,1.500000,1.500000,1.500000,1.500000,1.410000,1.410000,1.410000,1.410000,95.410000
496,1.500000,1.500000,1.500000,1.500000,1.500000,1.500000,1.410000,1.410000,1.410000,1.410000,1.410000,1.410000,1.410000,1.410000,1.410000,1.410000,1.320000,1.320000,1.230000,83.230000
497,1.500000,1.500000,1.500000,1.500000,1.500000,1.500000,1.500000,1.410000,1.410000,1.410000,1.410000,1.320000,1.320000,1.320000,1.230000,1.230000,1.230000,1.230000,1.230000,83.230000
498,1.500000,1.500000,1.500000,1.500000,1.500000,1.500000,1.500000,1.500000,1.500000,1.500000,1.500000,1.500000,1.410000,1.410000,1.410000,1.410000,1.410000,1.320000,1.320000,89.320000
499,1.500000,1.500000,1.500000,1.500000,1.500000,1.410000,1.410000,1.320000,1.320000,1.320000,1.320000,1.320000,1.320000,1.320000,1.320000,1.320000,1.320000,1.320000,1.230000,83.230000
500,1.500000,1.500000,1.500000,1.500000,1.500000,1.320000,1.320000,1.320000,1.320000,1.320000,1.320000,1.320000,1.320000,1.320000,1.320000,1.320000,1.320000,1.320000,1.320000,89.320000
501,1.500000,1.500000,1.500000,1.500000,1.320000,1.320000,1.320000,1.320000,1.320000,1.320000,1.320000,1.320000,1.320000,1.230000,1.230000,1.140000,1.140000,1.140000,1.140000,77.140000
502,1.500000,1.500000,1.500000,1.500000,1.500000,1.500000,1.500000,1.500000,1.500000,1.500000,1.500000,1.500000,1.500000,1.500000,1.500000,1.500000,1.500000,1.500000,1.500000,101.500000
503,1.500000,1.500000,1.500000,1.500000,1.500000,1.500000,1.500000,1.500000,1.500000,1.500000,1.500000,1.500000,1.500000,1.500000,1.500000,1.500000,1.500000,1.500000,1.500000,101.500000
504,1.500000,1.500000,1.410000,1.410000,1.410000,1.410000,1.410000,1.410000,1.410000,1.410000,1.410000,1.410000,1.410000,1.410000,1.320000,1.320000,1.320000,1.320000,1.320000,89.320000
505,1.500000,1.500000,1.500000,1.500000,1.410000,1.410000,1.320000,1.320000,1.230000,1.230000,1.230000,1.230000,1.230000,1.230000,1.230000,1.230000,1.230000,1.230000,1.230000,83.230000
506,1.500000,1.500000,1.500000,1.500000,1.500000,1.500000,1.500000,1.500000,1.500000,1.500000,1.500000,1.500000,1.410000,1.410000,1.410000,1.410000,1.410000,1.410000,1.410000,89.320000
507,1.500000,1.320000,1.320000,1.320000,1.320000,1.320000,1.320000,1.320000,1.320000,1.320000,1.320000,1.320000,1.320000,1.320000,1.320000,1.320000,1.320000,1.320000,1.320000,83.230000
508,1.500000,1.500000,1.500000,1.500000,1.500000,1.500000,1.500000,1.500000,1.500000,1.500000,1.500000,1.410000,1.410000,1.410000,1.410000,1.410000,1.410000,1.410000,1.410000,95.410000
509,1.500000,1.500000,1.500000,1.500000,1.500000,1.500000,1.500000,1.500000,1.410000,1.410000,1.410000,1.410000,1.410000,1.410000,1.410000,1.410000,1.410000,1.410000,1.230000,83.230000
510,1.500000,1.500000,1.500000,1.500000,1.410000,1.320000,1.320000,1.320000,1.320000,1.230000,1.230000,1.230000,1.230000,1.230000,1.230000,1.230000,1.230000,1.230000,1.230000,83.230000
511,1.410000,1.410000,1.410000,1.410000,1.410000,1.410000,1.410000,1.410000,1.410000,1.410000,1.410000,1.410000,1.320000,1.320000,1.230000,1.140000,1.140000,1.140000,1.140000,77.140000
512,1.500000,1.500000,1.500000,1.410000,1.410000,1.410000,1.410000,1.410000,1.410000,1.320000,1.320000,1.320000,1.320000,1.320000,1.320000,1.320000,1.320000,1.320000,1.320000,83.230000
513,1.500000,1.500000,1.410000,1.410000,1.410000,1.410000,1.410000,1.410000,1.410000,1.410000,1.410000,1.410000,1.410000,1.410000,1.410000,1.320000,1.320000,1.320000,1.320000,89.320000
514,1.500000,1.500000,1.500000,1.500000,1.500000,1.500000,1.500000,1.500000,1.500000,1.500000,1.500000,1.500000,1.500000,1.500000,1.500000,1.500000,1.500000,1.500000,1.410000,95.410000
515,1.500000,1.500000,1.500000,1.500000,1.500000,1.500000,1.500000,1.500000,1.500000,1.500000,1.500000,1.500000,1.500000,1.500000,1.500000,1.500000,1.500000,1.500000,1.500000,101.500000
516,1.500000,1.500000,1.500000,1.500000,1.500000,1.500000,1.500000,1.500000,1.500000,1.500000,1.410000,1.410000,1.320000,1.320000,1.320000,1.320000,1.320000,1.320000,1.320000,89.320000
517,1.500000,1.500000,1.500000,1.500000,1.500000,1.500000,1.500000,1.500000,1.500000,1.500000,1.500000,1.500000,1.500000,1.500000,1.500000,1.500000,1.500000,1.500000,1.500000,101.500000
518,1.500000,1.500000,1.500000,1.500000,1.410000,1.410000,1.410000,1.410000,1.410000,1.410000,1.410000,1.410000,1.410000,1.410000,1.410000,1.410000,1.410000,1.410000,1.320000,89.320000
519,1.410000,1.410000,1.320000,1.320000,1.320000,1.320000,1.320000,1.320000,1.320000,1.320000,1.320000,1.320000,1.320000,1.320000,1.320000,1.320000,1.320000,1.230000,1.140000,77.140000
520,1.500000,1.500000,1.500000,1.500000,1.500000,1.500000,1.500000,1.500000,1.500000,1.500000,1.500000,1.500000,1.500000,1.500000,1.500000,1.500000,1.500000,1.500000,1.500000,101.500000
521,1.500000,1.500000,1.500000,1.500000,1.500000,1.500000,1.500000,1.500000,1.500000,1.410000,1.410000,1.410000,1.410000,1.410000,1.410000,1.410000,1.410000,1.410000,1.410000,95.410000
522,1.500000,1.500000,1.500000,1.500000,1.500000,1.500000,1.500000,1.410000,1.410000,1.410000,1.410000,1.410000,1.410000,1.410000,1.410000,1.410000,1.410000,1.410000,1.410000,95.410000
523,1.500000,1.500000,1.500000,1.500000,1.500000,1.500000,1.500000,1.500000,1.410000,1.410000,1.410000,1.410000,1.410000,1.410000,1.410000,1.410000,1.410000,1.410000,1.410000,95.410000
524,1.410000,1.410000,1.410000,1.410000,1.410000,1.410000,1.410000,1.410000,1.320000,1.320000,1.320000,1.320000,1.320000,1.320000,1.320000,1.320000,1.320000,1.320000,1.320000,83.230000
525,1.500000,1.500000,1.500000,1.500000,1.500000,1.500000,1.500000,1.500000,1.500000,1.500000,1.500000,1.500000,1.500000,1.500000,1.500000,1.500000,1.500000,1.500000,1.500000,101.500000
526,1.500000,1.500000,1.500000,1.500000,1.500000,1.500000,1.500000,1.500000,1.500000,1.500000,1.500000,1.500000,1.500000,1.500000,1.500000,1.500000,1.500000,1.500000,1.500000,95.410000
527,1.500000,1.500000,1.500000,1.500000,1.500000,1.500000,1.500000,1.500000,1.500000,1.500000,1.500000,1.500000,1.500000,1.500000,1.410000,1.410000,1.410000,1.410000,1.410000,95.410000
528,1.500000,1.500000,1.500000,1.500000,1.500000,1.500000,1.500000,1.500000,1.500000,1.500000,1.500000,1.500000,1.500000,1.500000,1.500000,1.500000,1.500000,1.500000,1.500000,101.500000
529,1.500000,1.500000,1.500000,1.410000,1.410000,1.410000,1.410000,1.410000,1.410000,1.320000,1.320000,1.320000,1.230000,1.230000,1.230000,1.230000,1.230000,1.230000,1.230000,77.140000
530,1.500000,1.500000,1.500000,1.500000,1.500000,1.410000,1.410000,1.320000,1.320000,1.320000,1.320000,1.320000,1.320000,1.320000,1.320000,1.320000,1.320000,1.320000,1.320000,89.320000
531,1.500000,1.500000,1.500000,1.500000,1.500000,1.500000,1.500000,1.500000,1.500000,1.500000,1.410000,1.410000,1.410000,1.410000,1.410000,1.410000,1.410000,1.410000,1.410000,95.410000
532,1.500000,1.500000,1.410000,1.320000,1.320000,1.320000,1.320000,1.320000,1.320000,1.320000,1.320000,1.320000,1.320000,1.320000,1.320000,1.320000,1.320000,1.320000,1.320000,89.320000
533,1.500000,1.500000,1.500000,1.500000,1.500000,1.500000,1.500000,1.500000,1.500000,1.500000,1.500000,1.500000,1.500000,1.500000,1.500000,1.500000,1.500000,1.500000,1.500000,101.500000
534,1.500000,1.500000,1.500000,1.500000,1.500000,1.500000,1.500000,1.500000,1.500000,1.500000,1.500000,1.500000,1.410000,1.410000,1.410000,1.410000,1.410000,1.410000,1.410000,95.410000
535,1.500000,1.500000,1.500000,1.500000,1.500000,1.500000,1.500000,1.500000,1.500000,1.500000,1.500000,1.500000,1.500000,1.500000,1.500000,1.500000,1.500000,1.500000,1.500000,101.500000
536,1.410000,1.410000,1.410000,1.410000,1.410000,1.410000,1.410000,1.410000,1.410000,1.410000,1.410000,1.410000,1.410000,1.410000,1.410000,1.410000,1.410000,1.410000,1.410000,95.410000
537,1.500000,1.500000,1.500000,1.500000,1.500000,1.500000,1.500000,1.500000,1.500000,1.500000,1.410000,1.410000,1.320000,1.320000,1.320000,1.230000,1.050000,1.050000,0.960000,64.960000
538,1.500000,1.500000,1.500000,1.500000,1.500000,1.500000,1.500000,1.500000,1.500000,1.500000,1.500000,1.500000,1.500000,1.500000,1.410000,1.410000,1.230000,1.230000,1.230000,77.140000
539,1.500000,1.500000,1.500000,1.500000,1.500000,1.500000,1.500000,1.500000,1.320000,1.230000,1.140000,1.140000,1.140000,1.140000,1.140000,1.140000,1.140000,1.140000,1.140000,77.140000
540,1.500000,1.500000,1.500000,1.410000,1.410000,1.410000,1.410000,1.410000,1.410000,1.410000,1.410000,1.410000,1.320000,1.320000,1.320000,1.320000,1.320000,1.320000,1.320000,89.320000
541,1.500000,1.500000,1.500000,1.500000,1.500000,1.500000,1.410000,1.410000,1.410000,1.410000,1.410000,1.410000,1.320000,1.320000,1.320000,1.320000,1.320000,1.320000,1.320000,89.320000
542,1.500000,1.500000,1.500000,1.500000,1.500000,1.500000,1.500000,1.500000,1.500000,1.500000,1.500000,1.500000,1.500000,1.500000,1.500000,1.410000,1.410000,1.410000,1.410000,95.410000
543,1.500000,1.500000,1.500000,1.500000,1.500000,1.500000,1.500000,1.500000,1.500000,1.500000,1.500000,1.500000,1.500000,1.500000,1.500000,1.500000,1.500000,1.500000,1.500000,101.500000
544,1.500000,1.500000,1.500000,1.500000,1.500000,1.500000,1.500000,1.500000,1.500000,1.500000,1.410000,1.410000,1.410000,1.410000,1.410000,1.410000,1.410000,1.410000,1.410000,95.410000
545,1.410000,1.410000,1.410000,1.410000,1.410000,1.410000,1.410000,1.410000,1.410000,1.410000,1.410000,1.410000,1.410000,1.320000,1.320000,1.230000,1.230000,1.140000,1.140000,77.140000
546,1.500000,1.500000,1.500000,1.500000,1.500000,1.500000,1.410000,1.410000,1.410000,1.410000,1.410000,1.410000,1.410000,1.410000,1.410000,1.320000,1.230000,1.230000,1.230000,77.140000
547,1.500000,1.500000,1.500000,1.500000,1.500000,1.500000,1.410000,1.410000,1.410000,1.410000,1.410000,1.410000,1.410000,1.410000,1.410000,1.410000,1.410000,1.410000,1.410000,95.410000
548,1.500000,1.500000,1.500000,1.500000,1.500000,1.500000,1.500000,1.500000,1.500000,1.500000,1.500000,1.500000,1.500000,1.500000,1.500000,1.500000,1.500000,1.500000,1.500000,101.500000
549,1.500000,1.500000,1.500000,1.500000,1.500000,1.500000,1.500000,1.500000,1.410000,1.410000,1.410000,1.410000,1.410000,1.410000,1.410000,1.410000,1.410000,1.410000,1.410000,95.410000
550,1.500000,1.500000,1.500000,1.500000,1.500000,1.500000,1.500000,1.500000,1.500000,1.500000,1.500000,1.500000,1.500000,1.500000,1.500000,1.500000,1.500000,1.500000,1.500000,101.500000
551,1.500000,1.500000,1.500000,1.500000,1.500000,1.500000,1.500000,1.500000,1.500000,1.500000,1.500000,1.500000,1.500000,1.500000,1.500000,1.500000,1.500000,1.500000,1.500000,101.500000
552,1.500000,1.500000,1.500000,1.500000,1.500000,1.500000,1.500000,1.500000,1.500000,1.500000,1.500000,1.500000,1.500000,1.500000,1.500000,1.500000,1.500000,1.410000,1.410000,95.410000
553,1.500000,1.500000,1.500000,1.500000,1.500000,1.500000,1.500000,1.500000,1.410000,1.410000,1.410000,1.410000,1.320000,1.320000,1.320000,1.320000,1.320000,1.230000,1.230000,83.230000
554,1.500000,1.500000,1.500000,1.500000,1.500000,1.500000,1.500000,1.500000,1.500000,1.500000,1.500000,1.500000,1.500000,1.500000,1.500000,1.500000,1.500000,1.500000,1.500000,101.500000
555,1.500000,1.500000,1.500000,1.500000,1.500000,1.500000,1.500000,1.500000,1.500000,1.500000,1.500000,1.500000,1.500000,1.500000,1.410000,1.410000,1.410000,1.410000,1.410000,95.410000
556,1.410000,1.410000,1.410000,1.320000,1.320000,1.320000,1.230000,1.230000,1.230000,1.230000,1.230000,1.230000,1.230000,1.230000,1.230000,1.230000,1.230000,1.230000,1.230000,83.230000
557,1.500000,1.500000,1.500000,1.500000,1.500000,1.500000,1.500000,1.500000,1.500000,1.500000,1.500000,1.500000,1.500000,1.500000,1.500000,1.500000,1.500000,1.500000,1.500000,101.500000
558,1.500000,1.500000,1.500000,1.500000,1.500000,1.500000,1.500000,1.500000,1.500000,1.500000,1.500000,1.500000,1.500000,1.410000,1.320000,1.320000,1.320000,1.230000,1.230000,83.230000
559,1.500000,1.500000,1.500000,1.500000,1.500000,1.500000,1.500000,1.500000,1.500000,1.500000,1.500000,1.500000,1.500000,1.500000,1.500000,1.500000,1.500000,1.500000,1.500000,101.500000
560,1.320000,1.320000,1.320000,1.320000,1.230000,1.230000,1.230000,1.230000,1.230000,1.230000,1.230000,1.230000,1.230000,1.140000,1.140000,1.140000,1.140000,1.140000,1.140000,77.140000
561,1.500000,1.500000,1.500000,1.410000,1.410000,1.410000,1.410000,1.410000,1.410000,1.410000,1.410000,1.410000,1.410000,1.410000,1.410000,1.410000,1.410000,1.410000,1.410000,95.410000
562,1.410000,1.320000,1.230000,1.050000,1.050000,1.050000,0.870000,0.870000,0.870000,0.870000,0.870000,0.870000,0.870000,0.870000,0.780000,0.780000,0.780000,0.780000,0.780000,52.780000
563,1.500000,1.500000,1.410000,1.410000,1.410000,1.410000,1.320000,1.320000,1.320000,1.320000,1.320000,1.320000,1.230000,1.230000,1.230000,1.230000,1.230000,1.230000,1.230000,83.230000
564,1.500000,1.500000,1.500000,1.500000,1.500000,1.500000,1.500000,1.500000,1.410000,1.410000,1.410000,1.410000,1.410000,1.410000,1.410000,1.410000,1.410000,1.410000,1.320000,89.320000
565,1.500000,1.500000,1.500000,1.500000,1.500000,1.500000,1.500000,1.500000,1.500000,1.500000,1.500000,1.500000,1.500000,1.500000,1.500000,1.500000,1.500000,1.500000,1.500000,101.500000
566,1.500000,1.500000,1.500000,1.500000,1.500000,1.410000,1.410000,1.410000,1.410000,1.410000,1.410000,1.410000,1.410000,1.410000,1.410000,1.410000,1.320000,1.320000,1.320000,89.320000
567,1.500000,1.500000,1.500000,1.500000,1.410000,1.410000,1.410000,1.410000,1.410000,1.320000,1.320000,1.320000,1.320000,1.320000,1.320000,1.320000,1.320000,1.320000,1.320000,89.320000
568,1.500000,1.500000,1.500000,1.500000,1.500000,1.500000,1.500000,1.500000,1.500000,1.500000,1.500000,1.500000,1.500000,1.500000,1.500000,1.500000,1.500000,1.500000,1.500000,101.500000
569,1.500000,1.500000,1.500000,1.410000,1.410000,1.410000,1.320000,1.320000,1.320000,1.320000,1.320000,1.320000,1.320000,1.320000,1.230000,1.230000,1.230000,1.230000,1.230000,83.230000
570,1.500000,1.500000,1.500000,1.500000,1.500000,1.500000,1.500000,1.500000,1.500000,1.500000,1.500000,1.500000,1.500000,1.500000,1.500000,1.500000,1.500000,1.500000,1.410000,95.410000
571,1.500000,1.500000,1.500000,1.500000,1.410000,1.320000,1.320000,1.320000,1.230000,1.230000,1.230000,1.230000,1.230000,1.230000,1.230000,1.230000,1.230000,1.230000,1.230000,77.140000
572,1.500000,1.500000,1.500000,1.500000,1.320000,1.320000,1.320000,1.320000,1.320000,1.320000,1.320000,1.320000,1.230000,1.230000,1.230000,1.140000,1.140000,1.140000,1.140000,77.140000
573,1.500000,1.500000,1.410000,1.410000,1.410000,1.410000,1.410000,1.410000,1.410000,1.410000,1.410000,1.410000,1.410000,1.410000,1.410000,1.410000,1.410000,1.410000,1.410000,95.410000
574,1.410000,1.320000,1.320000,1.320000,1.320000,1.320000,1.320000,1.320000,1.320000,1.320000,1.320000,1.140000,1.140000,1.140000,1.140000,1.140000,1.140000,1.140000,1.140000,77.140000
575,1.500000,1.500000,1.500000,1.500000,1.500000,1.500000,1.500000,1.500000,1.500000,1.500000,1.500000,1.410000,1.410000,1.410000,1.410000,1.410000,1.410000,1.410000,1.410000,95.410000
576,1.500000,1.500000,1.500000,1.500000,1.500000,1.410000,1.410000,1.320000,1.320000,1.320000,1.230000,1.230000,1.230000,1.230000,1.230000,1.230000,1.230000,1.230000,1.140000,71.050000
577,1.500000,1.500000,1.500000,1.500000,1.500000,1.500000,1.500000,1.500000,1.410000,1.410000,1.320000,1.320000,1.320000,1.140000,1.140000,1.140000,1.140000,1.140000,1.140000,77.140000
578,1.500000,1.500000,1.500000,1.500000,1.500000,1.500000,1.500000,1.500000,1.500000,1.500000,1.500000,1.500000,1.500000,1.500000,1.500000,1.500000,1.500000,1.500000,1.500000,101.500000
579,1.500000,1.500000,1.500000,1.500000,1.500000,1.500000,1.320000,1.320000,1.320000,1.320000,1.320000,1.320000,1.320000,1.320000,1.230000,1.230000,1.140000,1.140000,1.140000,71.050000
580,1.500000,1.500000,1.500000,1.410000,1.410000,1.410000,1.410000,1.410000,1.410000,1.410000,1.410000,1.410000,1.410000,1.410000,1.410000,1.410000,1.410000,1.410000,1.410000,95.410000
581,1.500000,1.500000,1.500000,1.500000,1.500000,1.500000,1.410000,1.410000,1.410000,1.410000,1.410000,1.410000,1.410000,1.410000,1.410000,1.410000,1.410000,1.410000,1.410000,95.410000
582,1.500000,1.500000,1.500000,1.500000,1.410000,1.410000,1.320000,1.140000,1.140000,1.140000,1.140000,1.140000,1.140000,1.140000,1.140000,1.140000,1.140000,1.140000,1.050000,71.050000
583,1.500000,1.500000,1.500000,1.500000,1.410000,1.410000,1.410000,1.410000,1.410000,1.320000,1.320000,1.320000,1.320000,1.320000,1.320000,1.230000,1.230000,1.230000,1.230000,83.230000
584,1.500000,1.500000,1.500000,1.500000,1.500000,1.500000,1.500000,1.500000,1.500000,1.500000,1.500000,1.500000,1.500000,1.500000,1.500000,1.500000,1.500000,1.500000,1.500000,101.500000
585,1.500000,1.500000,1.500000,1.500000,1.500000,1.500000,1.410000,1.410000,1.410000,1.410000,1.410000,1.410000,1.410000,1.410000,1.410000,1.410000,1.410000,1.410000,1.410000,95.410000
586,1.500000,1.500000,1.500000,1.500000,1.500000,1.500000,1.500000,1.500000,1.500000,1.500000,1.500000,1.500000,1.500000,1.500000,1.410000,1.410000,1.410000,1.410000,1.410000,95.410000
587,1.500000,1.500000,1.500000,1.500000,1.500000,1.500000,1.500000,1.500000,1.500000,1.500000,1.500000,1.500000,1.500000,1.500000,1.500000,1.500000,1.500000,1.500000,1.500000,95.410000
588,1.500000,1.500000,1.410000,1.410000,1.410000,1.320000,1.230000,1.230000,1.230000,1.230000,1.230000,1.230000,1.140000,1.050000,1.050000,1.050000,1.050000,1.050000,1.050000,71.050000
589,1.500000,1.410000,1.410000,1.320000,1.320000,1.230000,1.230000,1.230000,1.230000,1.230000,1.230000,1.230000,1.230000,1.230000,1.230000,1.230000,1.230000,1.230000,1.140000,71.050000
590,1.500000,1.500000,1.500000,1.500000,1.500000,1.500000,1.500000,1.500000,1.500000,1.500000,1.500000,1.500000,1.500000,1.500000,1.500000,1.500000,1.500000,1.500000,1.500000,101.500000
591,1.500000,1.500000,1.320000,1.320000,1.320000,1.320000,1.320000,1.320000,1.320000,1.320000,1.320000,1.320000,1.320000,1.320000,1.320000,1.320000,1.320000,1.320000,1.320000,89.320000
592,1.500000,1.500000,1.500000,1.500000,1.500000,1.500000,1.500000,1.500000,1.500000,1.500000,1.500000,1.500000,1.500000,1.500000,1.500000,1.500000,1.500000,1.500000,1.500000,101.500000
593,1.500000,1.500000,1.500000,1.500000,1.500000,1.500000,1.500000,1.500000,1.500000,1.410000,1.320000,1.320000,1.320000,1.320000,1.320000,1.230000,1.230000,1.230000,1.230000,83.230000
594,1.500000,1.500000,1.410000,1.320000,1.320000,1.320000,1.320000,1.320000,1.320000,1.320000,1.320000,1.320000,1.320000,1.320000,1.320000,1.320000,1.320000,1.320000,1.320000,89.320000
595,1.500000,1.500000,1.500000,1.500000,1.500000,1.500000,1.500000,1.500000,1.500000,1.500000,1.500000,1.500000,1.500000,1.500000,1.500000,1.500000,1.410000,1.410000,1.410000,89.320000
596,1.500000,1.410000,1.410000,1.410000,1.410000,1.410000,1.410000,1.410000,1.410000,1.410000,1.410000,1.410000,1.410000,1.410000,1.410000,1.410000,1.410000,1.410000,1.410000,95.410000
597,1.500000,1.500000,1.500000,1.500000,1.500000,1.500000,1.500000,1.500000,1.410000,1.410000,1.410000,1.410000,1.320000,1.320000,1.230000,1.230000,1.230000,1.230000,1.230000,83.230000
598,1.500000,1.500000,1.500000,1.500000,1.500000,1.500000,1.500000,1.500000,1.500000,1.500000,1.500000,1.500000,1.500000,1.500000,1.500000,1.500000,1.500000,1.500000,1.500000,101.500000
599,1.500000,1.500000,1.500000,1.500000,1.500000,1.500000,1.500000,1.500000,1.500000,1.500000,1.500000,1.500000,1.500000,1.410000,1.410000,1.410000,1.410000,1.410000,1.410000,95.410000
600,1.500000,1.500000,1.500000,1.500000,1.500000,1.500000,1.500000,1.500000,1.500000,1.500000,1.500000,1.500000,1.500000,1.500000,1.500000,1.500000,1.500000,1.500000,1.500000,101.500000
601,1.500000,1.500000,1.500000,1.500000,1.500000,1.500000,1.500000,1.500000,1.500000,1.500000,1.500000,1.500000,1.500000,1.500000,1.500000,1.500000,1.500000,1.500000,1.500000,101.500000
602,1.500000,1.500000,1.410000,1.410000,1.410000,1.410000,1.410000,1.410000,1.410000,1.410000,1.410000,1.410000,1.410000,1.410000,1.320000,1.320000,1.230000,1.230000,1.230000,83.230000
603,1.500000,1.500000,1.500000,1.500000,1.500000,1.500000,1.500000,1.500000,1.500000,1.500000,1.500000,1.500000,1.500000,1.500000,1.500000,1.410000,1.410000,1.410000,1.410000,95.410000
604,1.500000,1.500000,1.500000,1.500000,1.500000,1.500000,1.500000,1.500000,1.500000,1.500000,1.500000,1.500000,1.500000,1.500000,1.500000,1.500000,1.500000,1.500000,1.500000,101.500000
605,1.500000,1.500000,1.500000,1.500000,1.500000,1.500000,1.500000,1.500000,1.500000,1.500000,1.500000,1.500000,1.500000,1.500000,1.500000,1.500000,1.500000,1.500000,1.500000,101.500000
606,1.500000,1.500000,1.500000,1.500000,1.500000,1.500000,1.500000,1.500000,1.500000,1.500000,1.500000,1.500000,1.500000,1.500000,1.500000,1.500000,1.500000,1.500000,1.500000,101.500000
607,1.410000,1.410000,1.410000,1.410000,1.410000,1.410000,1.320000,1.320000,1.320000,1.320000,1.320000,1.320000,1.230000,1.230000,1.230000,1.230000,1.230000,1.230000,1.230000,83.230000
608,1.500000,1.500000,1.500000,1.410000,1.410000,1.410000,1.410000,1.410000,1.410000,1.410000,1.410000,1.410000,1.410000,1.410000,1.410000,1.410000,1.410000,1.410000,1.410000,95.410000
609,1.500000,1.500000,1.500000,1.500000,1.500000,1.500000,1.500000,1.500000,1.500000,1.500000,1.500000,1.500000,1.500000,1.500000,1.500000,1.500000,1.500000,1.500000,1.500000,101.500000
610,1.500000,1.500000,1.500000,1.500000,1.500000,1.500000,1.500000,1.500000,1.500000,1.500000,1.500000,1.500000,1.500000,1.500000,1.500000,1.500000,1.500000,1.410000,1.410000,95.410000
611,1.500000,1.500000,1.500000,1.500000,1.500000,1.500000,1.500000,1.500000,1.500000,1.500000,1.500000,1.500000,1.500000,1.500000,1.500000,1.500000,1.500000,1.500000,1.500000,101.500000
612,1.500000,1.500000,1.500000,1.500000,1.500000,1.500000,1.500000,1.500000,1.500000,1.500000,1.500000,1.500000,1.500000,1.500000,1.500000,1.500000,1.500000,1.410000,1.410000,89.320000
613,1.500000,1.500000,1.500000,1.500000,1.500000,1.500000,1.500000,1.500000,1.500000,1.500000,1.500000,1.500000,1.500000,1.500000,1.500000,1.500000,1.500000,1.500000,1.500000,101.500000
614,1.500000,1.500000,1.500000,1.500000,1.500000,1.500000,1.500000,1.500000,1.500000,1.500000,1.500000,1.500000,1.500000,1.500000,1.500000,1.500000,1.500000,1.500000,1.410000,95.410000
615,1.410000,1.410000,1.410000,1.410000,1.410000,1.410000,1.410000,1.410000,1.410000,1.410000,1.410000,1.410000,1.410000,1.410000,1.410000,1.410000,1.410000,1.410000,1.410000,95.410000
616,1.320000,1.320000,1.320000,1.320000,1.230000,1.230000,1.230000,1.230000,1.230000,1.230000,1.230000,1.230000,1.230000,1.140000,1.140000,1.140000,1.140000,1.140000,1.050000,71.050000
617,1.500000,1.500000,1.500000,1.500000,1.500000,1.500000,1.500000,1.500000,1.500000,1.410000,1.410000,1.410000,1.410000,1.410000,1.410000,1.410000,1.410000,1.410000,1.410000,95.410000
618,1.500000,1.410000,1.410000,1.410000,1.320000,1.140000,1.050000,0.960000,0.960000,0.960000,0.960000,0.960000,0.960000,0.960000,0.960000,0.870000,0.870000,0.870000,0.780000,52.780000
619,1.500000,1.500000,1.500000,1.500000,1.500000,1.500000,1.410000,1.410000,1.410000,1.410000,1.320000,1.320000,1.320000,1.320000,1.320000,1.320000,1.320000,1.320000,1.320000,89.320000
620,1.500000,1.500000,1.500000,1.500000,1.500000,1.500000,1.500000,1.500000,1.500000,1.500000,1.500000,1.500000,1.500000,1.500000,1.500000,1.500000,1.500000,1.500000,1.500000,101.500000
621,1.500000,1.500000,1.500000,1.500000,1.500000,1.500000,1.500000,1.500000,1.500000,1.500000,1.500000,1.500000,1.500000,1.500000,1.500000,1.500000,1.500000,1.500000,1.500000,101.500000
622,1.500000,1.500000,1.500000,1.500000,1.500000,1.500000,1.500000,1.410000,1.410000,1.410000,1.410000,1.410000,1.410000,1.410000,1.410000,1.410000,1.320000,1.320000,1.320000,89.320000
623,1.500000,1.500000,1.500000,1.500000,1.500000,1.500000,1.500000,1.500000,1.500000,1.500000,1.500000,1.500000,1.500000,1.500000,1.500000,1.500000,1.500000,1.500000,1.410000,95.410000
624,1.500000,1.500000,1.500000,1.500000,1.500000,1.500000,1.500000,1.500000,1.500000,1.500000,1.500000,1.500000,1.500000,1.500000,1.500000,1.500000,1.500000,1.500000,1.500000,101.500000
625,1.500000,1.500000,1.500000,1.500000,1.500000,1.500000,1.410000,1.410000,1.410000,1.410000,1.410000,1.320000,1.320000,1.320000,1.320000,1.320000,1.320000,1.320000,1.320000,89.320000
626,1.500000,1.500000,1.500000,1.500000,1.500000,1.500000,1.500000,1.500000,1.500000,1.500000,1.500000,1.500000,1.500000,1.500000,1.500000,1.500000,1.500000,1.500000,1.500000,101.500000
627,1.500000,1.500000,1.500000,1.500000,1.500000,1.500000,1.500000,1.500000,1.500000,1.500000,1.500000,1.500000,1.500000,1.500000,1.500000,1.500000,1.500000,1.500000,1.500000,101.500000
628,1.500000,1.410000,1.410000,1.410000,1.410000,1.410000,1.410000,1.410000,1.410000,1.410000,1.410000,1.410000,1.410000,1.410000,1.410000,1.410000,1.410000,1.410000,1.410000,95.410000
629,1.500000,1.500000,1.500000,1.500000,1.500000,1.500000,1.410000,1.410000,1.410000,1.410000,1.410000,1.410000,1.410000,1.410000,1.320000,1.320000,1.320000,1.230000,1.230000,83.230000
630,1.500000,1.500000,1.500000,1.500000,1.500000,1.500000,1.500000,1.500000,1.500000,1.500000,1.500000,1.500000,1.500000,1.500000,1.500000,1.500000,1.500000,1.500000,1.500000,101.500000
631,1.500000,1.500000,1.500000,1.500000,1.410000,1.410000,1.410000,1.410000,1.320000,1.320000,1.320000,1.320000,1.320000,1.320000,1.320000,1.320000,1.320000,1.320000,1.320000,89.320000
632,1.500000,1.500000,1.500000,1.500000,1.500000,1.500000,1.500000,1.500000,1.500000,1.500000,1.500000,1.500000,1.500000,1.500000,1.500000,1.500000,1.500000,1.500000,1.500000,101.500000
633,1.500000,1.500000,1.500000,1.500000,1.500000,1.500000,1.500000,1.500000,1.500000,1.500000,1.500000,1.500000,1.500000,1.500000,1.500000,1.500000,1.500000,1.500000,1.500000,101.500000
634,1.500000,1.500000,1.410000,1.410000,1.410000,1.410000,1.410000,1.410000,1.410000,1.410000,1.410000,1.410000,1.410000,1.410000,1.410000,1.410000,1.410000,1.410000,1.410000,95.410000
635,1.410000,1.410000,1.410000,1.320000,1.320000,1.320000,1.320000,1.320000,1.320000,1.230000,1.230000,1.140000,1.140000,1.140000,1.140000,1.140000,1.140000,1.050000,1.050000,71.050000
636,1.500000,1.500000,1.500000,1.500000,1.500000,1.500000,1.500000,1.500000,1.500000,1.500000,1.500000,1.500000,1.500000,1.500000,1.500000,1.500000,1.500000,1.500000,1.500000,101.500000
637,1.410000,1.410000,1.410000,1.320000,1.320000,1.320000,1.320000,1.320000,1.230000,1.230000,1.230000,1.230000,1.230000,1.230000,1.230000,1.230000,1.230000,1.230000,1.230000,83.230000
638,1.500000,1.500000,1.410000,1.410000,1.410000,1.410000,1.410000,1.410000,1.410000,1.320000,1.320000,1.320000,1.320000,1.320000,1.320000,1.320000,1.320000,1.320000,1.320000,89.320000
639,1.500000,1.500000,1.500000,1.500000,1.500000,1.500000,1.500000,1.500000,1.500000,1.500000,1.500000,1.500000,1.500000,1.500000,1.500000,1.500000,1.500000,1.500000,1.500000,95.410000
640,1.500000,1.500000,1.500000,1.500000,1.500000,1.500000,1.500000,1.500000,1.500000,1.500000,1.500000,1.500000,1.500000,1.500000,1.500000,1.500000,1.500000,1.500000,1.500000,101.500000
641,1.500000,1.500000,1.500000,1.500000,1.500000,1.500000,1.500000,1.500000,1.500000,1.500000,1.500000,1.500000,1.500000,1.500000,1.410000,1.410000,1.410000,1.410000,1.410000,95.410000
642,1.500000,1.500000,1.500000,1.500000,1.500000,1.500000,1.500000,1.500000,1.500000,1.500000,1.500000,1.500000,1.500000,1.500000,1.500000,1.500000,1.500000,1.500000,1.500000,101.500000
643,1.500000,1.500000,1.500000,1.500000,1.500000,1.500000,1.500000,1.500000,1.500000,1.500000,1.500000,1.500000,1.500000,1.500000,1.500000,1.500000,1.500000,1.500000,1.500000,101.500000
644,1.500000,1.500000,1.500000,1.500000,1.500000,1.500000,1.500000,1.500000,1.500000,1.500000,1.500000,1.500000,1.500000,1.500000,1.500000,1.500000,1.500000,1.500000,1.500000,101.500000
645,1.500000,1.500000,1.500000,1.500000,1.500000,1.500000,1.500000,1.500000,1.500000,1.500000,1.500000,1.320000,1.320000,1.320000,1.320000,1.320000,1.320000,1.320000,1.320000,89.320000
646,1.500000,1.500000,1.500000,1.500000,1.500000,1.500000,1.500000,1.500000,1.500000,1.500000,1.500000,1.500000,1.410000,1.410000,1.410000,1.410000,1.410000,1.410000,1.410000,95.410000
647,1.500000,1.410000,1.410000,1.410000,1.320000,1.140000,1.140000,1.140000,1.140000,1.140000,1.140000,1.140000,1.140000,1.140000,1.140000,1.140000,1.050000,0.960000,0.960000,58.870000
648,1.500000,1.500000,1.500000,1.500000,1.500000,1.500000,1.500000,1.500000,1.500000,1.500000,1.500000,1.500000,1.500000,1.500000,1.500000,1.500000,1.500000,1.500000,1.500000,101.500000
649,1.500000,1.500000,1.500000,1.500000,1.500000,1.500000,1.500000,1.500000,1.500000,1.500000,1.500000,1.500000,1.500000,1.500000,1.500000,1.500000,1.500000,1.500000,1.500000,101.500000
650,1.500000,1.500000,1.500000,1.500000,1.500000,1.410000,1.410000,1.410000,1.410000,1.410000,1.410000,1.320000,1.230000,1.230000,1.230000,1.230000,1.230000,1.230000,1.230000,83.230000
651,1.500000,1.500000,1.410000,1.410000,1.410000,1.410000,1.410000,1.410000,1.410000,1.410000,1.320000,1.230000,1.230000,1.230000,1.230000,1.230000,1.230000,1.140000,1.140000,77.140000
652,1.500000,1.500000,1.500000,1.410000,1.230000,1.140000,1.140000,1.140000,1.140000,1.140000,1.140000,1.140000,1.140000,1.140000,1.140000,1.140000,1.140000,1.140000,1.140000,77.140000
653,1.500000,1.500000,1.410000,1.410000,1.410000,1.410000,1.410000,1.410000,1.410000,1.410000,1.410000,1.410000,1.410000,1.410000,1.410000,1.410000,1.410000,1.410000,1.410000,95.410000
654,1.500000,1.500000,1.410000,1.410000,1.410000,1.410000,1.410000,1.410000,1.410000,1.410000,1.410000,1.410000,1.320000,1.320000,1.320000,1.320000,1.320000,1.320000,1.230000,83.230000
655,1.500000,1.500000,1.500000,1.500000,1.500000,1.500000,1.500000,1.500000,1.500000,1.410000,1.410000,1.410000,1.410000,1.410000,1.410000,1.410000,1.410000,1.410000,1.410000,95.410000
656,1.500000,1.500000,1.500000,1.500000,1.500000,1.500000,1.500000,1.500000,1.500000,1.410000,1.410000,1.410000,1.410000,1.410000,1.410000,1.410000,1.410000,1.410000,1.410000,95.410000
657,1.500000,1.500000,1.500000,1.500000,1.500000,1.500000,1.500000,1.500000,1.500000,1.500000,1.500000,1.500000,1.500000,1.500000,1.500000,1.410000,1.410000,1.320000,1.320000,89.320000
658,1.500000,1.500000,1.500000,1.500000,1.500000,1.500000,1.500000,1.500000,1.500000,1.500000,1.500000,1.500000,1.500000,1.500000,1.500000,1.500000,1.500000,1.500000,1.500000,101.500000
659,1.500000,1.500000,1.500000,1.500000,1.500000,1.410000,1.410000,1.320000,1.320000,1.140000,1.140000,1.140000,1.140000,1.140000,1.140000,1.140000,1.140000,1.140000,1.050000,71.050000
660,1.500000,1.500000,1.500000,1.500000,1.500000,1.500000,1.500000,1.500000,1.500000,1.500000,1.500000,1.500000,1.500000,1.500000,1.500000,1.500000,1.500000,1.500000,1.500000,101.500000
661,1.410000,1.410000,1.410000,1.410000,1.410000,1.410000,1.410000,1.410000,1.410000,1.320000,1.320000,1.320000,1.320000,1.320000,1.320000,1.320000,1.320000,1.320000,1.320000,89.320000
662,1.500000,1.410000,1.410000,1.410000,1.410000,1.410000,1.410000,1.320000,1.320000,1.320000,1.320000,1.320000,1.320000,1.320000,1.320000,1.320000,1.320000,1.320000,1.320000,89.320000
663,1.500000,1.500000,1.500000,1.500000,1.500000,1.500000,1.500000,1.500000,1.500000,1.500000,1.500000,1.500000,1.500000,1.500000,1.500000,1.500000,1.500000,1.500000,1.500000,101.500000
664,1.500000,1.500000,1.500000,1.500000,1.500000,1.500000,1.500000,1.500000,1.500000,1.500000,1.500000,1.500000,1.500000,1.500000,1.500000,1.500000,1.500000,1.500000,1.500000,101.500000
665,1.500000,1.500000,1.500000,1.500000,1.500000,1.500000,1.500000,1.500000,1.500000,1.500000,1.500000,1.500000,1.500000,1.500000,1.500000,1.500000,1.500000,1.500000,1.500000,101.500000
666,1.500000,1.500000,1.500000,1.500000,1.500000,1.500000,1.500000,1.500000,1.500000,1.500000,1.500000,1.500000,1.500000,1.500000,1.500000,1.500000,1.500000,1.500000,1.500000,101.500000
667,1.500000,1.500000,1.500000,1.500000,1.500000,1.500000,1.500000,1.500000,1.500000,1.500000,1.500000,1.500000,1.500000,1.500000,1.500000,1.500000,1.500000,1.410000,1.410000,95.410000
668,1.500000,1.500000,1.500000,1.500000,1.500000,1.500000,1.500000,1.500000,1.500000,1.500000,1.500000,1.500000,1.500000,1.500000,1.500000,1.500000,1.500000,1.500000,1.500000,101.500000
669,1.320000,1.320000,1.320000,1.320000,1.230000,1.230000,1.230000,1.140000,1.140000,1.140000,1.050000,1.050000,1.050000,1.050000,1.050000,1.050000,1.050000,1.050000,1.050000,71.050000
670,1.500000,1.500000,1.500000,1.500000,1.500000,1.410000,1.410000,1.410000,1.410000,1.410000,1.320000,1.320000,1.320000,1.320000,1.320000,1.230000,1.230000,1.230000,1.230000,83.230000
671,1.500000,1.500000,1.500000,1.500000,1.500000,1.500000,1.500000,1.500000,1.500000,1.500000,1.500000,1.500000,1.500000,1.500000,1.500000,1.500000,1.500000,1.500000,1.500000,101.500000
672,1.500000,1.500000,1.500000,1.500000,1.500000,1.500000,1.410000,1.410000,1.410000,1.410000,1.410000,1.410000,1.410000,1.410000,1.410000,1.410000,1.320000,1.320000,1.320000,89.320000
673,1.500000,1.500000,1.500000,1.500000,1.500000,1.500000,1.500000,1.500000,1.500000,1.500000,1.500000,1.500000,1.500000,1.410000,1.410000,1.410000,1.410000,1.410000,1.410000,95.410000
674,1.500000,1.500000,1.500000,1.410000,1.410000,1.410000,1.410000,1.410000,1.410000,1.410000,1.410000,1.410000,1.410000,1.410000,1.320000,1.320000,1.320000,1.320000,1.320000,83.230000
675,1.500000,1.500000,1.500000,1.500000,1.500000,1.500000,1.500000,1.500000,1.500000,1.500000,1.500000,1.500000,1.500000,1.500000,1.410000,1.410000,1.410000,1.410000,1.410000,95.410000
676,1.500000,1.500000,1.500000,1.500000,1.500000,1.500000,1.500000,1.500000,1.500000,1.500000,1.500000,1.500000,1.500000,1.410000,1.410000,1.410000,1.410000,1.410000,1.410000,95.410000
677,1.500000,1.410000,1.410000,1.410000,1.410000,1.410000,1.410000,1.410000,1.320000,1.320000,1.320000,1.320000,1.320000,1.320000,1.230000,1.230000,1.230000,1.230000,1.230000,83.230000
678,1.500000,1.500000,1.500000,1.500000,1.500000,1.500000,1.500000,1.500000,1.500000,1.500000,1.500000,1.500000,1.500000,1.500000,1.500000,1.500000,1.500000,1.500000,1.500000,101.500000
679,1.500000,1.500000,1.500000,1.500000,1.500000,1.500000,1.500000,1.410000,1.320000,1.320000,1.230000,1.230000,1.230000,1.230000,1.230000,1.230000,1.230000,1.230000,1.230000,83.230000
680,1.500000,1.500000,1.500000,1.500000,1.500000,1.500000,1.500000,1.500000,1.500000,1.500000,1.500000,1.500000,1.500000,1.500000,1.500000,1.500000,1.500000,1.500000,1.500000,101.500000
681,1.500000,1.500000,1.500000,1.500000,1.500000,1.500000,1.500000,1.500000,1.500000,1.500000,1.500000,1.500000,1.500000,1.500000,1.500000,1.500000,1.500000,1.410000,1.410000,95.410000
682,1.500000,1.320000,1.230000,1.230000,1.140000,1.140000,1.050000,1.050000,1.050000,1.050000,1.050000,0.960000,0.960000,0.960000,0.960000,0.960000,0.960000,0.960000,0.960000,64.960000
683,1.500000,1.410000,1.410000,1.410000,1.410000,1.410000,1.410000,1.320000,1.320000,1.320000,1.320000,1.320000,1.320000,1.320000,1.320000,1.320000,1.320000,1.320000,1.320000,89.320000
684,1.500000,1.500000,1.500000,1.500000,1.410000,1.410000,1.410000,1.410000,1.410000,1.410000,1.320000,1.320000,1.320000,1.320000,1.320000,1.320000,1.230000,1.230000,1.230000,83.230000
685,1.410000,1.410000,1.410000,1.410000,1.410000,1.320000,1.320000,1.320000,1.320000,1.320000,1.320000,1.320000,1.230000,1.230000,1.230000,1.230000,1.140000,1.140000,1.140000,77.140000
686,1.500000,1.320000,1.320000,1.320000,1.320000,1.320000,1.320000,1.320000,1.320000,1.320000,1.320000,1.320000,1.320000,1.320000,1.230000,1.140000,1.140000,1.140000,1.140000,77.140000
687,1.500000,1.500000,1.410000,1.410000,1.320000,1.320000,1.230000,1.230000,1.230000,1.230000,1.230000,1.140000,1.140000,1.140000,1.140000,1.140000,1.140000,1.140000,1.140000,77.140000
688,1.500000,1.500000,1.500000,1.500000,1.500000,1.500000,1.500000,1.500000,1.500000,1.500000,1.410000,1.410000,1.410000,1.410000,1.410000,1.410000,1.410000,1.410000,1.410000,95.410000
689,1.500000,1.410000,1.410000,1.410000,1.410000,1.410000,1.410000,1.410000,1.410000,1.410000,1.410000,1.410000,1.410000,1.410000,1.410000,1.230000,1.230000,1.140000,1.050000,71.050000
690,1.500000,1.500000,1.500000,1.500000,1.500000,1.500000,1.500000,1.500000,1.500000,1.500000,1.500000,1.500000,1.500000,1.500000,1.500000,1.500000,1.500000,1.500000,1.410000,95.410000
691,1.500000,1.500000,1.500000,1.500000,1.500000,1.500000,1.500000,1.500000,1.500000,1.500000,1.500000,1.500000,1.410000,1.410000,1.410000,1.410000,1.410000,1.410000,1.410000,95.410000
692,1.500000,1.500000,1.500000,1.500000,1.500000,1.500000,1.500000,1.500000,1.500000,1.500000,1.500000,1.500000,1.500000,1.500000,1.500000,1.410000,1.410000,1.410000,1.320000,89.320000
693,1.500000,1.500000,1.500000,1.410000,1.410000,1.410000,1.410000,1.320000,1.320000,1.320000,1.320000,1.320000,1.230000,1.230000,1.230000,1.230000,1.230000,1.230000,1.230000,83.230000
694,1.500000,1.500000,1.500000,1.500000,1.500000,1.500000,1.410000,1.410000,1.410000,1.410000,1.410000,1.410000,1.410000,1.410000,1.410000,1.410000,1.410000,1.410000,1.410000,95.410000
695,1.500000,1.410000,1.410000,1.410000,1.410000,1.410000,1.410000,1.410000,1.410000,1.410000,1.410000,1.410000,1.410000,1.410000,1.410000,1.410000,1.410000,1.410000,1.410000,95.410000
696,1.500000,1.500000,1.500000,1.410000,1.410000,1.410000,1.410000,1.410000,1.410000,1.410000,1.410000,1.410000,1.410000,1.410000,1.410000,1.410000,1.410000,1.410000,1.410000,95.410000
697,1.500000,1.500000,1.500000,1.500000,1.500000,1.500000,1.500000,1.500000,1.500000,1.500000,1.500000,1.500000,1.500000,1.500000,1.500000,1.500000,1.500000,1.500000,1.500000,101.500000
698,1.500000,1.500000,1.500000,1.500000,1.320000,1.320000,1.320000,1.320000,1.320000,1.320000,1.320000,1.320000,1.320000,1.320000,1.320000,1.230000,1.230000,1.230000,1.230000,83.230000
699,1.500000,1.500000,1.500000,1.410000,1.410000,1.410000,1.410000,1.410000,1.410000,1.410000,1.410000,1.410000,1.320000,1.320000,1.230000,1.230000,1.230000,1.230000,1.230000,83.230000
700,1.500000,1.500000,1.500000,1.500000,1.500000,1.500000,1.500000,1.500000,1.500000,1.500000,1.500000,1.500000,1.500000,1.500000,1.500000,1.500000,1.500000,1.500000,1.500000,101.500000
701,1.410000,1.410000,1.410000,1.320000,1.320000,1.320000,1.320000,1.320000,1.320000,1.320000,1.320000,1.320000,1.320000,1.320000,1.230000,1.140000,1.140000,1.140000,1.140000,77.140000
702,1.500000,1.500000,1.500000,1.500000,1.500000,1.500000,1.500000,1.500000,1.500000,1.500000,1.500000,1.500000,1.500000,1.500000,1.500000,1.500000,1.500000,1.500000,1.500000,101.500000
703,1.500000,1.410000,1.320000,1.320000,1.320000,1.320000,1.320000,1.320000,1.320000,1.320000,1.320000,1.320000,1.320000,1.320000,1.320000,1.320000,1.320000,1.320000,1.230000,83.230000
704,1.500000,1.500000,1.500000,1.500000,1.410000,1.410000,1.320000,1.320000,1.320000,1.320000,1.320000,1.320000,1.230000,1.140000,1.140000,1.140000,1.050000,1.050000,1.050000,71.050000
705,1.500000,1.500000,1.500000,1.500000,1.500000,1.500000,1.500000,1.500000,1.500000,1.500000,1.500000,1.500000,1.320000,1.320000,1.230000,1.230000,1.230000,1.230000,1.140000,77.140000
706,1.410000,1.410000,1.320000,1.320000,1.320000,1.320000,1.320000,1.320000,1.320000,1.320000,1.320000,1.230000,1.230000,1.230000,1.140000,1.140000,1.140000,1.140000,1.140000,77.140000
707,1.500000,1.500000,1.500000,1.500000,1.500000,1.500000,1.500000,1.500000,1.500000,1.500000,1.500000,1.410000,1.410000,1.410000,1.410000,1.410000,1.410000,1.410000,1.410000,95.410000
708,1.410000,1.410000,1.410000,1.410000,1.410000,1.320000,1.320000,1.320000,1.320000,1.320000,1.320000,1.320000,1.320000,1.320000,1.320000,1.140000,1.140000,1.140000,1.140000,77.140000
709,1.410000,1.410000,1.410000,1.320000,1.230000,1.230000,1.140000,1.140000,1.140000,1.140000,1.050000,1.050000,1.050000,0.960000,0.960000,0.960000,0.960000,0.960000,0.960000,64.960000
710,1.500000,1.500000,1.500000,1.500000,1.500000,1.500000,1.500000,1.500000,1.500000,1.500000,1.500000,1.500000,1.500000,1.500000,1.500000,1.500000,1.500000,1.500000,1.410000,95.410000
711,1.500000,1.500000,1.500000,1.500000,1.500000,1.500000,1.410000,1.410000,1.410000,1.410000,1.410000,1.410000,1.410000,1.410000,1.410000,1.410000,1.410000,1.410000,1.320000,89.320000
712,1.500000,1.500000,1.500000,1.500000,1.410000,1.410000,1.410000,1.410000,1.410000,1.410000,1.410000,1.410000,1.410000,1.410000,1.410000,1.410000,1.410000,1.410000,1.320000,89.320000
713,1.500000,1.500000,1.500000,1.500000,1.500000,1.500000,1.500000,1.500000,1.500000,1.500000,1.500000,1.500000,1.500000,1.500000,1.500000,1.500000,1.500000,1.500000,1.500000,101.500000
714,1.500000,1.500000,1.500000,1.500000,1.410000,1.410000,1.410000,1.410000,1.410000,1.410000,1.410000,1.410000,1.410000,1.410000,1.410000,1.410000,1.410000,1.410000,1.410000,95.410000
715,1.500000,1.500000,1.500000,1.500000,1.500000,1.500000,1.500000,1.500000,1.500000,1.500000,1.500000,1.500000,1.500000,1.500000,1.410000,1.410000,1.410000,1.410000,1.410000,95.410000
716,1.500000,1.500000,1.500000,1.500000,1.500000,1.500000,1.500000,1.500000,1.500000,1.500000,1.500000,1.500000,1.500000,1.500000,1.500000,1.500000,1.500000,1.500000,1.500000,101.500000
717,1.500000,1.500000,1.500000,1.500000,1.500000,1.500000,1.500000,1.500000,1.500000,1.500000,1.500000,1.500000,1.500000,1.500000,1.500000,1.500000,1.500000,1.500000,1.500000,101.500000
718,1.500000,1.500000,1.500000,1.500000,1.500000,1.500000,1.500000,1.500000,1.500000,1.500000,1.500000,1.500000,1.410000,1.410000,1.410000,1.410000,1.410000,1.410000,1.410000,95.410000
719,1.500000,1.500000,1.500000,1.500000,1.500000,1.500000,1.500000,1.500000,1.500000,1.500000,1.500000,1.500000,1.500000,1.410000,1.410000,1.410000,1.410000,1.320000,1.320000,89.320000
720,1.500000,1.500000,1.500000,1.500000,1.500000,1.500000,1.500000,1.500000,1.500000,1.500000,1.500000,1.500000,1.500000,1.500000,1.500000,1.500000,1.500000,1.410000,1.410000,95.410000
721,1.410000,1.410000,1.410000,1.410000,1.410000,1.410000,1.410000,1.410000,1.410000,1.410000,1.410000,1.410000,1.410000,1.410000,1.410000,1.410000,1.320000,1.230000,1.230000,77.140000
722,1.500000,1.500000,1.500000,1.500000,1.500000,1.500000,1.500000,1.500000,1.500000,1.500000,1.500000,1.500000,1.500000,1.500000,1.500000,1.500000,1.500000,1.500000,1.500000,101.500000
723,1.500000,1.500000,1.500000,1.410000,1.410000,1.410000,1.410000,1.410000,1.410000,1.410000,1.410000,1.410000,1.410000,1.410000,1.410000,1.410000,1.410000,1.410000,1.410000,95.410000
724,1.500000,1.500000,1.500000,1.500000,1.410000,1.410000,1.410000,1.320000,1.320000,1.320000,1.320000,1.320000,1.320000,1.320000,1.320000,1.320000,1.320000,1.320000,1.320000,89.320000
725,1.500000,1.500000,1.500000,1.500000,1.500000,1.500000,1.500000,1.500000,1.500000,1.410000,1.410000,1.410000,1.410000,1.410000,1.320000,1.320000,1.320000,1.230000,1.230000,83.230000
726,1.500000,1.500000,1.500000,1.500000,1.500000,1.500000,1.500000,1.500000,1.500000,1.500000,1.500000,1.500000,1.500000,1.500000,1.500000,1.500000,1.500000,1.500000,1.500000,95.410000
727,1.500000,1.500000,1.500000,1.500000,1.500000,1.500000,1.500000,1.500000,1.500000,1.500000,1.500000,1.500000,1.500000,1.500000,1.410000,1.410000,1.320000,1.320000,1.320000,89.320000
728,1.500000,1.500000,1.500000,1.500000,1.500000,1.500000,1.500000,1.500000,1.500000,1.500000,1.500000,1.500000,1.500000,1.500000,1.410000,1.410000,1.410000,1.410000,1.320000,89.320000
729,1.500000,1.500000,1.500000,1.500000,1.500000,1.500000,1.500000,1.500000,1.500000,1.410000,1.410000,1.410000,1.320000,1.320000,1.320000,1.320000,1.320000,1.320000,1.320000,89.320000
730,1.500000,1.500000,1.500000,1.500000,1.500000,1.500000,1.500000,1.500000,1.500000,1.500000,1.500000,1.500000,1.500000,1.500000,1.500000,1.500000,1.500000,1.500000,1.500000,101.500000
731,1.500000,1.500000,1.500000,1.500000,1.500000,1.500000,1.500000,1.500000,1.500000,1.500000,1.500000,1.500000,1.500000,1.500000,1.500000,1.500000,1.500000,1.500000,1.500000,101.500000
732,1.500000,1.410000,1.320000,1.320000,1.320000,1.320000,1.320000,1.320000,1.320000,1.320000,1.320000,1.320000,1.320000,1.320000,1.320000,1.230000,1.230000,1.230000,1.230000,83.230000
733,1.500000,1.500000,1.500000,1.500000,1.500000,1.500000,1.500000,1.500000,1.500000,1.500000,1.500000,1.500000,1.500000,1.500000,1.500000,1.500000,1.500000,1.500000,1.500000,101.500000
734,1.500000,1.500000,1.500000,1.500000,1.500000,1.500000,1.500000,1.500000,1.500000,1.500000,1.500000,1.500000,1.500000,1.500000,1.500000,1.500000,1.500000,1.500000,1.500000,101.500000
735,1.500000,1.500000,1.500000,1.500000,1.500000,1.500000,1.500000,1.500000,1.500000,1.410000,1.410000,1.410000,1.410000,1.410000,1.320000,1.320000,1.320000,1.320000,1.320000,89.320000
736,1.500000,1.500000,1.410000,1.410000,1.410000,1.320000,1.320000,1.320000,1.230000,1.230000,1.230000,1.230000,1.230000,1.050000,1.050000,1.050000,1.050000,1.050000,1.050000,71.050000
737,1.500000,1.500000,1.500000,1.500000,1.500000,1.500000,1.500000,1.500000,1.500000,1.500000,1.500000,1.500000,1.500000,1.500000,1.500000,1.500000,1.500000,1.500000,1.500000,101.500000
738,1.500000,1.500000,1.500000,1.500000,1.500000,1.500000,1.410000,1.410000,1.410000,1.410000,1.410000,1.410000,1.410000,1.320000,1.320000,1.320000,1.320000,1.320000,1.320000,89.320000
739,1.500000,1.500000,1.500000,1.500000,1.500000,1.500000,1.500000,1.500000,1.500000,1.500000,1.500000,1.500000,1.500000,1.500000,1.500000,1.500000,1.500000,1.500000,1.500000,101.500000
740,1.500000,1.500000,1.410000,1.410000,1.320000,1.320000,1.320000,1.320000,1.320000,1.320000,1.320000,1.320000,1.230000,1.230000,1.230000,1.230000,1.230000,1.230000,1.230000,83.230000
741,1.500000,1.410000,1.410000,1.410000,1.410000,1.320000,1.230000,1.230000,1.230000,1.230000,1.230000,1.230000,1.230000,1.230000,1.230000,1.230000,1.230000,1.230000,1.230000,83.230000
742,1.500000,1.500000,1.500000,1.500000,1.500000,1.500000,1.500000,1.500000,1.500000,1.500000,1.500000,1.500000,1.500000,1.500000,1.500000,1.500000,1.410000,1.410000,1.410000,95.410000
743,1.500000,1.500000,1.500000,1.500000,1.500000,1.320000,1.320000,1.320000,1.230000,1.230000,1.230000,1.230000,1.230000,1.230000,1.230000,1.230000,1.230000,1.230000,1.230000,83.230000
744,1.500000,1.500000,1.500000,1.500000,1.500000,1.500000,1.500000,1.500000,1.500000,1.500000,1.410000,1.410000,1.410000,1.320000,1.320000,1.320000,1.320000,1.320000,1.320000,89.320000
745,1.500000,1.500000,1.500000,1.500000,1.500000,1.500000,1.500000,1.500000,1.500000,1.500000,1.500000,1.500000,1.500000,1.500000,1.500000,1.500000,1.500000,1.500000,1.500000,101.500000
746,1.500000,1.500000,1.500000,1.500000,1.500000,1.500000,1.500000,1.500000,1.500000,1.500000,1.500000,1.500000,1.500000,1.500000,1.500000,1.410000,1.410000,1.410000,1.410000,95.410000
747,1.500000,1.500000,1.500000,1.500000,1.500000,1.500000,1.500000,1.500000,1.500000,1.500000,1.500000,1.500000,1.500000,1.500000,1.500000,1.500000,1.500000,1.500000,1.500000,101.500000
748,1.500000,1.500000,1.500000,1.500000,1.500000,1.500000,1.500000,1.500000,1.500000,1.410000,1.410000,1.410000,1.410000,1.410000,1.410000,1.410000,1.410000,1.410000,1.410000,95.410000
749,1.500000,1.500000,1.500000,1.500000,1.500000,1.500000,1.500000,1.500000,1.500000,1.500000,1.500000,1.500000,1.500000,1.500000,1.500000,1.500000,1.500000,1.500000,1.500000,101.500000
750,1.500000,1.410000,1.410000,1.410000,1.410000,1.410000,1.410000,1.410000,1.320000,1.320000,1.320000,1.320000,1.320000,1.320000,1.320000,1.320000,1.320000,1.320000,1.320000,89.320000
751,1.500000,1.500000,1.500000,1.500000,1.500000,1.500000,1.410000,1.410000,1.410000,1.410000,1.410000,1.410000,1.410000,1.410000,1.410000,1.410000,1.410000,1.410000,1.410000,95.410000
752,1.500000,1.500000,1.500000,1.500000,1.500000,1.500000,1.410000,1.320000,1.320000,1.320000,1.320000,1.320000,1.320000,1.320000,1.320000,1.320000,1.320000,1.320000,1.320000,89.320000
753,1.500000,1.500000,1.500000,1.500000,1.500000,1.500000,1.410000,1.410000,1.410000,1.410000,1.410000,1.410000,1.410000,1.410000,1.410000,1.410000,1.410000,1.410000,1.320000,89.320000
754,1.500000,1.500000,1.410000,1.410000,1.320000,1.320000,1.320000,1.320000,1.320000,1.320000,1.320000,1.320000,1.320000,1.230000,1.230000,1.230000,1.140000,1.140000,1.140000,71.050000
755,1.500000,1.500000,1.500000,1.500000,1.500000,1.500000,1.500000,1.500000,1.500000,1.500000,1.500000,1.500000,1.500000,1.500000,1.500000,1.500000,1.410000,1.410000,1.410000,95.410000
756,1.500000,1.500000,1.500000,1.500000,1.500000,1.500000,1.500000,1.500000,1.500000,1.500000,1.500000,1.500000,1.500000,1.500000,1.500000,1.500000,1.500000,1.500000,1.500000,101.500000
757,1.500000,1.500000,1.500000,1.500000,1.500000,1.500000,1.500000,1.500000,1.410000,1.410000,1.410000,1.410000,1.320000,1.320000,1.320000,1.320000,1.320000,1.320000,1.320000,89.320000
758,1.410000,1.410000,1.410000,1.320000,1.320000,1.320000,1.320000,1.320000,1.320000,1.320000,1.230000,1.230000,1.230000,1.230000,1.230000,1.140000,1.140000,1.140000,1.140000,71.050000
759,1.500000,1.500000,1.410000,1.410000,1.320000,1.230000,1.230000,1.050000,0.960000,0.960000,0.960000,0.960000,0.960000,0.960000,0.960000,0.960000,0.870000,0.780000,0.780000,52.780000
760,1.320000,1.230000,1.230000,1.140000,1.050000,1.050000,0.960000,0.960000,0.960000,0.870000,0.870000,0.780000,0.780000,0.780000,0.780000,0.780000,0.780000,0.780000,0.690000,46.690000
761,1.500000,1.500000,1.500000,1.500000,1.500000,1.500000,1.500000,1.500000,1.500000,1.500000,1.500000,1.500000,1.500000,1.500000,1.500000,1.500000,1.500000,1.500000,1.500000,101.500000
762,1.500000,1.500000,1.500000,1.500000,1.500000,1.500000,1.500000,1.500000,1.500000,1.500000,1.500000,1.500000,1.500000,1.500000,1.500000,1.500000,1.500000,1.500000,1.500000,101.500000
763,1.500000,1.500000,1.500000,1.500000,1.500000,1.500000,1.500000,1.500000,1.500000,1.500000,1.500000,1.500000,1.500000,1.410000,1.410000,1.410000,1.410000,1.410000,1.410000,95.410000
764,1.500000,1.500000,1.500000,1.410000,1.410000,1.410000,1.410000,1.410000,1.410000,1.410000,1.410000,1.410000,1.410000,1.410000,1.410000,1.410000,1.410000,1.410000,1.410000,89.320000
765,1.500000,1.500000,1.500000,1.500000,1.410000,1.410000,1.410000,1.410000,1.410000,1.410000,1.410000,1.410000,1.410000,1.410000,1.410000,1.410000,1.410000,1.410000,1.410000,95.410000
766,1.500000,1.410000,1.410000,1.410000,1.410000,1.410000,1.410000,1.410000,1.410000,1.410000,1.410000,1.410000,1.410000,1.410000,1.410000,1.410000,1.410000,1.410000,1.410000,95.410000
767,1.410000,1.410000,1.410000,1.410000,1.410000,1.410000,1.410000,1.410000,1.410000,1.410000,1.410000,1.410000,1.410000,1.410000,1.410000,1.410000,1.410000,1.410000,1.410000,95.410000
768,1.500000,1.500000,1.500000,1.500000,1.500000,1.500000,1.500000,1.500000,1.500000,1.500000,1.500000,1.500000,1.410000,1.410000,1.410000,1.410000,1.410000,1.410000,1.410000,89.320000
769,1.500000,1.500000,1.500000,1.500000,1.500000,1.500000,1.500000,1.500000,1.500000,1.500000,1.500000,1.500000,1.410000,1.320000,1.320000,1.320000,1.320000,1.320000,1.320000,89.320000
770,1.500000,1.500000,1.500000,1.500000,1.500000,1.500000,1.500000,1.500000,1.500000,1.500000,1.410000,1.410000,1.410000,1.410000,1.410000,1.410000,1.410000,1.410000,1.410000,95.410000
771,1.500000,1.500000,1.410000,1.410000,1.410000,1.410000,1.410000,1.410000,1.410000,1.410000,1.410000,1.320000,1.320000,1.320000,1.320000,1.320000,1.320000,1.320000,1.320000,89.320000
772,1.500000,1.500000,1.500000,1.500000,1.410000,1.320000,1.320000,1.320000,1.320000,1.320000,1.320000,1.320000,1.320000,1.320000,1.320000,1.320000,1.320000,1.320000,1.320000,89.320000
773,1.500000,1.500000,1.500000,1.500000,1.500000,1.500000,1.500000,1.500000,1.500000,1.500000,1.500000,1.500000,1.500000,1.500000,1.500000,1.500000,1.500000,1.500000,1.500000,101.500000
774,1.500000,1.500000,1.500000,1.500000,1.500000,1.500000,1.500000,1.500000,1.500000,1.500000,1.500000,1.500000,1.500000,1.500000,1.500000,1.500000,1.500000,1.500000,1.500000,101.500000
775,1.500000,1.410000,1.410000,1.410000,1.230000,1.230000,1.230000,1.230000,1.230000,1.230000,1.230000,1.230000,1.230000,1.230000,1.230000,1.140000,1.140000,1.140000,1.140000,77.140000
776,1.500000,1.500000,1.500000,1.500000,1.500000,1.500000,1.500000,1.500000,1.500000,1.500000,1.500000,1.500000,1.500000,1.500000,1.500000,1.500000,1.500000,1.500000,1.500000,101.500000
777,1.500000,1.500000,1.500000,1.500000,1.500000,1.500000,1.500000,1.500000,1.500000,1.500000,1.500000,1.500000,1.500000,1.500000,1.500000,1.500000,1.500000,1.500000,1.500000,101.500000
778,1.410000,1.320000,1.320000,1.230000,1.230000,1.230000,1.230000,1.230000,1.230000,1.230000,1.230000,1.140000,1.140000,1.140000,1.140000,1.140000,1.140000,1.140000,1.140000,77.140000
779,1.500000,1.500000,1.500000,1.500000,1.500000,1.500000,1.500000,1.410000,1.320000,1.320000,1.320000,1.320000,1.320000,1.320000,1.320000,1.320000,1.320000,1.320000,1.320000,89.320000
780,1.500000,1.500000,1.500000,1.500000,1.500000,1.500000,1.500000,1.500000,1.500000,1.410000,1.410000,1.410000,1.410000,1.410000,1.410000,1.410000,1.410000,1.410000,1.320000,89.320000
781,1.500000,1.500000,1.500000,1.500000,1.500000,1.500000,1.500000,1.500000,1.500000,1.500000,1.500000,1.500000,1.500000,1.500000,1.500000,1.500000,1.500000,1.500000,1.500000,101.500000
782,1.500000,1.500000,1.500000,1.500000,1.500000,1.500000,1.500000,1.500000,1.500000,1.500000,1.410000,1.410000,1.410000,1.410000,1.410000,1.410000,1.410000,1.410000,1.410000,95.410000
783,1.500000,1.500000,1.500000,1.500000,1.500000,1.500000,1.500000,1.500000,1.500000,1.500000,1.500000,1.500000,1.500000,1.500000,1.410000,1.410000,1.410000,1.410000,1.410000,95.410000
784,1.500000,1.410000,1.410000,1.320000,1.320000,1.230000,1.230000,1.230000,1.230000,1.230000,1.230000,1.230000,1.230000,1.230000,1.230000,1.230000,1.230000,1.140000,1.140000,77.140000
785,1.500000,1.500000,1.500000,1.500000,1.500000,1.410000,1.410000,1.410000,1.320000,1.320000,1.320000,1.230000,1.230000,1.230000,1.230000,1.230000,1.140000,1.140000,1.140000,77.140000
786,1.500000,1.500000,1.500000,1.500000,1.500000,1.500000,1.500000,1.500000,1.410000,1.410000,1.410000,1.410000,1.410000,1.410000,1.320000,1.320000,1.320000,1.320000,1.320000,89.320000
787,1.320000,1.230000,1.230000,1.230000,1.230000,1.230000,1.230000,1.230000,1.230000,1.230000,1.140000,0.960000,0.960000,0.960000,0.960000,0.960000,0.960000,0.960000,0.960000,64.960000
788,1.500000,1.500000,1.500000,1.500000,1.410000,1.410000,1.410000,1.410000,1.410000,1.410000,1.410000,1.410000,1.410000,1.410000,1.410000,1.410000,1.410000,1.410000,1.410000,95.410000
789,1.500000,1.500000,1.500000,1.500000,1.500000,1.410000,1.410000,1.320000,1.320000,1.320000,1.320000,1.320000,1.320000,1.320000,1.320000,1.320000,1.320000,1.320000,1.320000,89.320000
790,1.500000,1.500000,1.500000,1.500000,1.500000,1.500000,1.500000,1.500000,1.500000,1.500000,1.500000,1.500000,1.500000,1.500000,1.500000,1.500000,1.500000,1.500000,1.410000,95.410000
791,1.500000,1.500000,1.500000,1.500000,1.500000,1.500000,1.500000,1.500000,1.500000,1.500000,1.500000,1.500000,1.500000,1.500000,1.500000,1.500000,1.500000,1.500000,1.500000,101.500000
792,1.500000,1.500000,1.500000,1.500000,1.500000,1.500000,1.500000,1.500000,1.500000,1.500000,1.500000,1.410000,1.410000,1.410000,1.410000,1.410000,1.410000,1.410000,1.410000,95.410000
793,1.500000,1.500000,1.500000,1.500000,1.500000,1.500000,1.500000,1.500000,1.500000,1.500000,1.500000,1.500000,1.500000,1.500000,1.500000,1.500000,1.500000,1.500000,1.410000,89.320000
794,1.500000,1.500000,1.500000,1.500000,1.500000,1.500000,1.500000,1.410000,1.410000,1.410000,1.410000,1.410000,1.410000,1.410000,1.410000,1.410000,1.410000,1.410000,1.410000,95.410000
795,1.500000,1.410000,1.410000,1.410000,1.410000,1.410000,1.410000,1.410000,1.410000,1.410000,1.410000,1.410000,1.410000,1.410000,1.410000,1.410000,1.410000,1.410000,1.410000,95.410000
796,1.500000,1.500000,1.500000,1.500000,1.500000,1.500000,1.500000,1.500000,1.410000,1.410000,1.410000,1.410000,1.410000,1.410000,1.410000,1.410000,1.410000,1.410000,1.410000,95.410000
797,1.410000,1.410000,1.410000,1.410000,1.410000,1.410000,1.410000,1.410000,1.410000,1.410000,1.410000,1.410000,1.410000,1.410000,1.410000,1.410000,1.410000,1.410000,1.410000,95.410000
798,1.500000,1.500000,1.500000,1.500000,1.500000,1.500000,1.500000,1.500000,1.500000,1.500000,1.500000,1.500000,1.500000,1.500000,1.500000,1.500000,1.500000,1.500000,1.500000,101.500000
799,1.500000,1.500000,1.500000,1.500000,1.500000,1.500000,1.500000,1.500000,1.500000,1.500000,1.500000,1.500000,1.500000,1.500000,1.500000,1.500000,1.500000,1.500000,1.500000,101.500000
800,1.500000,1.500000,1.500000,1.410000,1.410000,1.410000,1.410000,1.410000,1.410000,1.410000,1.410000,1.320000,1.320000,1.320000,1.230000,1.230000,1.230000,1.230000,1.230000,83.230000
801,1.500000,1.500000,1.500000,1.410000,1.410000,1.410000,1.410000,1.410000,1.410000,1.320000,1.320000,1.230000,1.230000,1.230000,1.230000,1.230000,1.050000,1.050000,1.050000,71.050000
802,1.500000,1.500000,1.500000,1.500000,1.500000,1.500000,1.410000,1.410000,1.320000,1.320000,1.320000,1.320000,1.320000,1.320000,1.230000,1.230000,1.230000,1.230000,1.140000,77.140000
803,1.500000,1.500000,1.500000,1.500000,1.500000,1.500000,1.500000,1.500000,1.500000,1.500000,1.500000,1.500000,1.500000,1.500000,1.500000,1.500000,1.500000,1.500000,1.410000,95.410000
804,1.500000,1.500000,1.500000,1.500000,1.500000,1.500000,1.500000,1.320000,1.320000,1.320000,1.230000,1.230000,1.230000,1.230000,1.230000,1.230000,1.230000,1.230000,1.230000,83.230000
805,1.500000,1.410000,1.320000,1.320000,1.320000,1.320000,1.320000,1.320000,1.320000,1.320000,1.320000,1.320000,1.320000,1.320000,1.320000,1.320000,1.320000,1.320000,1.320000,89.320000
806,1.500000,1.500000,1.500000,1.500000,1.500000,1.500000,1.500000,1.500000,1.500000,1.500000,1.500000,1.500000,1.500000,1.500000,1.500000,1.500000,1.500000,1.500000,1.500000,95.410000
807,1.500000,1.500000,1.500000,1.500000,1.500000,1.500000,1.500000,1.500000,1.500000,1.500000,1.500000,1.500000,1.500000,1.500000,1.500000,1.500000,1.500000,1.500000,1.500000,101.500000
808,1.500000,1.230000,1.140000,1.140000,1.140000,1.140000,1.140000,1.140000,1.140000,1.050000,0.960000,0.960000,0.960000,0.960000,0.960000,0.960000,0.960000,0.960000,0.960000,64.960000
809,1.500000,1.500000,1.500000,1.500000,1.500000,1.500000,1.500000,1.500000,1.500000,1.500000,1.500000,1.500000,1.500000,1.500000,1.500000,1.500000,1.500000,1.500000,1.500000,101.500000
810,1.500000,1.500000,1.500000,1.500000,1.500000,1.500000,1.500000,1.500000,1.500000,1.500000,1.500000,1.500000,1.500000,1.410000,1.410000,1.410000,1.410000,1.410000,1.410000,95.410000
811,1.500000,1.410000,1.230000,1.230000,1.140000,1.140000,1.140000,1.140000,1.140000,1.140000,1.140000,1.140000,1.140000,1.140000,1.140000,1.140000,1.050000,1.050000,0.960000,64.960000
812,1.500000,1.500000,1.500000,1.500000,1.500000,1.500000,1.500000,1.500000,1.500000,1.500000,1.500000,1.500000,1.500000,1.500000,1.500000,1.500000,1.500000,1.500000,1.500000,101.500000
813,1.500000,1.500000,1.500000,1.500000,1.500000,1.500000,1.500000,1.500000,1.500000,1.500000,1.500000,1.500000,1.500000,1.500000,1.500000,1.500000,1.500000,1.500000,1.500000,101.500000
814,1.500000,1.500000,1.410000,1.410000,1.410000,1.410000,1.410000,1.410000,1.410000,1.410000,1.410000,1.410000,1.410000,1.410000,1.320000,1.320000,1.320000,1.320000,1.320000,89.320000
815,1.500000,1.500000,1.500000,1.500000,1.500000,1.500000,1.500000,1.410000,1.410000,1.410000,1.410000,1.410000,1.410000,1.410000,1.410000,1.410000,1.410000,1.410000,1.410000,95.410000
816,1.410000,1.410000,1.410000,1.410000,1.410000,1.320000,1.320000,1.320000,1.320000,1.140000,1.140000,1.140000,1.140000,1.140000,1.140000,1.140000,1.050000,1.050000,1.050000,71.050000
817,1.500000,1.500000,1.500000,1.410000,1.410000,1.410000,1.410000,1.410000,1.410000,1.410000,1.410000,1.410000,1.410000,1.410000,1.410000,1.410000,1.410000,1.320000,1.320000,83.230000
818,1.500000,1.500000,1.500000,1.500000,1.500000,1.500000,1.500000,1.500000,1.500000,1.500000,1.500000,1.500000,1.500000,1.500000,1.500000,1.410000,1.410000,1.320000,1.320000,89.320000
819,1.500000,1.500000,1.500000,1.500000,1.500000,1.410000,1.410000,1.410000,1.410000,1.410000,1.320000,1.320000,1.320000,1.320000,1.320000,1.320000,1.320000,1.320000,1.320000,89.320000
820,1.500000,1.500000,1.500000,1.410000,1.410000,1.410000,1.410000,1.320000,1.320000,1.320000,1.320000,1.320000,1.320000,1.320000,1.320000,1.320000,1.320000,1.320000,1.320000,89.320000
821,1.500000,1.500000,1.500000,1.500000,1.500000,1.500000,1.410000,1.410000,1.410000,1.410000,1.410000,1.410000,1.410000,1.410000,1.410000,1.410000,1.410000,1.410000,1.410000,95.410000
822,1.500000,1.500000,1.500000,1.500000,1.500000,1.500000,1.500000,1.500000,1.500000,1.500000,1.500000,1.500000,1.500000,1.410000,1.320000,1.320000,1.320000,1.230000,1.230000,83.230000
823,1.410000,1.320000,1.320000,1.230000,1.230000,1.230000,1.140000,1.140000,1.140000,1.140000,1.140000,1.140000,1.140000,1.140000,1.140000,1.140000,1.140000,1.140000,1.140000,77.140000
824,1.500000,1.500000,1.500000,1.500000,1.500000,1.500000,1.500000,1.500000,1.500000,1.500000,1.500000,1.500000,1.500000,1.500000,1.500000,1.500000,1.500000,1.500000,1.500000,101.500000
825,1.500000,1.500000,1.500000,1.410000,1.410000,1.410000,1.410000,1.410000,1.410000,1.410000,1.410000,1.410000,1.410000,1.410000,1.320000,1.320000,1.320000,1.320000,1.320000,89.320000
826,1.500000,1.500000,1.500000,1.500000,1.500000,1.500000,1.500000,1.500000,1.500000,1.500000,1.500000,1.500000,1.500000,1.500000,1.500000,1.500000,1.500000,1.500000,1.500000,101.500000
827,1.500000,1.500000,1.500000,1.500000,1.500000,1.500000,1.500000,1.500000,1.500000,1.500000,1.500000,1.500000,1.500000,1.500000,1.500000,1.500000,1.500000,1.500000,1.410000,89.320000
828,1.500000,1.410000,1.410000,1.320000,1.320000,1.320000,1.320000,1.320000,1.320000,1.320000,1.320000,1.320000,1.320000,1.320000,1.230000,1.230000,1.230000,1.230000,1.140000,77.140000
829,1.500000,1.500000,1.500000,1.500000,1.500000,1.500000,1.500000,1.500000,1.500000,1.320000,1.320000,1.320000,1.320000,1.320000,1.320000,1.320000,1.320000,1.320000,1.320000,83.230000
830,1.500000,1.500000,1.500000,1.500000,1.500000,1.500000,1.500000,1.500000,1.500000,1.500000,1.500000,1.500000,1.500000,1.500000,1.500000,1.500000,1.500000,1.500000,1.500000,101.500000
831,1.410000,1.410000,1.410000,1.410000,1.410000,1.320000,1.320000,1.320000,1.320000,1.320000,1.230000,1.140000,1.050000,1.050000,1.050000,1.050000,1.050000,1.050000,1.050000,71.050000
832,1.500000,1.500000,1.500000,1.500000,1.500000,1.500000,1.500000,1.500000,1.500000,1.500000,1.500000,1.500000,1.500000,1.500000,1.500000,1.500000,1.500000,1.500000,1.500000,101.500000
833,1.500000,1.500000,1.500000,1.500000,1.500000,1.500000,1.500000,1.500000,1.410000,1.410000,1.410000,1.410000,1.410000,1.410000,1.410000,1.410000,1.410000,1.410000,1.410000,95.410000
834,1.500000,1.500000,1.500000,1.500000,1.500000,1.500000,1.500000,1.500000,1.500000,1.500000,1.500000,1.410000,1.410000,1.410000,1.320000,1.230000,1.230000,1.230000,1.230000,83.230000
835,1.500000,1.500000,1.500000,1.410000,1.410000,1.410000,1.410000,1.410000,1.320000,1.320000,1.320000,1.230000,1.230000,1.230000,1.230000,1.230000,1.140000,1.140000,1.140000,77.140000
836,1.500000,1.410000,1.410000,1.410000,1.410000,1.410000,1.410000,1.410000,1.410000,1.410000,1.410000,1.410000,1.410000,1.410000,1.410000,1.410000,1.410000,1.410000,1.410000,95.410000
837,1.500000,1.500000,1.500000,1.500000,1.500000,1.410000,1.410000,1.410000,1.410000,1.410000,1.410000,1.320000,1.320000,1.320000,1.320000,1.230000,1.230000,1.230000,1.230000,83.230000
838,1.500000,1.500000,1.500000,1.500000,1.410000,1.410000,1.410000,1.320000,1.320000,1.320000,1.320000,1.320000,1.320000,1.230000,1.230000,1.230000,1.230000,1.230000,1.230000,83.230000
839,1.500000,1.500000,1.500000,1.410000,1.320000,1.320000,1.320000,1.320000,1.320000,1.320000,1.320000,1.320000,1.320000,1.230000,1.230000,1.230000,1.230000,1.230000,1.230000,83.230000
840,1.500000,1.500000,1.500000,1.500000,1.410000,1.410000,1.410000,1.410000,1.410000,1.410000,1.410000,1.410000,1.410000,1.410000,1.410000,1.410000,1.410000,1.410000,1.410000,95.410000
841,1.500000,1.500000,1.500000,1.500000,1.410000,1.410000,1.410000,1.410000,1.410000,1.410000,1.410000,1.410000,1.410000,1.320000,1.320000,1.320000,1.320000,1.320000,1.320000,89.320000
842,1.500000,1.500000,1.500000,1.410000,1.410000,1.320000,1.320000,1.320000,1.320000,1.320000,1.320000,1.320000,1.320000,1.320000,1.320000,1.320000,1.320000,1.320000,1.320000,89.320000
843,1.500000,1.500000,1.410000,1.410000,1.410000,1.410000,1.410000,1.410000,1.410000,1.410000,1.410000,1.410000,1.410000,1.410000,1.410000,1.410000,1.410000,1.410000,1.410000,95.410000
844,1.500000,1.500000,1.410000,1.410000,1.410000,1.410000,1.320000,1.320000,1.320000,1.320000,1.320000,1.320000,1.320000,1.230000,1.230000,1.230000,1.230000,1.140000,1.140000,77.140000
845,1.500000,1.500000,1.410000,1.410000,1.410000,1.320000,1.320000,1.230000,1.230000,1.230000,1.230000,1.230000,1.230000,1.230000,1.230000,1.230000,1.230000,1.230000,1.230000,83.230000
846,1.500000,1.500000,1.500000,1.500000,1.410000,1.410000,1.410000,1.410000,1.410000,1.410000,1.410000,1.410000,1.410000,1.410000,1.410000,1.320000,1.320000,1.320000,1.320000,89.320000
847,1.500000,1.500000,1.500000,1.410000,1.410000,1.410000,1.410000,1.320000,1.320000,1.320000,1.320000,1.230000,1.230000,1.230000,1.230000,1.230000,1.230000,1.230000,1.230000,83.230000
848,1.500000,1.500000,1.500000,1.500000,1.500000,1.500000,1.500000,1.500000,1.500000,1.500000,1.500000,1.500000,1.500000,1.500000,1.500000,1.500000,1.500000,1.500000,1.500000,101.500000
849,1.500000,1.500000,1.500000,1.500000,1.500000,1.500000,1.500000,1.500000,1.500000,1.500000,1.500000,1.500000,1.500000,1.500000,1.500000,1.500000,1.500000,1.500000,1.500000,101.500000
850,1.410000,1.320000,1.140000,1.140000,0.960000,0.960000,0.960000,0.960000,0.960000,0.960000,0.960000,0.960000,0.870000,0.780000,0.780000,0.780000,0.780000,0.780000,0.780000,52.780000
851,1.500000,1.500000,1.500000,1.500000,1.500000,1.500000,1.500000,1.500000,1.500000,1.500000,1.500000,1.500000,1.500000,1.410000,1.410000,1.320000,1.320000,1.320000,1.230000,83.230000
852,1.500000,1.500000,1.500000,1.500000,1.500000,1.500000,1.500000,1.500000,1.500000,1.500000,1.500000,1.500000,1.500000,1.500000,1.500000,1.500000,1.500000,1.500000,1.500000,101.500000
853,1.410000,1.410000,1.410000,1.410000,1.410000,1.410000,1.410000,1.410000,1.410000,1.410000,1.410000,1.410000,1.410000,1.410000,1.410000,1.410000,1.410000,1.410000,1.410000,95.410000
854,1.500000,1.500000,1.500000,1.500000,1.500000,1.410000,1.410000,1.410000,1.410000,1.410000,1.410000,1.410000,1.410000,1.410000,1.410000,1.410000,1.410000,1.410000,1.410000,95.410000
855,1.500000,1.410000,1.410000,1.230000,1.230000,1.230000,1.230000,1.230000,1.230000,1.230000,1.230000,1.230000,1.230000,1.230000,1.230000,1.230000,1.230000,1.230000,1.230000,83.230000
856,1.410000,1.410000,1.410000,1.410000,1.410000,1.410000,1.410000,1.410000,1.410000,1.410000,1.320000,1.230000,1.230000,1.230000,1.230000,1.230000,1.230000,1.230000,1.230000,83.230000
857,1.500000,1.500000,1.410000,1.410000,1.410000,1.410000,1.410000,1.410000,1.410000,1.410000,1.410000,1.410000,1.410000,1.410000,1.410000,1.410000,1.410000,1.320000,1.320000,89.320000
858,1.500000,1.500000,1.500000,1.500000,1.500000,1.500000,1.500000,1.500000,1.500000,1.500000,1.500000,1.410000,1.410000,1.410000,1.410000,1.410000,1.410000,1.410000,1.410000,95.410000
859,1.500000,1.500000,1.500000,1.500000,1.500000,1.500000,1.500000,1.500000,1.500000,1.500000,1.500000,1.500000,1.500000,1.500000,1.500000,1.500000,1.500000,1.500000,1.320000,89.320000
860,1.500000,1.500000,1.500000,1.500000,1.500000,1.500000,1.500000,1.500000,1.500000,1.500000,1.500000,1.500000,1.500000,1.500000,1.500000,1.500000,1.500000,1.500000,1.500000,101.500000
861,1.500000,1.500000,1.500000,1.410000,1.410000,1.410000,1.410000,1.410000,1.410000,1.410000,1.410000,1.410000,1.410000,1.410000,1.410000,1.410000,1.410000,1.410000,1.410000,95.410000
862,1.500000,1.500000,1.500000,1.410000,1.410000,1.410000,1.410000,1.410000,1.320000,1.230000,1.230000,1.230000,1.230000,1.230000,1.230000,1.230000,1.230000,1.230000,1.230000,83.230000
863,1.500000,1.500000,1.500000,1.500000,1.500000,1.500000,1.500000,1.500000,1.500000,1.500000,1.500000,1.500000,1.500000,1.500000,1.500000,1.500000,1.500000,1.500000,1.500000,101.500000
864,1.500000,1.500000,1.410000,1.410000,1.410000,1.410000,1.410000,1.410000,1.410000,1.410000,1.410000,1.410000,1.410000,1.320000,1.320000,1.320000,1.320000,1.320000,1.320000,89.320000
865,1.500000,1.500000,1.500000,1.500000,1.500000,1.500000,1.500000,1.500000,1.500000,1.500000,1.500000,1.500000,1.500000,1.500000,1.500000,1.410000,1.410000,1.410000,1.410000,95.410000
866,1.500000,1.410000,1.410000,1.320000,1.320000,1.320000,1.320000,1.320000,1.320000,1.320000,1.320000,1.320000,1.320000,1.320000,1.320000,1.320000,1.320000,1.320000,1.320000,89.320000
867,1.500000,1.500000,1.500000,1.500000,1.500000,1.500000,1.500000,1.500000,1.500000,1.410000,1.410000,1.410000,1.410000,1.410000,1.410000,1.410000,1.410000,1.410000,1.410000,95.410000
868,1.500000,1.500000,1.500000,1.500000,1.500000,1.500000,1.500000,1.500000,1.500000,1.500000,1.500000,1.500000,1.500000,1.410000,1.410000,1.410000,1.410000,1.410000,1.410000,95.410000
869,1.500000,1.500000,1.410000,1.410000,1.410000,1.320000,1.320000,1.320000,1.320000,1.320000,1.320000,1.320000,1.320000,1.320000,1.320000,1.320000,1.230000,1.230000,1.230000,83.230000
870,1.500000,1.500000,1.500000,1.500000,1.500000,1.500000,1.500000,1.500000,1.500000,1.500000,1.500000,1.500000,1.500000,1.500000,1.500000,1.500000,1.500000,1.500000,1.500000,101.500000
871,1.500000,1.500000,1.500000,1.500000,1.500000,1.500000,1.500000,1.500000,1.500000,1.500000,1.500000,1.500000,1.500000,1.500000,1.500000,1.500000,1.500000,1.500000,1.500000,101.500000
872,1.500000,1.500000,1.500000,1.500000,1.500000,1.500000,1.500000,1.500000,1.500000,1.410000,1.410000,1.410000,1.410000,1.410000,1.410000,1.410000,1.410000,1.410000,1.410000,95.410000
873,1.500000,1.500000,1.500000,1.410000,1.410000,1.410000,1.410000,1.410000,1.410000,1.410000,1.320000,1.320000,1.320000,1.320000,1.320000,1.320000,1.320000,1.320000,1.320000,89.320000
874,1.500000,1.500000,1.500000,1.500000,1.500000,1.500000,1.500000,1.500000,1.320000,1.320000,1.320000,1.230000,1.230000,1.230000,1.230000,1.230000,1.230000,1.230000,1.230000,83.230000
875,1.320000,1.320000,1.320000,1.320000,1.320000,1.140000,1.140000,1.140000,1.140000,1.140000,1.050000,1.050000,1.050000,1.050000,1.050000,1.050000,1.050000,1.050000,1.050000,71.050000
876,1.500000,1.500000,1.500000,1.500000,1.500000,1.500000,1.500000,1.500000,1.500000,1.500000,1.500000,1.500000,1.500000,1.500000,1.500000,1.500000,1.500000,1.500000,1.500000,101.500000
877,1.500000,1.500000,1.500000,1.500000,1.500000,1.410000,1.410000,1.410000,1.410000,1.410000,1.320000,1.320000,1.320000,1.320000,1.320000,1.320000,1.320000,1.320000,1.320000,89.320000
878,1.320000,1.320000,1.320000,1.320000,1.320000,1.320000,1.320000,1.320000,1.320000,1.320000,1.320000,1.320000,1.320000,1.320000,1.320000,1.320000,1.320000,1.320000,1.320000,89.320000
879,1.500000,1.410000,1.410000,1.410000,1.410000,1.320000,1.320000,1.320000,1.320000,1.320000,1.320000,1.320000,1.320000,1.320000,1.320000,1.320000,1.320000,1.320000,1.320000,83.230000
880,1.500000,1.410000,1.320000,1.320000,1.320000,1.320000,1.320000,1.320000,1.320000,1.320000,1.320000,1.320000,1.320000,1.320000,1.320000,1.320000,1.320000,1.230000,1.230000,83.230000
881,1.500000,1.500000,1.500000,1.500000,1.410000,1.410000,1.410000,1.410000,1.410000,1.410000,1.410000,1.410000,1.410000,1.410000,1.410000,1.410000,1.410000,1.410000,1.410000,95.410000
882,1.500000,1.500000,1.500000,1.410000,1.410000,1.410000,1.410000,1.410000,1.410000,1.410000,1.410000,1.410000,1.410000,1.410000,1.410000,1.410000,1.410000,1.410000,1.410000,95.410000
883,1.500000,1.500000,1.500000,1.500000,1.500000,1.500000,1.500000,1.500000,1.500000,1.500000,1.500000,1.500000,1.500000,1.500000,1.500000,1.500000,1.500000,1.500000,1.500000,101.500000
884,1.500000,1.500000,1.500000,1.500000,1.500000,1.500000,1.410000,1.410000,1.410000,1.410000,1.410000,1.410000,1.410000,1.410000,1.410000,1.410000,1.410000,1.230000,1.230000,83.230000
885,1.500000,1.500000,1.500000,1.500000,1.500000,1.500000,1.500000,1.500000,1.500000,1.500000,1.500000,1.500000,1.500000,1.500000,1.410000,1.410000,1.410000,1.410000,1.410000,95.410000
886,1.410000,1.410000,1.410000,1.410000,1.410000,1.410000,1.410000,1.320000,1.320000,1.320000,1.320000,1.320000,1.320000,1.320000,1.320000,1.320000,1.230000,1.230000,1.230000,83.230000
887,1.500000,1.500000,1.500000,1.500000,1.500000,1.500000,1.500000,1.500000,1.500000,1.500000,1.500000,1.500000,1.500000,1.500000,1.500000,1.500000,1.500000,1.500000,1.500000,101.500000
888,1.500000,1.500000,1.500000,1.500000,1.500000,1.500000,1.500000,1.500000,1.500000,1.500000,1.500000,1.500000,1.500000,1.500000,1.500000,1.500000,1.500000,1.410000,1.410000,95.410000
889,1.500000,1.500000,1.500000,1.500000,1.500000,1.500000,1.410000,1.410000,1.410000,1.410000,1.410000,1.410000,1.410000,1.410000,1.410000,1.410000,1.320000,1.320000,1.320000,89.320000
890,1.410000,1.410000,1.410000,1.410000,1.410000,1.410000,1.410000,1.410000,1.320000,1.320000,1.320000,1.320000,1.320000,1.320000,1.230000,1.140000,1.140000,1.050000,1.050000,71.050000
891,1.500000,1.500000,1.500000,1.500000,1.500000,1.500000,1.500000,1.500000,1.500000,1.500000,1.500000,1.500000,1.500000,1.500000,1.500000,1.500000,1.500000,1.500000,1.500000,101.500000
892,1.500000,1.500000,1.500000,1.500000,1.500000,1.500000,1.500000,1.500000,1.500000,1.500000,1.500000,1.500000,1.500000,1.500000,1.500000,1.500000,1.500000,1.500000,1.500000,101.500000
893,1.500000,1.500000,1.500000,1.500000,1.500000,1.500000,1.500000,1.500000,1.500000,1.500000,1.500000,1.500000,1.500000,1.500000,1.500000,1.500000,1.500000,1.500000,1.500000,101.500000
894,1.500000,1.500000,1.500000,1.500000,1.320000,1.320000,1.320000,1.320000,1.320000,1.320000,1.320000,1.320000,1.320000,1.320000,1.230000,1.230000,1.230000,1.230000,1.230000,83.230000
895,1.500000,1.500000,1.500000,1.500000,1.500000,1.500000,1.500000,1.500000,1.500000,1.500000,1.500000,1.410000,1.410000,1.410000,1.410000,1.320000,1.230000,1.230000,1.230000,83.230000
896,1.500000,1.500000,1.500000,1.500000,1.500000,1.500000,1.500000,1.500000,1.500000,1.500000,1.500000,1.500000,1.500000,1.500000,1.500000,1.500000,1.500000,1.500000,1.500000,101.500000
897,1.410000,1.410000,1.410000,1.410000,1.410000,1.410000,1.410000,1.410000,1.410000,1.410000,1.410000,1.410000,1.410000,1.410000,1.410000,1.410000,1.410000,1.410000,1.410000,95.410000
898,1.410000,1.320000,1.320000,1.320000,1.320000,1.320000,1.320000,1.320000,1.320000,1.320000,1.320000,1.320000,1.320000,1.320000,1.320000,1.320000,1.320000,1.320000,1.320000,89.320000
899,1.410000,1.410000,1.410000,1.320000,1.320000,1.230000,1.230000,1.230000,1.230000,1.140000,1.140000,1.140000,1.140000,1.050000,1.050000,0.960000,0.960000,0.870000,0.870000,58.870000
900,1.500000,1.500000,1.500000,1.500000,1.410000,1.410000,1.410000,1.410000,1.320000,1.320000,1.320000,1.320000,1.230000,1.230000,1.230000,1.230000,1.140000,1.140000,1.140000,77.140000
901,1.500000,1.500000,1.410000,1.410000,1.410000,1.410000,1.410000,1.410000,1.410000,1.410000,1.410000,1.410000,1.410000,1.410000,1.410000,1.410000,1.410000,1.410000,1.410000,95.410000
902,1.500000,1.500000,1.410000,1.410000,1.410000,1.410000,1.410000,1.320000,1.320000,1.320000,1.320000,1.320000,1.320000,1.320000,1.320000,1.230000,1.230000,1.230000,1.230000,83.230000
903,1.500000,1.500000,1.500000,1.500000,1.500000,1.500000,1.500000,1.500000,1.500000,1.500000,1.500000,1.500000,1.500000,1.500000,1.500000,1.500000,1.500000,1.500000,1.500000,101.500000
904,1.500000,1.410000,1.410000,1.410000,1.410000,1.410000,1.410000,1.410000,1.410000,1.410000,1.410000,1.410000,1.410000,1.410000,1.410000,1.410000,1.320000,1.230000,1.230000,83.230000
905,1.500000,1.500000,1.500000,1.500000,1.500000,1.500000,1.500000,1.500000,1.500000,1.500000,1.500000,1.500000,1.500000,1.500000,1.500000,1.500000,1.500000,1.500000,1.500000,101.500000
906,1.500000,1.500000,1.500000,1.500000,1.500000,1.410000,1.410000,1.410000,1.410000,1.410000,1.410000,1.410000,1.410000,1.410000,1.410000,1.320000,1.320000,1.320000,1.230000,83.230000
907,1.500000,1.410000,1.410000,1.410000,1.410000,1.410000,1.410000,1.410000,1.410000,1.410000,1.320000,1.320000,1.320000,1.320000,1.320000,1.230000,1.230000,1.230000,1.230000,83.230000
908,1.500000,1.500000,1.500000,1.500000,1.500000,1.410000,1.410000,1.410000,1.320000,1.320000,1.320000,1.320000,1.320000,1.320000,1.230000,1.230000,1.230000,1.230000,1.230000,83.230000
909,1.410000,1.410000,1.410000,1.410000,1.410000,1.410000,1.410000,1.410000,1.410000,1.410000,1.410000,1.410000,1.410000,1.410000,1.410000,1.410000,1.410000,1.410000,1.410000,89.320000
910,1.500000,1.500000,1.500000,1.500000,1.500000,1.500000,1.500000,1.500000,1.500000,1.500000,1.500000,1.500000,1.500000,1.500000,1.500000,1.500000,1.500000,1.500000,1.500000,101.500000
911,1.500000,1.500000,1.500000,1.500000,1.500000,1.500000,1.500000,1.500000,1.500000,1.500000,1.500000,1.500000,1.500000,1.410000,1.410000,1.410000,1.320000,1.230000,1.140000,77.140000
912,1.500000,1.500000,1.500000,1.500000,1.500000,1.500000,1.500000,1.500000,1.410000,1.410000,1.410000,1.410000,1.410000,1.320000,1.320000,1.320000,1.320000,1.320000,1.320000,89.320000
913,1.500000,1.500000,1.500000,1.500000,1.500000,1.500000,1.500000,1.500000,1.500000,1.500000,1.500000,1.410000,1.410000,1.410000,1.410000,1.410000,1.410000,1.410000,1.410000,95.410000
914,1.500000,1.500000,1.500000,1.410000,1.410000,1.410000,1.410000,1.410000,1.410000,1.410000,1.410000,1.410000,1.320000,1.320000,1.320000,1.320000,1.320000,1.320000,1.320000,89.320000
915,1.500000,1.500000,1.500000,1.500000,1.500000,1.500000,1.500000,1.500000,1.500000,1.500000,1.500000,1.500000,1.500000,1.500000,1.500000,1.500000,1.500000,1.500000,1.500000,101.500000
916,1.500000,1.500000,1.500000,1.500000,1.500000,1.500000,1.500000,1.500000,1.500000,1.500000,1.500000,1.500000,1.500000,1.500000,1.410000,1.410000,1.410000,1.410000,1.410000,95.410000
917,1.500000,1.410000,1.410000,1.410000,1.410000,1.410000,1.410000,1.410000,1.410000,1.410000,1.320000,1.320000,1.320000,1.320000,1.320000,1.230000,1.230000,1.230000,1.140000,77.140000
918,1.500000,1.500000,1.500000,1.500000,1.500000,1.500000,1.500000,1.500000,1.500000,1.500000,1.500000,1.500000,1.500000,1.500000,1.500000,1.500000,1.500000,1.500000,1.500000,101.500000
919,1.500000,1.500000,1.500000,1.500000,1.500000,1.500000,1.500000,1.500000,1.410000,1.410000,1.410000,1.410000,1.410000,1.410000,1.410000,1.410000,1.410000,1.410000,1.410000,95.410000
920,1.500000,1.500000,1.500000,1.500000,1.500000,1.500000,1.500000,1.500000,1.500000,1.500000,1.500000,1.500000,1.500000,1.500000,1.500000,1.500000,1.500000,1.500000,1.500000,101.500000
921,1.500000,1.500000,1.500000,1.500000,1.500000,1.500000,1.500000,1.500000,1.500000,1.500000,1.500000,1.500000,1.500000,1.500000,1.500000,1.500000,1.500000,1.500000,1.500000,101.500000
922,1.500000,1.500000,1.500000,1.500000,1.500000,1.500000,1.500000,1.500000,1.500000,1.500000,1.410000,1.410000,1.410000,1.410000,1.410000,1.410000,1.410000,1.410000,1.410000,95.410000
923,1.500000,1.500000,1.500000,1.500000,1.500000,1.500000,1.500000,1.500000,1.410000,1.410000,1.410000,1.410000,1.410000,1.410000,1.410000,1.320000,1.320000,1.320000,1.320000,89.320000
924,1.500000,1.500000,1.500000,1.500000,1.500000,1.500000,1.500000,1.500000,1.500000,1.500000,1.500000,1.500000,1.500000,1.500000,1.500000,1.500000,1.500000,1.500000,1.500000,101.500000
925,1.500000,1.500000,1.500000,1.500000,1.500000,1.500000,1.500000,1.500000,1.500000,1.500000,1.500000,1.500000,1.500000,1.500000,1.500000,1.500000,1.500000,1.500000,1.500000,101.500000
926,1.500000,1.500000,1.500000,1.500000,1.500000,1.500000,1.500000,1.500000,1.500000,1.500000,1.500000,1.500000,1.500000,1.500000,1.500000,1.500000,1.500000,1.500000,1.500000,101.500000
927,1.410000,1.410000,1.410000,1.320000,1.320000,1.320000,1.320000,1.320000,1.320000,1.320000,1.320000,1.320000,1.320000,1.320000,1.320000,1.320000,1.320000,1.320000,1.320000,89.320000
928,1.500000,1.500000,1.500000,1.500000,1.500000,1.500000,1.500000,1.500000,1.500000,1.410000,1.410000,1.410000,1.410000,1.410000,1.410000,1.410000,1.410000,1.320000,1.230000,83.230000
929,1.500000,1.500000,1.500000,1.500000,1.500000,1.500000,1.500000,1.500000,1.500000,1.500000,1.500000,1.500000,1.500000,1.500000,1.500000,1.500000,1.410000,1.410000,1.410000,95.410000
930,1.500000,1.500000,1.500000,1.410000,1.410000,1.410000,1.410000,1.410000,1.410000,1.410000,1.410000,1.320000,1.320000,1.320000,1.320000,1.320000,1.320000,1.320000,1.320000,89.320000
931,1.500000,1.500000,1.500000,1.500000,1.500000,1.500000,1.500000,1.500000,1.500000,1.500000,1.500000,1.500000,1.500000,1.500000,1.500000,1.500000,1.500000,1.500000,1.500000,101.500000
932,1.500000,1.500000,1.500000,1.500000,1.500000,1.410000,1.410000,1.410000,1.410000,1.410000,1.410000,1.410000,1.410000,1.410000,1.410000,1.410000,1.410000,1.410000,1.410000,95.410000
933,1.500000,1.500000,1.500000,1.500000,1.500000,1.500000,1.410000,1.410000,1.410000,1.410000,1.410000,1.410000,1.410000,1.410000,1.410000,1.410000,1.410000,1.410000,1.410000,95.410000
934,1.500000,1.500000,1.500000,1.500000,1.500000,1.500000,1.500000,1.500000,1.500000,1.500000,1.500000,1.500000,1.500000,1.500000,1.410000,1.410000,1.410000,1.410000,1.410000,95.410000
935,1.500000,1.500000,1.500000,1.500000,1.500000,1.500000,1.500000,1.500000,1.500000,1.500000,1.500000,1.500000,1.410000,1.410000,1.410000,1.410000,1.410000,1.410000,1.410000,89.320000
936,1.500000,1.500000,1.500000,1.500000,1.500000,1.500000,1.500000,1.500000,1.500000,1.500000,1.500000,1.500000,1.500000,1.500000,1.500000,1.500000,1.500000,1.500000,1.500000,101.500000
937,1.500000,1.500000,1.500000,1.500000,1.410000,1.320000,1.320000,1.320000,1.320000,1.320000,1.320000,1.320000,1.320000,1.320000,1.320000,1.320000,1.320000,1.320000,1.320000,89.320000
938,1.500000,1.500000,1.410000,1.320000,1.320000,1.320000,1.320000,1.320000,1.320000,1.320000,1.320000,1.320000,1.320000,1.320000,1.230000,1.230000,1.230000,1.230000,1.230000,83.230000
939,1.500000,1.500000,1.500000,1.500000,1.500000,1.500000,1.500000,1.500000,1.500000,1.500000,1.500000,1.500000,1.500000,1.500000,1.500000,1.500000,1.500000,1.500000,1.500000,101.500000
940,1.500000,1.500000,1.500000,1.410000,1.410000,1.410000,1.410000,1.410000,1.410000,1.410000,1.410000,1.410000,1.410000,1.410000,1.410000,1.410000,1.410000,1.410000,1.410000,95.410000
941,1.410000,1.410000,1.320000,1.320000,1.320000,1.320000,1.320000,1.320000,1.320000,1.320000,1.320000,1.320000,1.320000,1.320000,1.320000,1.320000,1.320000,1.320000,1.320000,89.320000
942,1.500000,1.500000,1.500000,1.500000,1.500000,1.500000,1.500000,1.500000,1.500000,1.500000,1.500000,1.500000,1.500000,1.500000,1.500000,1.500000,1.500000,1.500000,1.500000,101.500000
943,1.410000,1.410000,1.410000,1.320000,1.320000,1.320000,1.320000,1.320000,1.320000,1.320000,1.320000,1.320000,1.320000,1.320000,1.320000,1.320000,1.320000,1.320000,1.320000,89.320000
944,1.500000,1.500000,1.410000,1.410000,1.410000,1.410000,1.410000,1.410000,1.410000,1.410000,1.410000,1.410000,1.410000,1.410000,1.410000,1.410000,1.410000,1.410000,1.410000,95.410000
945,1.500000,1.500000,1.500000,1.500000,1.500000,1.500000,1.500000,1.500000,1.500000,1.500000,1.500000,1.500000,1.500000,1.500000,1.500000,1.500000,1.500000,1.500000,1.500000,101.500000
946,1.410000,1.410000,1.410000,1.410000,1.410000,1.410000,1.410000,1.410000,1.410000,1.410000,1.320000,1.320000,1.320000,1.320000,1.320000,1.320000,1.320000,1.320000,1.320000,89.320000
947,1.410000,1.410000,1.410000,1.320000,1.230000,1.230000,1.230000,1.230000,1.140000,1.140000,1.140000,1.140000,1.140000,1.140000,1.140000,1.140000,1.050000,1.050000,1.050000,71.050000
948,1.500000,1.500000,1.500000,1.500000,1.500000,1.500000,1.500000,1.500000,1.500000,1.500000,1.500000,1.410000,1.410000,1.410000,1.410000,1.410000,1.410000,1.320000,1.320000,89.320000
949,1.500000,1.500000,1.500000,1.410000,1.410000,1.410000,1.410000,1.410000,1.410000,1.410000,1.410000,1.410000,1.410000,1.410000,1.410000,1.410000,1.410000,1.410000,1.410000,95.410000
950,1.500000,1.500000,1.500000,1.500000,1.500000,1.500000,1.500000,1.500000,1.410000,1.410000,1.410000,1.410000,1.320000,1.320000,1.320000,1.320000,1.320000,1.320000,1.320000,83.230000
951,1.500000,1.500000,1.500000,1.500000,1.500000,1.500000,1.500000,1.500000,1.500000,1.500000,1.500000,1.410000,1.320000,1.320000,1.320000,1.320000,1.320000,1.320000,1.320000,83.230000
952,1.500000,1.500000,1.500000,1.500000,1.500000,1.500000,1.500000,1.500000,1.500000,1.500000,1.500000,1.500000,1.500000,1.500000,1.500000,1.500000,1.500000,1.500000,1.500000,101.500000
953,1.410000,1.410000,1.410000,1.410000,1.410000,1.410000,1.410000,1.410000,1.410000,1.320000,1.320000,1.230000,1.230000,1.230000,1.230000,1.230000,1.140000,1.140000,1.140000,77.140000
954,1.500000,1.500000,1.500000,1.500000,1.500000,1.500000,1.500000,1.500000,1.500000,1.500000,1.500000,1.500000,1.500000,1.500000,1.500000,1.500000,1.500000,1.500000,1.500000,101.500000
955,1.500000,1.500000,1.500000,1.500000,1.500000,1.500000,1.500000,1.500000,1.500000,1.500000,1.410000,1.410000,1.410000,1.410000,1.410000,1.410000,1.410000,1.410000,1.410000,95.410000
956,1.500000,1.500000,1.500000,1.500000,1.500000,1.500000,1.500000,1.500000,1.500000,1.500000,1.500000,1.500000,1.500000,1.410000,1.410000,1.410000,1.320000,1.320000,1.320000,89.320000
957,1.500000,1.500000,1.500000,1.500000,1.500000,1.410000,1.410000,1.410000,1.410000,1.410000,1.410000,1.410000,1.410000,1.410000,1.320000,1.320000,1.230000,1.230000,1.230000,83.230000
958,1.500000,1.500000,1.320000,1.320000,1.320000,1.320000,1.230000,1.230000,1.230000,1.230000,1.230000,1.230000,1.230000,1.230000,1.230000,1.230000,1.230000,1.230000,1.230000,83.230000
959,1.500000,1.410000,1.410000,1.410000,1.410000,1.410000,1.320000,1.320000,1.320000,1.320000,1.320000,1.320000,1.230000,1.230000,1.230000,1.230000,1.230000,1.140000,1.050000,71.050000
960,1.500000,1.500000,1.500000,1.500000,1.500000,1.410000,1.410000,1.410000,1.410000,1.410000,1.320000,1.320000,1.320000,1.320000,1.140000,1.140000,1.050000,1.050000,1.050000,71.050000
961,1.500000,1.500000,1.500000,1.500000,1.500000,1.500000,1.500000,1.500000,1.500000,1.500000,1.500000,1.500000,1.500000,1.500000,1.500000,1.500000,1.500000,1.500000,1.500000,101.500000
962,1.500000,1.500000,1.500000,1.500000,1.500000,1.500000,1.500000,1.500000,1.500000,1.500000,1.500000,1.500000,1.500000,1.500000,1.500000,1.500000,1.500000,1.500000,1.500000,101.500000
963,1.410000,1.410000,1.410000,1.410000,1.410000,1.410000,1.410000,1.410000,1.410000,1.410000,1.410000,1.410000,1.410000,1.410000,1.410000,1.410000,1.410000,1.410000,1.410000,95.410000
964,1.500000,1.500000,1.500000,1.500000,1.500000,1.500000,1.500000,1.500000,1.500000,1.500000,1.500000,1.500000,1.500000,1.500000,1.500000,1.410000,1.410000,1.410000,1.410000,95.410000
965,1.500000,1.500000,1.500000,1.500000,1.500000,1.500000,1.500000,1.500000,1.410000,1.320000,1.320000,1.320000,1.320000,1.230000,1.230000,1.230000,1.230000,1.230000,1.230000,83.230000
966,1.500000,1.500000,1.500000,1.500000,1.500000,1.500000,1.500000,1.500000,1.500000,1.500000,1.500000,1.500000,1.500000,1.410000,1.410000,1.410000,1.410000,1.410000,1.410000,95.410000
967,1.500000,1.500000,1.500000,1.500000,1.500000,1.500000,1.500000,1.500000,1.500000,1.500000,1.500000,1.500000,1.500000,1.500000,1.410000,1.410000,1.410000,1.410000,1.410000,95.410000
968,1.410000,1.410000,1.410000,1.410000,1.410000,1.410000,1.410000,1.410000,1.410000,1.410000,1.410000,1.410000,1.410000,1.410000,1.410000,1.410000,1.320000,1.320000,1.320000,89.320000
969,1.500000,1.500000,1.500000,1.500000,1.500000,1.500000,1.500000,1.500000,1.500000,1.410000,1.410000,1.410000,1.320000,1.320000,1.320000,1.320000,1.320000,1.320000,1.320000,89.320000
970,1.500000,1.500000,1.500000,1.500000,1.500000,1.500000,1.500000,1.500000,1.500000,1.500000,1.500000,1.500000,1.500000,1.500000,1.500000,1.500000,1.500000,1.500000,1.500000,101.500000
971,1.500000,1.500000,1.500000,1.500000,1.500000,1.410000,1.410000,1.410000,1.410000,1.410000,1.410000,1.410000,1.410000,1.410000,1.410000,1.410000,1.410000,1.410000,1.410000,95.410000
972,1.500000,1.500000,1.500000,1.500000,1.500000,1.500000,1.500000,1.500000,1.500000,1.500000,1.500000,1.500000,1.500000,1.500000,1.500000,1.500000,1.410000,1.410000,1.410000,95.410000
973,1.500000,1.500000,1.500000,1.410000,1.410000,1.410000,1.410000,1.410000,1.410000,1.410000,1.410000,1.410000,1.410000,1.410000,1.410000,1.320000,1.320000,1.320000,1.230000,83.230000
974,1.500000,1.410000,1.410000,1.320000,1.320000,1.230000,1.230000,1.230000,1.230000,1.230000,1.230000,1.230000,1.230000,1.230000,1.230000,1.230000,1.140000,1.140000,1.140000,77.140000
975,1.500000,1.500000,1.500000,1.500000,1.500000,1.500000,1.500000,1.500000,1.500000,1.500000,1.500000,1.500000,1.500000,1.500000,1.500000,1.500000,1.500000,1.500000,1.500000,101.500000
976,1.500000,1.500000,1.500000,1.500000,1.500000,1.500000,1.500000,1.500000,1.500000,1.500000,1.500000,1.500000,1.500000,1.500000,1.410000,1.410000,1.320000,1.320000,1.320000,89.320000
977,1.500000,1.500000,1.500000,1.500000,1.500000,1.500000,1.500000,1.500000,1.500000,1.500000,1.500000,1.500000,1.500000,1.500000,1.500000,1.500000,1.500000,1.500000,1.500000,101.500000
978,1.500000,1.500000,1.500000,1.500000,1.500000,1.500000,1.500000,1.500000,1.500000,1.500000,1.500000,1.500000,1.500000,1.500000,1.500000,1.500000,1.500000,1.500000,1.500000,101.500000
979,1.500000,1.500000,1.500000,1.500000,1.500000,1.500000,1.500000,1.500000,1.500000,1.500000,1.500000,1.500000,1.500000,1.500000,1.500000,1.500000,1.500000,1.500000,1.500000,101.500000
980,1.500000,1.500000,1.500000,1.500000,1.500000,1.500000,1.500000,1.500000,1.500000,1.410000,1.410000,1.410000,1.410000,1.410000,1.410000,1.410000,1.410000,1.410000,1.410000,95.410000
981,1.500000,1.500000,1.500000,1.500000,1.500000,1.500000,1.500000,1.500000,1.500000,1.500000,1.500000,1.500000,1.500000,1.500000,1.500000,1.500000,1.500000,1.500000,1.500000,101.500000
982,1.500000,1.500000,1.410000,1.410000,1.410000,1.410000,1.410000,1.410000,1.410000,1.410000,1.410000,1.320000,1.320000,1.320000,1.320000,1.320000,1.320000,1.320000,1.320000,89.320000
983,1.500000,1.500000,1.500000,1.500000,1.500000,1.500000,1.500000,1.500000,1.500000,1.500000,1.500000,1.500000,1.500000,1.500000,1.500000,1.500000,1.410000,1.410000,1.410000,95.410000
984,1.500000,1.410000,1.410000,1.410000,1.410000,1.410000,1.410000,1.410000,1.410000,1.410000,1.410000,1.320000,1.320000,1.320000,1.320000,1.320000,1.320000,1.320000,1.320000,89.320000
985,1.500000,1.500000,1.500000,1.500000,1.500000,1.500000,1.500000,1.500000,1.410000,1.320000,1.320000,1.320000,1.320000,1.320000,1.320000,1.320000,1.320000,1.320000,1.320000,89.320000
986,1.410000,1.320000,1.320000,1.320000,1.320000,1.320000,1.320000,1.320000,1.320000,1.320000,1.320000,1.320000,1.230000,1.230000,1.230000,1.230000,1.140000,1.050000,1.050000,71.050000
987,1.500000,1.500000,1.410000,1.410000,1.320000,1.320000,1.320000,1.230000,1.140000,1.140000,1.140000,1.140000,1.140000,1.140000,1.050000,1.050000,1.050000,1.050000,1.050000,71.050000
988,1.500000,1.410000,1.320000,1.320000,1.320000,1.230000,1.230000,1.230000,1.230000,1.230000,1.140000,1.140000,1.140000,1.140000,1.140000,1.050000,1.050000,1.050000,1.050000,71.050000
989,1.500000,1.500000,1.410000,1.410000,1.410000,1.410000,1.410000,1.410000,1.410000,1.410000,1.410000,1.410000,1.320000,1.320000,1.320000,1.320000,1.320000,1.320000,1.320000,89.320000
990,1.500000,1.500000,1.500000,1.500000,1.500000,1.500000,1.500000,1.500000,1.500000,1.500000,1.500000,1.500000,1.410000,1.410000,1.320000,1.320000,1.320000,1.320000,1.320000,83.230000
991,1.500000,1.500000,1.500000,1.500000,1.500000,1.500000,1.410000,1.410000,1.410000,1.410000,1.320000,1.320000,1.320000,1.320000,1.320000,1.320000,1.320000,1.320000,1.230000,83.230000
992,1.410000,1.410000,1.410000,1.410000,1.410000,1.410000,1.410000,1.410000,1.320000,1.320000,1.320000,1.230000,1.230000,1.230000,1.140000,1.140000,1.140000,1.140000,1.050000,71.050000
993,1.500000,1.500000,1.500000,1.500000,1.500000,1.500000,1.500000,1.500000,1.500000,1.500000,1.410000,1.410000,1.410000,1.410000,1.410000,1.410000,1.410000,1.410000,1.410000,95.410000
994,1.500000,1.500000,1.500000,1.500000,1.500000,1.500000,1.500000,1.500000,1.500000,1.500000,1.500000,1.500000,1.500000,1.500000,1.500000,1.410000,1.410000,1.410000,1.410000,95.410000
995,1.500000,1.500000,1.500000,1.500000,1.500000,1.500000,1.500000,1.500000,1.410000,1.410000,1.410000,1.410000,1.410000,1.410000,1.320000,1.320000,1.320000,1.320000,1.320000,89.320000
996,1.500000,1.500000,1.500000,1.500000,1.500000,1.410000,1.410000,1.410000,1.320000,1.320000,1.320000,1.320000,1.320000,1.230000,1.230000,1.140000,1.140000,1.140000,1.140000,77.140000
997,1.500000,1.500000,1.500000,1.500000,1.500000,1.500000,1.500000,1.500000,1.500000,1.500000,1.500000,1.500000,1.500000,1.410000,1.410000,1.410000,1.410000,1.410000,1.410000,95.410000
998,1.410000,1.410000,1.410000,1.410000,1.410000,1.410000,1.410000,1.410000,1.410000,1.410000,1.410000,1.320000,1.320000,1.320000,1.320000,1.320000,1.320000,1.320000,1.320000,89.320000
999,1.500000,1.500000,1.500000,1.500000,1.500000,1.500000,1.500000,1.500000,1.500000,1.500000,1.500000,1.500000,1.500000,1.500000,1.500000,1.500000,1.500000,1.500000,1.500000,95.410000
1000,1.500000,1.500000,1.500000,1.500000,1.500000,1.500000,1.500000,1.500000,1.500000,1.500000,1.500000,1.500000,1.500000,1.500000,1.500000,1.500000,1.500000,1.500000,1.410000,95.410000
